2026-08-07 10:17:31,613 INFO    robot.interfaces.simulator [MainThread] viser_app.py:197 | 已加载机器人 E1-PRO：/home/liv/zerithWorkSpace/code/e1pro/e1_pro_full/marvin6/urdf/E1-PRO_EVT2.0_V12_260730.urdf
2026-08-07 10:17:31,613 INFO    robot.interfaces.simulator [MainThread] viser_app.py:198 | 轨迹速度规划后端：analytic double-S
2026-08-07 10:17:31,613 INFO    robot.interfaces.simulator [MainThread] viser_app.py:199 | 示教器通信接口：http://127.0.0.1:8765
2026-08-07 11:55:26,910 INFO    robot.interfaces.simulator [MainThread] viser_app.py:197 | 已加载机器人 E1-PRO：/home/liv/zerithWorkSpace/code/e1pro/e1_pro_full/marvin6/urdf/E1-PRO_EVT2.0_V12_260730.urdf
2026-08-07 11:55:26,910 INFO    robot.interfaces.simulator [MainThread] viser_app.py:198 | 轨迹速度规划后端：analytic double-S
2026-08-07 11:55:26,910 INFO    robot.interfaces.simulator [MainThread] viser_app.py:199 | 示教器通信接口：http://127.0.0.1:8765
2026-08-07 11:56:20,616 INFO    robot.application.urdf_library [Thread-207 (process_request_thread)] urdf_library.py:128 | 已选择 URDF：/home/liv/zerithWorkSpace/code/e1pro/e1_pro_full/marvin6/urdf/E1-PRO_EVT2.0_V12_260730.urdf
2026-08-07 11:56:22,848 INFO    robot.interfaces.simulator [MainThread] viser_app.py:197 | 已加载机器人 E1-PRO_EVT2.0_V12_260730：/home/liv/zerithWorkSpace/code/e1pro/e1_pro_full/marvin6/urdf/E1-PRO_EVT2.0_V12_260730.urdf
2026-08-07 11:56:22,848 INFO    robot.interfaces.simulator [MainThread] viser_app.py:198 | 轨迹速度规划后端：analytic double-S
2026-08-07 11:56:22,848 INFO    robot.interfaces.simulator [MainThread] viser_app.py:199 | 示教器通信接口：http://127.0.0.1:8765
2026-08-07 12:05:10,228 INFO    robot.urdf.catalog [MainThread] catalog.py:86 | 已添加 URDF 搜索目录：/home/liv/zerithWorkSpace/code/e1pro/e1_pro_full
2026-08-07 12:05:11,623 INFO    robot.interfaces.simulator [MainThread] viser_app.py:197 | 已加载机器人 E1-PRO：/home/liv/zerithWorkSpace/code/e1pro/e1_pro_full/marvin6/urdf/E1-PRO_EVT2.0_V12_260730.urdf
2026-08-07 12:05:11,623 INFO    robot.interfaces.simulator [MainThread] viser_app.py:198 | 轨迹速度规划后端：analytic double-S
2026-08-07 12:05:11,623 INFO    robot.interfaces.simulator [MainThread] viser_app.py:199 | 示教器通信接口：http://127.0.0.1:8765
2026-08-07 12:05:28,507 INFO    robot.application.urdf_library [Thread-65 (process_request_thread)] urdf_library.py:128 | 已选择 URDF：/home/liv/zerithWorkSpace/code/e1pro/e1_pro_full/ur10/urdf/ur10_robot.urdf
2026-08-07 12:05:30,797 INFO    robot.interfaces.simulator [MainThread] viser_app.py:197 | 已加载机器人 ur10_robot：/home/liv/zerithWorkSpace/code/e1pro/e1_pro_full/ur10/urdf/ur10_robot.urdf
2026-08-07 12:05:30,798 INFO    robot.interfaces.simulator [MainThread] viser_app.py:198 | 轨迹速度规划后端：analytic double-S
2026-08-07 12:05:30,798 INFO    robot.interfaces.simulator [MainThread] viser_app.py:199 | 示教器通信接口：http://127.0.0.1:8765
2026-08-07 12:05:37,173 INFO    robot.application.urdf_library [Thread-30 (process_request_thread)] urdf_library.py:128 | 已选择 URDF：/home/liv/zerithWorkSpace/code/e1pro/e1_pro_full/marvin6/urdf/E1-PRO_EVT2.0_V12_260730.urdf
2026-08-07 12:05:39,541 INFO    robot.interfaces.simulator [MainThread] viser_app.py:197 | 已加载机器人 E1-PRO_EVT2.0_V12_260730：/home/liv/zerithWorkSpace/code/e1pro/e1_pro_full/marvin6/urdf/E1-PRO_EVT2.0_V12_260730.urdf
2026-08-07 12:05:39,541 INFO    robot.interfaces.simulator [MainThread] viser_app.py:198 | 轨迹速度规划后端：analytic double-S
2026-08-07 12:05:39,541 INFO    robot.interfaces.simulator [MainThread] viser_app.py:199 | 示教器通信接口：http://127.0.0.1:8765
2026-08-07 13:32:19,288 INFO    robot.urdf.catalog [MainThread] catalog.py:86 | 已添加 URDF 搜索目录：/home/liv/zerithWorkSpace/code/e1pro/e1_pro_full
2026-08-07 13:32:20,666 INFO    robot.interfaces.simulator [MainThread] viser_app.py:197 | 已加载机器人 E1-PRO：/home/liv/zerithWorkSpace/code/e1pro/e1_pro_full/marvin6/urdf/E1-PRO_EVT2.0_V12_260730.urdf
2026-08-07 13:32:20,667 INFO    robot.interfaces.simulator [MainThread] viser_app.py:198 | 轨迹速度规划后端：analytic double-S
2026-08-07 13:32:20,667 INFO    robot.interfaces.simulator [MainThread] viser_app.py:199 | 示教器通信接口：http://127.0.0.1:8765
2026-08-07 13:35:39,675 INFO    robot.urdf.catalog [MainThread] catalog.py:86 | 已添加 URDF 搜索目录：/home/liv/zerithWorkSpace/code/e1pro/e1_pro_full
2026-08-07 13:35:51,213 INFO    robot.urdf.catalog [MainThread] catalog.py:86 | 已添加 URDF 搜索目录：/home/liv/zerithWorkSpace/code/e1pro/e1_pro_full
2026-08-07 13:36:38,106 INFO    robot.urdf.catalog [MainThread] catalog.py:86 | 已添加 URDF 搜索目录：/home/liv/zerithWorkSpace/code/e1pro/e1_pro_full
2026-08-07 13:36:39,404 INFO    robot.interfaces.simulator [MainThread] viser_app.py:197 | 已加载机器人 E1-PRO：/home/liv/zerithWorkSpace/code/e1pro/e1_pro_full/marvin6/urdf/E1-PRO_EVT2.0_V12_260730.urdf
2026-08-07 13:36:39,406 INFO    robot.interfaces.simulator [MainThread] viser_app.py:198 | 轨迹速度规划后端：ruckig double-S
2026-08-07 13:36:39,406 INFO    robot.interfaces.simulator [MainThread] viser_app.py:199 | 示教器通信接口：http://127.0.0.1:8765
2026-08-07 13:37:01,395 INFO    robot.urdf.catalog [MainThread] catalog.py:86 | 已添加 URDF 搜索目录：/home/liv/zerithWorkSpace/code/e1pro/e1_pro_full
2026-08-07 13:37:02,708 INFO    robot.interfaces.simulator [MainThread] viser_app.py:197 | 已加载机器人 E1-PRO：/home/liv/zerithWorkSpace/code/e1pro/e1_pro_full/marvin6/urdf/E1-PRO_EVT2.0_V12_260730.urdf
2026-08-07 13:37:02,708 INFO    robot.interfaces.simulator [MainThread] viser_app.py:198 | 轨迹速度规划后端：ruckig double-S
2026-08-07 13:37:02,708 INFO    robot.interfaces.simulator [MainThread] viser_app.py:199 | 示教器通信接口：http://127.0.0.1:8765
2026-08-07 13:38:12,033 INFO    robot.urdf.catalog [MainThread] catalog.py:86 | 已添加 URDF 搜索目录：/home/liv/zerithWorkSpace/code/e1pro/e1_pro_full
2026-08-07 13:38:35,328 INFO    robot.urdf.catalog [MainThread] catalog.py:86 | 已添加 URDF 搜索目录：/home/liv/zerithWorkSpace/code/e1pro/e1_pro_full
2026-08-07 13:48:14,329 INFO    robot.urdf.catalog [MainThread] catalog.py:86 | 已添加 URDF 搜索目录：/home/liv/zerithWorkSpace/code/e1pro/e1_pro_full
2026-08-07 13:48:15,618 INFO    robot.interfaces.simulator [MainThread] viser_app.py:197 | 已加载机器人 E1-PRO：/home/liv/zerithWorkSpace/code/e1pro/e1_pro_full/marvin6/urdf/E1-PRO_EVT2.0_V12_260730.urdf
2026-08-07 13:48:15,619 INFO    robot.interfaces.simulator [MainThread] viser_app.py:198 | 轨迹速度规划后端：ruckig double-S
2026-08-07 13:48:15,619 INFO    robot.interfaces.simulator [MainThread] viser_app.py:199 | 示教器通信接口：http://127.0.0.1:8765
2026-08-07 13:49:23,736 INFO    robot.urdf.catalog [MainThread] catalog.py:86 | 已添加 URDF 搜索目录：/home/liv/zerithWorkSpace/code/e1pro/e1_pro_full
2026-08-07 13:49:25,120 INFO    robot.interfaces.simulator [MainThread] viser_app.py:197 | 已加载机器人 E1-PRO：/home/liv/zerithWorkSpace/code/e1pro/e1_pro_full/marvin6/urdf/E1-PRO_EVT2.0_V12_260730.urdf
2026-08-07 13:49:25,120 INFO    robot.interfaces.simulator [MainThread] viser_app.py:198 | 轨迹速度规划后端：analytic double-S
2026-08-07 13:49:25,120 INFO    robot.interfaces.simulator [MainThread] viser_app.py:199 | 示教器通信接口：http://127.0.0.1:8765
2026-08-07 13:54:41,284 INFO    robot.urdf.catalog [MainThread] catalog.py:86 | 已添加 URDF 搜索目录：/home/liv/zerithWorkSpace/code/e1pro/e1_pro_full
2026-08-07 13:54:42,717 INFO    robot.interfaces.simulator [MainThread] viser_app.py:197 | 已加载机器人 E1-PRO：/home/liv/zerithWorkSpace/code/e1pro/e1_pro_full/marvin6/urdf/E1-PRO_EVT2.0_V12_260730.urdf
2026-08-07 13:54:42,717 INFO    robot.interfaces.simulator [MainThread] viser_app.py:198 | 轨迹速度规划后端：analytic double-S
2026-08-07 13:54:42,717 INFO    robot.interfaces.simulator [MainThread] viser_app.py:199 | 示教器通信接口：http://127.0.0.1:8765
2026-08-07 14:03:12,197 INFO    robot.urdf.catalog [MainThread] catalog.py:86 | 已添加 URDF 搜索目录：/home/liv/zerithWorkSpace/code/e1pro/e1_pro_full
2026-08-07 14:03:13,583 INFO    robot.interfaces.simulator [MainThread] viser_app.py:197 | 已加载机器人 E1-PRO：/home/liv/zerithWorkSpace/code/e1pro/e1_pro_full/marvin6/urdf/E1-PRO_EVT2.0_V12_260730.urdf
2026-08-07 14:03:13,583 INFO    robot.interfaces.simulator [MainThread] viser_app.py:198 | 轨迹速度规划后端：analytic double-S
2026-08-07 14:03:13,583 INFO    robot.interfaces.simulator [MainThread] viser_app.py:199 | 示教器通信接口：http://127.0.0.1:8765
2026-08-07 14:16:57,457 INFO    robot.urdf.catalog [MainThread] catalog.py:86 | 已添加 URDF 搜索目录：/home/liv/zerithWorkSpace/code/e1pro/e1_pro_full
2026-08-07 14:16:58,824 INFO    robot.interfaces.simulator [MainThread] viser_app.py:208 | 已加载机器人 E1-PRO：/home/liv/zerithWorkSpace/code/e1pro/e1_pro_full/marvin6/urdf/E1-PRO_EVT2.0_V12_260730.urdf
2026-08-07 14:16:58,825 INFO    robot.interfaces.simulator [MainThread] viser_app.py:209 | 轨迹速度规划后端：analytic double-S
2026-08-07 14:16:58,825 INFO    robot.interfaces.simulator [MainThread] viser_app.py:210 | 示教器通信接口：http://127.0.0.1:8765
2026-08-07 14:17:39,108 ERROR   robot.realtime.motion_streamer [robot-motion-streamer] motion_streamer.py:136 | 关节指令下发失败：关节 1 指令速度 2628.8°/s 超过上限 180.0°/s
2026-08-07 14:17:39,109 ERROR   robot.realtime.motion_streamer [robot-motion-streamer] motion_streamer.py:136 | 关节指令下发失败：关节 1 指令速度 386.8°/s 超过上限 180.0°/s
2026-08-07 14:17:39,109 ERROR   robot.realtime.motion_streamer [robot-motion-streamer] motion_streamer.py:136 | 关节指令下发失败：关节 1 指令速度 489.7°/s 超过上限 180.0°/s
2026-08-07 14:17:39,114 ERROR   robot.realtime.motion_streamer [robot-motion-streamer] motion_streamer.py:136 | 关节指令下发失败：关节 1 指令加速度 8948°/s² 超过上限 720°/s²
2026-08-07 14:17:39,118 ERROR   robot.realtime.motion_streamer [robot-motion-streamer] motion_streamer.py:136 | 关节指令下发失败：关节 1 指令加速度 3417°/s² 超过上限 720°/s²
2026-08-07 14:17:39,123 ERROR   robot.realtime.motion_streamer [robot-motion-streamer] motion_streamer.py:136 | 关节指令下发失败：关节 1 指令加速度 1630°/s² 超过上限 720°/s²
2026-08-07 14:17:39,129 ERROR   robot.realtime.motion_streamer [robot-motion-streamer] motion_streamer.py:136 | 关节指令下发失败：关节 1 指令加速度 865°/s² 超过上限 720°/s²
2026-08-07 14:17:39,140 ERROR   robot.realtime.motion_streamer [robot-motion-streamer] motion_streamer.py:136 | 关节指令下发失败：关节 1 指令加速度 1213°/s² 超过上限 720°/s²
2026-08-07 14:17:39,150 ERROR   robot.realtime.motion_streamer [robot-motion-streamer] motion_streamer.py:136 | 关节指令下发失败：关节 1 指令加速度 979°/s² 超过上限 720°/s²
2026-08-07 14:17:39,158 ERROR   robot.realtime.motion_streamer [robot-motion-streamer] motion_streamer.py:136 | 关节指令下发失败：关节 1 指令加速度 2202°/s² 超过上限 720°/s²
2026-08-07 14:17:39,178 ERROR   robot.realtime.motion_streamer [robot-motion-streamer] motion_streamer.py:136 | 关节指令下发失败：关节 1 指令加速度 2014°/s² 超过上限 720°/s²
2026-08-07 14:17:39,180 ERROR   robot.realtime.motion_streamer [robot-motion-streamer] motion_streamer.py:136 | 关节指令下发失败：关节 1 指令加速度 1840°/s² 超过上限 720°/s²
2026-08-07 14:17:39,185 ERROR   robot.realtime.motion_streamer [robot-motion-streamer] motion_streamer.py:136 | 关节指令下发失败：关节 1 指令加速度 995°/s² 超过上限 720°/s²
2026-08-07 14:17:39,198 ERROR   robot.realtime.motion_streamer [robot-motion-streamer] motion_streamer.py:136 | 关节指令下发失败：关节 1 指令加速度 1279°/s² 超过上限 720°/s²
2026-08-07 14:17:39,224 ERROR   robot.realtime.motion_streamer [robot-motion-streamer] motion_streamer.py:136 | 关节指令下发失败：关节 1 指令加速度 1120°/s² 超过上限 720°/s²
2026-08-07 14:17:39,295 ERROR   robot.realtime.motion_streamer [robot-motion-streamer] motion_streamer.py:136 | 关节指令下发失败：关节 1 指令速度 1810.6°/s 超过上限 180.0°/s
2026-08-07 14:17:39,295 ERROR   robot.realtime.motion_streamer [robot-motion-streamer] motion_streamer.py:136 | 关节指令下发失败：关节 1 指令速度 432.9°/s 超过上限 180.0°/s
2026-08-07 14:17:39,299 ERROR   robot.realtime.motion_streamer [robot-motion-streamer] motion_streamer.py:136 | 关节指令下发失败：关节 1 指令加速度 10222°/s² 超过上限 720°/s²
2026-08-07 14:17:39,303 ERROR   robot.realtime.motion_streamer [robot-motion-streamer] motion_streamer.py:136 | 关节指令下发失败：关节 1 指令加速度 3241°/s² 超过上限 720°/s²
2026-08-07 14:17:39,308 ERROR   robot.realtime.motion_streamer [robot-motion-streamer] motion_streamer.py:136 | 关节指令下发失败：关节 1 指令加速度 1470°/s² 超过上限 720°/s²
2026-08-07 14:17:39,318 ERROR   robot.realtime.motion_streamer [robot-motion-streamer] motion_streamer.py:136 | 关节指令下发失败：关节 1 指令加速度 1974°/s² 超过上限 720°/s²
2026-08-07 14:17:39,323 ERROR   robot.realtime.motion_streamer [robot-motion-streamer] motion_streamer.py:136 | 关节指令下发失败：关节 1 指令加速度 971°/s² 超过上限 720°/s²
2026-08-07 14:17:39,354 ERROR   robot.realtime.motion_streamer [robot-motion-streamer] motion_streamer.py:136 | 关节指令下发失败：关节 1 指令加速度 1829°/s² 超过上限 720°/s²
2026-08-07 14:17:39,415 ERROR   robot.realtime.motion_streamer [robot-motion-streamer] motion_streamer.py:136 | 关节指令下发失败：关节 1 指令速度 1324.2°/s 超过上限 180.0°/s
2026-08-07 14:17:39,420 ERROR   robot.realtime.motion_streamer [robot-motion-streamer] motion_streamer.py:136 | 关节指令下发失败：关节 1 指令加速度 3440°/s² 超过上限 720°/s²
2026-08-07 14:17:39,424 ERROR   robot.realtime.motion_streamer [robot-motion-streamer] motion_streamer.py:136 | 关节指令下发失败：关节 1 指令加速度 1768°/s² 超过上限 720°/s²
2026-08-07 14:17:39,428 ERROR   robot.realtime.motion_streamer [robot-motion-streamer] motion_streamer.py:136 | 关节指令下发失败：关节 1 指令加速度 996°/s² 超过上限 720°/s²
2026-08-07 14:17:39,439 ERROR   robot.realtime.motion_streamer [robot-motion-streamer] motion_streamer.py:136 | 关节指令下发失败：关节 1 指令加速度 998°/s² 超过上限 720°/s²
2026-08-07 14:17:39,469 ERROR   robot.realtime.motion_streamer [robot-motion-streamer] motion_streamer.py:136 | 关节指令下发失败：关节 1 指令速度 1042.7°/s 超过上限 180.0°/s
2026-08-07 14:17:39,470 ERROR   robot.realtime.motion_streamer [robot-motion-streamer] motion_streamer.py:136 | 关节指令下发失败：关节 1 指令速度 256.4°/s 超过上限 180.0°/s
2026-08-07 14:17:39,474 ERROR   robot.realtime.motion_streamer [robot-motion-streamer] motion_streamer.py:136 | 关节指令下发失败：关节 1 指令加速度 10044°/s² 超过上限 720°/s²
2026-08-07 14:17:39,479 ERROR   robot.realtime.motion_streamer [robot-motion-streamer] motion_streamer.py:136 | 关节指令下发失败：关节 1 指令加速度 2778°/s² 超过上限 720°/s²
2026-08-07 14:17:39,484 ERROR   robot.realtime.motion_streamer [robot-motion-streamer] motion_streamer.py:136 | 关节指令下发失败：关节 1 指令加速度 1417°/s² 超过上限 720°/s²
2026-08-07 14:17:39,489 ERROR   robot.realtime.motion_streamer [robot-motion-streamer] motion_streamer.py:136 | 关节指令下发失败：关节 1 指令加速度 904°/s² 超过上限 720°/s²
2026-08-07 14:17:39,499 ERROR   robot.realtime.motion_streamer [robot-motion-streamer] motion_streamer.py:136 | 关节指令下发失败：关节 1 指令加速度 1427°/s² 超过上限 720°/s²
2026-08-07 14:17:39,521 ERROR   robot.realtime.motion_streamer [robot-motion-streamer] motion_streamer.py:136 | 关节指令下发失败：关节 1 指令加速度 2297°/s² 超过上限 720°/s²
2026-08-07 14:17:39,530 ERROR   robot.realtime.motion_streamer [robot-motion-streamer] motion_streamer.py:136 | 关节指令下发失败：关节 1 指令速度 1944.4°/s 超过上限 180.0°/s
2026-08-07 14:17:39,530 ERROR   robot.realtime.motion_streamer [robot-motion-streamer] motion_streamer.py:136 | 关节指令下发失败：关节 1 指令速度 861.3°/s 超过上限 180.0°/s
2026-08-07 14:17:39,533 ERROR   robot.realtime.motion_streamer [robot-motion-streamer] motion_streamer.py:136 | 关节指令下发失败：关节 1 指令加速度 22735°/s² 超过上限 720°/s²
2026-08-07 14:17:39,538 ERROR   robot.realtime.motion_streamer [robot-motion-streamer] motion_streamer.py:136 | 关节指令下发失败：关节 1 指令加速度 3071°/s² 超过上限 720°/s²
2026-08-07 14:17:39,543 ERROR   robot.realtime.motion_streamer [robot-motion-streamer] motion_streamer.py:136 | 关节指令下发失败：关节 1 指令加速度 1230°/s² 超过上限 720°/s²
2026-08-07 14:17:39,554 ERROR   robot.realtime.motion_streamer [robot-motion-streamer] motion_streamer.py:136 | 关节指令下发失败：关节 1 指令加速度 1849°/s² 超过上限 720°/s²
2026-08-07 14:17:39,559 ERROR   robot.realtime.motion_streamer [robot-motion-streamer] motion_streamer.py:136 | 关节指令下发失败：关节 1 指令加速度 914°/s² 超过上限 720°/s²
2026-08-07 14:17:39,595 ERROR   robot.realtime.motion_streamer [robot-motion-streamer] motion_streamer.py:136 | 关节指令下发失败：关节 1 指令加速度 874°/s² 超过上限 720°/s²
2026-08-07 14:17:39,610 ERROR   robot.realtime.motion_streamer [robot-motion-streamer] motion_streamer.py:136 | 关节指令下发失败：关节 1 指令加速度 1217°/s² 超过上限 720°/s²
2026-08-07 14:17:39,665 ERROR   robot.realtime.motion_streamer [robot-motion-streamer] motion_streamer.py:136 | 关节指令下发失败：关节 1 指令加速度 2533°/s² 超过上限 720°/s²
2026-08-07 14:17:39,678 ERROR   robot.realtime.motion_streamer [robot-motion-streamer] motion_streamer.py:136 | 关节指令下发失败：关节 1 指令加速度 1341°/s² 超过上限 720°/s²
2026-08-07 14:17:39,763 ERROR   robot.realtime.motion_streamer [robot-motion-streamer] motion_streamer.py:136 | 关节指令下发失败：关节 1 指令加速度 3158°/s² 超过上限 720°/s²
2026-08-07 14:17:49,014 ERROR   robot.realtime.motion_streamer [robot-motion-streamer] motion_streamer.py:136 | 关节指令下发失败：关节 1 指令加速度 1540°/s² 超过上限 720°/s²
2026-08-07 14:17:49,016 ERROR   robot.realtime.motion_streamer [robot-motion-streamer] motion_streamer.py:136 | 关节指令下发失败：关节 1 指令加速度 1623°/s² 超过上限 720°/s²
2026-08-07 14:17:49,016 ERROR   robot.realtime.motion_streamer [robot-motion-streamer] motion_streamer.py:136 | 关节指令下发失败：关节 1 指令加速度 2396°/s² 超过上限 720°/s²
2026-08-07 14:17:49,020 ERROR   robot.realtime.motion_streamer [robot-motion-streamer] motion_streamer.py:136 | 关节指令下发失败：关节 1 指令加速度 1723°/s² 超过上限 720°/s²
2026-08-07 14:17:49,025 ERROR   robot.realtime.motion_streamer [robot-motion-streamer] motion_streamer.py:136 | 关节指令下发失败：关节 1 指令加速度 1118°/s² 超过上限 720°/s²
2026-08-07 14:17:49,045 ERROR   robot.realtime.motion_streamer [robot-motion-streamer] motion_streamer.py:136 | 关节指令下发失败：关节 1 指令加速度 885°/s² 超过上限 720°/s²
2026-08-07 14:17:49,055 ERROR   robot.realtime.motion_streamer [robot-motion-streamer] motion_streamer.py:136 | 关节指令下发失败：关节 1 指令加速度 1196°/s² 超过上限 720°/s²
2026-08-07 14:17:49,116 ERROR   robot.realtime.motion_streamer [robot-motion-streamer] motion_streamer.py:136 | 关节指令下发失败：关节 1 指令加速度 1310°/s² 超过上限 720°/s²
2026-08-07 14:17:49,199 ERROR   robot.realtime.motion_streamer [robot-motion-streamer] motion_streamer.py:136 | 关节指令下发失败：关节 1 指令加速度 5287°/s² 超过上限 720°/s²
2026-08-07 14:17:49,210 ERROR   robot.realtime.motion_streamer [robot-motion-streamer] motion_streamer.py:136 | 关节指令下发失败：关节 1 指令加速度 1003°/s² 超过上限 720°/s²
2026-08-07 14:17:49,260 ERROR   robot.realtime.motion_streamer [robot-motion-streamer] motion_streamer.py:136 | 关节指令下发失败：关节 1 指令加速度 19649°/s² 超过上限 720°/s²
2026-08-07 14:17:49,265 ERROR   robot.realtime.motion_streamer [robot-motion-streamer] motion_streamer.py:136 | 关节指令下发失败：关节 1 指令加速度 2308°/s² 超过上限 720°/s²
2026-08-07 14:17:49,270 ERROR   robot.realtime.motion_streamer [robot-motion-streamer] motion_streamer.py:136 | 关节指令下发失败：关节 1 指令加速度 1113°/s² 超过上限 720°/s²
2026-08-07 14:17:49,335 ERROR   robot.realtime.motion_streamer [robot-motion-streamer] motion_streamer.py:136 | 关节指令下发失败：关节 1 指令加速度 1223°/s² 超过上限 720°/s²
2026-08-07 14:17:49,367 ERROR   robot.realtime.motion_streamer [robot-motion-streamer] motion_streamer.py:136 | 关节指令下发失败：关节 1 指令加速度 23373°/s² 超过上限 720°/s²
2026-08-07 14:17:49,371 ERROR   robot.realtime.motion_streamer [robot-motion-streamer] motion_streamer.py:136 | 关节指令下发失败：关节 1 指令加速度 2578°/s² 超过上限 720°/s²
2026-08-07 14:17:49,376 ERROR   robot.realtime.motion_streamer [robot-motion-streamer] motion_streamer.py:136 | 关节指令下发失败：关节 1 指令加速度 910°/s² 超过上限 720°/s²
2026-08-07 14:17:49,416 ERROR   robot.realtime.motion_streamer [robot-motion-streamer] motion_streamer.py:136 | 关节指令下发失败：关节 1 指令加速度 1260°/s² 超过上限 720°/s²
2026-08-07 14:17:49,501 ERROR   robot.realtime.motion_streamer [robot-motion-streamer] motion_streamer.py:136 | 关节指令下发失败：关节 1 指令速度 2245.9°/s 超过上限 180.0°/s
2026-08-07 14:17:49,505 ERROR   robot.realtime.motion_streamer [robot-motion-streamer] motion_streamer.py:136 | 关节指令下发失败：关节 1 指令加速度 5392°/s² 超过上限 720°/s²
2026-08-07 14:17:49,510 ERROR   robot.realtime.motion_streamer [robot-motion-streamer] motion_streamer.py:136 | 关节指令下发失败：关节 1 指令加速度 1580°/s² 超过上限 720°/s²
2026-08-07 14:17:49,515 ERROR   robot.realtime.motion_streamer [robot-motion-streamer] motion_streamer.py:136 | 关节指令下发失败：关节 1 指令加速度 921°/s² 超过上限 720°/s²
2026-08-07 14:17:49,530 ERROR   robot.realtime.motion_streamer [robot-motion-streamer] motion_streamer.py:136 | 关节指令下发失败：关节 1 指令加速度 1112°/s² 超过上限 720°/s²
2026-08-07 14:17:49,691 ERROR   robot.realtime.motion_streamer [robot-motion-streamer] motion_streamer.py:136 | 关节指令下发失败：关节 1 指令速度 1933.2°/s 超过上限 180.0°/s
2026-08-07 14:17:49,695 ERROR   robot.realtime.motion_streamer [robot-motion-streamer] motion_streamer.py:136 | 关节指令下发失败：关节 1 指令加速度 5828°/s² 超过上限 720°/s²
2026-08-07 14:17:49,700 ERROR   robot.realtime.motion_streamer [robot-motion-streamer] motion_streamer.py:136 | 关节指令下发失败：关节 1 指令加速度 1681°/s² 超过上限 720°/s²
2026-08-07 14:17:49,710 ERROR   robot.realtime.motion_streamer [robot-motion-streamer] motion_streamer.py:136 | 关节指令下发失败：关节 1 指令加速度 1421°/s² 超过上限 720°/s²
2026-08-07 14:17:49,751 ERROR   robot.realtime.motion_streamer [robot-motion-streamer] motion_streamer.py:136 | 关节指令下发失败：关节 1 指令加速度 1007°/s² 超过上限 720°/s²
2026-08-07 14:17:49,836 ERROR   robot.realtime.motion_streamer [robot-motion-streamer] motion_streamer.py:136 | 关节指令下发失败：关节 1 指令加速度 1790°/s² 超过上限 720°/s²
2026-08-07 14:17:49,886 ERROR   robot.realtime.motion_streamer [robot-motion-streamer] motion_streamer.py:136 | 关节指令下发失败：关节 1 指令加速度 4409°/s² 超过上限 720°/s²
2026-08-07 14:17:49,891 ERROR   robot.realtime.motion_streamer [robot-motion-streamer] motion_streamer.py:136 | 关节指令下发失败：关节 1 指令加速度 948°/s² 超过上限 720°/s²
2026-08-07 14:17:49,911 ERROR   robot.realtime.motion_streamer [robot-motion-streamer] motion_streamer.py:136 | 关节指令下发失败：关节 1 指令加速度 1023°/s² 超过上限 720°/s²
2026-08-07 14:17:49,921 ERROR   robot.realtime.motion_streamer [robot-motion-streamer] motion_streamer.py:136 | 关节指令下发失败：关节 1 指令加速度 1287°/s² 超过上限 720°/s²
2026-08-07 14:17:49,953 ERROR   robot.realtime.motion_streamer [robot-motion-streamer] motion_streamer.py:136 | 关节指令下发失败：关节 1 指令加速度 1065°/s² 超过上限 720°/s²
2026-08-07 14:17:49,962 ERROR   robot.realtime.motion_streamer [robot-motion-streamer] motion_streamer.py:136 | 关节指令下发失败：关节 1 指令速度 845.4°/s 超过上限 180.0°/s
2026-08-07 14:17:49,967 ERROR   robot.realtime.motion_streamer [robot-motion-streamer] motion_streamer.py:136 | 关节指令下发失败：关节 1 指令加速度 3725°/s² 超过上限 720°/s²
2026-08-07 14:17:49,971 ERROR   robot.realtime.motion_streamer [robot-motion-streamer] motion_streamer.py:136 | 关节指令下发失败：关节 1 指令加速度 1539°/s² 超过上限 720°/s²
2026-08-07 14:17:49,976 ERROR   robot.realtime.motion_streamer [robot-motion-streamer] motion_streamer.py:136 | 关节指令下发失败：关节 1 指令加速度 867°/s² 超过上限 720°/s²
2026-08-07 14:17:50,000 ERROR   robot.realtime.motion_streamer [robot-motion-streamer] motion_streamer.py:136 | 关节指令下发失败：关节 1 指令加速度 916°/s² 超过上限 720°/s²
2026-08-07 14:17:50,007 ERROR   robot.realtime.motion_streamer [robot-motion-streamer] motion_streamer.py:136 | 关节指令下发失败：关节 1 指令速度 398.2°/s 超过上限 180.0°/s
2026-08-07 14:17:50,012 ERROR   robot.realtime.motion_streamer [robot-motion-streamer] motion_streamer.py:136 | 关节指令下发失败：关节 1 指令加速度 4056°/s² 超过上限 720°/s²
2026-08-07 14:17:50,016 ERROR   robot.realtime.motion_streamer [robot-motion-streamer] motion_streamer.py:136 | 关节指令下发失败：关节 1 指令加速度 1568°/s² 超过上限 720°/s²
2026-08-07 14:17:50,020 ERROR   robot.realtime.motion_streamer [robot-motion-streamer] motion_streamer.py:136 | 关节指令下发失败：关节 1 指令加速度 922°/s² 超过上限 720°/s²
2026-08-07 14:17:50,093 ERROR   robot.realtime.motion_streamer [robot-motion-streamer] motion_streamer.py:136 | 关节指令下发失败：关节 1 指令速度 887.4°/s 超过上限 180.0°/s
2026-08-07 14:17:50,093 ERROR   robot.realtime.motion_streamer [robot-motion-streamer] motion_streamer.py:136 | 关节指令下发失败：关节 1 指令加速度 268854°/s² 超过上限 720°/s²
2026-08-07 14:17:50,096 ERROR   robot.realtime.motion_streamer [robot-motion-streamer] motion_streamer.py:136 | 关节指令下发失败：关节 1 指令加速度 18072°/s² 超过上限 720°/s²
2026-08-07 14:17:50,096 ERROR   robot.realtime.motion_streamer [robot-motion-streamer] motion_streamer.py:136 | 关节指令下发失败：关节 1 指令加速度 20163°/s² 超过上限 720°/s²
2026-08-07 14:17:50,100 ERROR   robot.realtime.motion_streamer [robot-motion-streamer] motion_streamer.py:136 | 关节指令下发失败：关节 1 指令加速度 6678°/s² 超过上限 720°/s²
2026-08-07 14:17:50,105 ERROR   robot.realtime.motion_streamer [robot-motion-streamer] motion_streamer.py:136 | 关节指令下发失败：关节 1 指令加速度 2698°/s² 超过上限 720°/s²
2026-08-07 14:17:50,110 ERROR   robot.realtime.motion_streamer [robot-motion-streamer] motion_streamer.py:136 | 关节指令下发失败：关节 1 指令加速度 1516°/s² 超过上限 720°/s²
2026-08-07 14:17:50,115 ERROR   robot.realtime.motion_streamer [robot-motion-streamer] motion_streamer.py:136 | 关节指令下发失败：关节 1 指令加速度 1035°/s² 超过上限 720°/s²
2026-08-07 14:17:50,125 ERROR   robot.realtime.motion_streamer [robot-motion-streamer] motion_streamer.py:136 | 关节指令下发失败：关节 1 指令加速度 1930°/s² 超过上限 720°/s²
2026-08-07 14:17:50,130 ERROR   robot.realtime.motion_streamer [robot-motion-streamer] motion_streamer.py:136 | 关节指令下发失败：关节 1 指令加速度 983°/s² 超过上限 720°/s²
2026-08-07 14:17:50,171 ERROR   robot.realtime.motion_streamer [robot-motion-streamer] motion_streamer.py:136 | 关节指令下发失败：关节 1 指令速度 432.9°/s 超过上限 180.0°/s
2026-08-07 14:17:50,176 ERROR   robot.realtime.motion_streamer [robot-motion-streamer] motion_streamer.py:136 | 关节指令下发失败：关节 1 指令加速度 5386°/s² 超过上限 720°/s²
2026-08-07 14:17:50,183 ERROR   robot.realtime.motion_streamer [robot-motion-streamer] motion_streamer.py:136 | 关节指令下发失败：关节 1 指令加速度 1032°/s² 超过上限 720°/s²
2026-08-07 14:17:50,324 ERROR   robot.realtime.motion_streamer [robot-motion-streamer] motion_streamer.py:136 | 关节指令下发失败：关节 1 指令加速度 3196°/s² 超过上限 720°/s²
2026-08-07 14:17:50,326 ERROR   robot.realtime.motion_streamer [robot-motion-streamer] motion_streamer.py:136 | 关节指令下发失败：关节 1 指令加速度 2636°/s² 超过上限 720°/s²
2026-08-07 14:17:50,330 ERROR   robot.realtime.motion_streamer [robot-motion-streamer] motion_streamer.py:136 | 关节指令下发失败：关节 1 指令加速度 1670°/s² 超过上限 720°/s²
2026-08-07 14:17:50,340 ERROR   robot.realtime.motion_streamer [robot-motion-streamer] motion_streamer.py:136 | 关节指令下发失败：关节 1 指令加速度 1215°/s² 超过上限 720°/s²
2026-08-07 14:17:50,370 ERROR   robot.realtime.motion_streamer [robot-motion-streamer] motion_streamer.py:136 | 关节指令下发失败：关节 1 指令加速度 937°/s² 超过上限 720°/s²
2026-08-07 14:17:50,438 ERROR   robot.realtime.motion_streamer [robot-motion-streamer] motion_streamer.py:136 | 关节指令下发失败：关节 1 指令速度 446.4°/s 超过上限 180.0°/s
2026-08-07 14:17:50,442 ERROR   robot.realtime.motion_streamer [robot-motion-streamer] motion_streamer.py:136 | 关节指令下发失败：关节 1 指令加速度 7572°/s² 超过上限 720°/s²
2026-08-07 14:17:50,445 ERROR   robot.realtime.motion_streamer [robot-motion-streamer] motion_streamer.py:136 | 关节指令下发失败：关节 1 指令加速度 2704°/s² 超过上限 720°/s²
2026-08-07 14:17:50,451 ERROR   robot.realtime.motion_streamer [robot-motion-streamer] motion_streamer.py:136 | 关节指令下发失败：关节 1 指令加速度 1242°/s² 超过上限 720°/s²
2026-08-07 14:17:50,460 ERROR   robot.realtime.motion_streamer [robot-motion-streamer] motion_streamer.py:136 | 关节指令下发失败：关节 1 指令加速度 1259°/s² 超过上限 720°/s²
2026-08-07 14:17:50,559 ERROR   robot.realtime.motion_streamer [robot-motion-streamer] motion_streamer.py:136 | 关节指令下发失败：关节 1 指令加速度 1266°/s² 超过上限 720°/s²
2026-08-07 14:17:50,562 ERROR   robot.realtime.motion_streamer [robot-motion-streamer] motion_streamer.py:136 | 关节指令下发失败：关节 1 指令加速度 1403°/s² 超过上限 720°/s²
2026-08-07 14:17:50,565 ERROR   robot.realtime.motion_streamer [robot-motion-streamer] motion_streamer.py:136 | 关节指令下发失败：关节 1 指令加速度 1013°/s² 超过上限 720°/s²
2026-08-07 14:17:50,575 ERROR   robot.realtime.motion_streamer [robot-motion-streamer] motion_streamer.py:136 | 关节指令下发失败：关节 1 指令加速度 896°/s² 超过上限 720°/s²
2026-08-07 14:17:50,619 ERROR   robot.realtime.motion_streamer [robot-motion-streamer] motion_streamer.py:136 | 关节指令下发失败：关节 1 指令加速度 1436°/s² 超过上限 720°/s²
2026-08-07 14:17:50,641 ERROR   robot.realtime.motion_streamer [robot-motion-streamer] motion_streamer.py:136 | 关节指令下发失败：关节 1 指令加速度 1717°/s² 超过上限 720°/s²
2026-08-07 14:17:51,175 WARNING robot.realtime.clock [robot-continuous-jog] clock.py:103 | jog-joint 循环滞后 6.5 ms（超过一个控制周期 5.0 ms）
2026-08-07 14:17:51,184 WARNING robot.realtime.clock [robot-continuous-jog] clock.py:103 | jog-joint 循环滞后 11.1 ms（超过一个控制周期 5.0 ms）
2026-08-07 14:17:51,189 WARNING robot.realtime.clock [robot-continuous-jog] clock.py:103 | jog-joint 循环滞后 10.3 ms（超过一个控制周期 5.0 ms）
2026-08-07 14:17:51,189 ERROR   robot.realtime.motion_streamer [robot-motion-streamer] motion_streamer.py:136 | 关节指令下发失败：关节 1 指令加速度 2220°/s² 超过上限 720°/s²
2026-08-07 14:17:51,191 WARNING robot.realtime.clock [robot-continuous-jog] clock.py:103 | jog-joint 循环滞后 8.0 ms（超过一个控制周期 5.0 ms）
2026-08-07 14:17:51,192 ERROR   robot.realtime.motion_streamer [robot-motion-streamer] motion_streamer.py:136 | 关节指令下发失败：关节 1 指令加速度 1774°/s² 超过上限 720°/s²
2026-08-07 14:17:51,194 WARNING robot.realtime.clock [robot-continuous-jog] clock.py:103 | jog-joint 循环滞后 5.3 ms（超过一个控制周期 5.0 ms）
2026-08-07 14:17:51,194 ERROR   robot.realtime.motion_streamer [robot-motion-streamer] motion_streamer.py:136 | 关节指令下发失败：关节 1 指令加速度 1676°/s² 超过上限 720°/s²
2026-08-07 14:17:51,199 ERROR   robot.realtime.motion_streamer [robot-motion-streamer] motion_streamer.py:136 | 关节指令下发失败：关节 1 指令速度 1613.0°/s 超过上限 180.0°/s
2026-08-07 14:17:51,202 ERROR   robot.realtime.motion_streamer [robot-motion-streamer] motion_streamer.py:136 | 关节指令下发失败：关节 1 指令加速度 10939°/s² 超过上限 720°/s²
2026-08-07 14:17:51,206 ERROR   robot.realtime.motion_streamer [robot-motion-streamer] motion_streamer.py:136 | 关节指令下发失败：关节 1 指令加速度 2185°/s² 超过上限 720°/s²
2026-08-07 14:17:51,219 ERROR   robot.realtime.motion_streamer [robot-motion-streamer] motion_streamer.py:136 | 关节指令下发失败：关节 1 指令加速度 1702°/s² 超过上限 720°/s²
2026-08-07 14:17:51,228 ERROR   robot.realtime.motion_streamer [robot-motion-streamer] motion_streamer.py:136 | 关节指令下发失败：关节 1 指令速度 834.1°/s 超过上限 180.0°/s
2026-08-07 14:17:51,233 ERROR   robot.realtime.motion_streamer [robot-motion-streamer] motion_streamer.py:136 | 关节指令下发失败：关节 1 指令加速度 2773°/s² 超过上限 720°/s²
2026-08-07 14:17:51,239 ERROR   robot.realtime.motion_streamer [robot-motion-streamer] motion_streamer.py:136 | 关节指令下发失败：关节 1 指令加速度 901°/s² 超过上限 720°/s²
2026-08-07 14:17:51,252 ERROR   robot.realtime.motion_streamer [robot-motion-streamer] motion_streamer.py:136 | 关节指令下发失败：关节 1 指令加速度 1271°/s² 超过上限 720°/s²
2026-08-07 14:17:51,261 ERROR   robot.realtime.motion_streamer [robot-motion-streamer] motion_streamer.py:136 | 关节指令下发失败：关节 1 指令加速度 9144°/s² 超过上限 720°/s²
2026-08-07 14:17:51,263 ERROR   robot.realtime.motion_streamer [robot-motion-streamer] motion_streamer.py:136 | 关节指令下发失败：关节 1 指令加速度 5520°/s² 超过上限 720°/s²
2026-08-07 14:17:51,266 ERROR   robot.realtime.motion_streamer [robot-motion-streamer] motion_streamer.py:136 | 关节指令下发失败：关节 1 指令加速度 2591°/s² 超过上限 720°/s²
2026-08-07 14:17:51,271 ERROR   robot.realtime.motion_streamer [robot-motion-streamer] motion_streamer.py:136 | 关节指令下发失败：关节 1 指令加速度 1191°/s² 超过上限 720°/s²
2026-08-07 14:17:51,281 ERROR   robot.realtime.motion_streamer [robot-motion-streamer] motion_streamer.py:136 | 关节指令下发失败：关节 1 指令加速度 1373°/s² 超过上限 720°/s²
2026-08-07 14:17:51,361 ERROR   robot.realtime.motion_streamer [robot-motion-streamer] motion_streamer.py:136 | 关节指令下发失败：关节 1 指令加速度 2328°/s² 超过上限 720°/s²
2026-08-07 14:17:51,365 ERROR   robot.realtime.motion_streamer [robot-motion-streamer] motion_streamer.py:136 | 关节指令下发失败：关节 1 指令加速度 922°/s² 超过上限 720°/s²
2026-08-07 14:17:51,416 ERROR   robot.realtime.motion_streamer [robot-motion-streamer] motion_streamer.py:136 | 关节指令下发失败：关节 1 指令加速度 920°/s² 超过上限 720°/s²
2026-08-07 14:17:51,447 ERROR   robot.realtime.motion_streamer [robot-motion-streamer] motion_streamer.py:136 | 关节指令下发失败：关节 1 指令加速度 1157°/s² 超过上限 720°/s²
2026-08-07 14:17:51,512 ERROR   robot.realtime.motion_streamer [robot-motion-streamer] motion_streamer.py:136 | 关节指令下发失败：关节 1 指令加速度 1788°/s² 超过上限 720°/s²
2026-08-07 14:17:51,620 ERROR   robot.realtime.motion_streamer [robot-motion-streamer] motion_streamer.py:136 | 关节指令下发失败：关节 1 指令速度 337.5°/s 超过上限 180.0°/s
2026-08-07 14:17:51,623 ERROR   robot.realtime.motion_streamer [robot-motion-streamer] motion_streamer.py:136 | 关节指令下发失败：关节 1 指令加速度 9504°/s² 超过上限 720°/s²
2026-08-07 14:17:51,627 ERROR   robot.realtime.motion_streamer [robot-motion-streamer] motion_streamer.py:136 | 关节指令下发失败：关节 1 指令加速度 3198°/s² 超过上限 720°/s²
2026-08-07 14:17:51,647 ERROR   robot.realtime.motion_streamer [robot-motion-streamer] motion_streamer.py:136 | 关节指令下发失败：关节 1 指令加速度 1007°/s² 超过上限 720°/s²
2026-08-07 14:17:51,648 ERROR   robot.realtime.motion_streamer [robot-motion-streamer] motion_streamer.py:136 | 关节指令下发失败：关节 1 指令速度 997.3°/s 超过上限 180.0°/s
2026-08-07 14:17:51,651 ERROR   robot.realtime.motion_streamer [robot-motion-streamer] motion_streamer.py:136 | 关节指令下发失败：关节 1 指令加速度 13976°/s² 超过上限 720°/s²
2026-08-07 14:17:51,656 ERROR   robot.realtime.motion_streamer [robot-motion-streamer] motion_streamer.py:136 | 关节指令下发失败：关节 1 指令加速度 1965°/s² 超过上限 720°/s²
2026-08-07 14:17:51,666 ERROR   robot.realtime.motion_streamer [robot-motion-streamer] motion_streamer.py:136 | 关节指令下发失败：关节 1 指令加速度 1654°/s² 超过上限 720°/s²
2026-08-07 14:17:51,732 ERROR   robot.realtime.motion_streamer [robot-motion-streamer] motion_streamer.py:136 | 关节指令下发失败：关节 1 指令加速度 1405°/s² 超过上限 720°/s²
2026-08-07 14:17:51,748 ERROR   robot.realtime.motion_streamer [robot-motion-streamer] motion_streamer.py:136 | 关节指令下发失败：关节 1 指令加速度 890°/s² 超过上限 720°/s²
2026-08-07 14:17:51,767 ERROR   robot.realtime.motion_streamer [robot-motion-streamer] motion_streamer.py:136 | 关节指令下发失败：关节 1 指令加速度 2629°/s² 超过上限 720°/s²
2026-08-07 14:17:51,782 ERROR   robot.realtime.motion_streamer [robot-motion-streamer] motion_streamer.py:136 | 关节指令下发失败：关节 1 指令速度 764.0°/s 超过上限 180.0°/s
2026-08-07 14:17:51,786 ERROR   robot.realtime.motion_streamer [robot-motion-streamer] motion_streamer.py:136 | 关节指令下发失败：关节 1 指令加速度 6739°/s² 超过上限 720°/s²
2026-08-07 14:17:51,792 ERROR   robot.realtime.motion_streamer [robot-motion-streamer] motion_streamer.py:136 | 关节指令下发失败：关节 1 指令加速度 1547°/s² 超过上限 720°/s²
2026-08-07 14:17:51,812 ERROR   robot.realtime.motion_streamer [robot-motion-streamer] motion_streamer.py:136 | 关节指令下发失败：关节 1 指令加速度 1004°/s² 超过上限 720°/s²
2026-08-07 14:17:51,813 ERROR   robot.realtime.motion_streamer [robot-motion-streamer] motion_streamer.py:136 | 关节指令下发失败：关节 1 指令速度 1712.7°/s 超过上限 180.0°/s
2026-08-07 14:17:51,816 ERROR   robot.realtime.motion_streamer [robot-motion-streamer] motion_streamer.py:136 | 关节指令下发失败：关节 1 指令加速度 14544°/s² 超过上限 720°/s²
2026-08-07 14:17:51,821 ERROR   robot.realtime.motion_streamer [robot-motion-streamer] motion_streamer.py:136 | 关节指令下发失败：关节 1 指令加速度 2461°/s² 超过上限 720°/s²
2026-08-07 14:17:51,827 ERROR   robot.realtime.motion_streamer [robot-motion-streamer] motion_streamer.py:136 | 关节指令下发失败：关节 1 指令加速度 944°/s² 超过上限 720°/s²
2026-08-07 14:17:51,841 ERROR   robot.realtime.motion_streamer [robot-motion-streamer] motion_streamer.py:136 | 关节指令下发失败：关节 1 指令加速度 1463°/s² 超过上限 720°/s²
2026-08-07 14:17:51,917 ERROR   robot.realtime.motion_streamer [robot-motion-streamer] motion_streamer.py:136 | 关节指令下发失败：关节 1 指令加速度 1772°/s² 超过上限 720°/s²
2026-08-07 14:17:51,921 ERROR   robot.realtime.motion_streamer [robot-motion-streamer] motion_streamer.py:136 | 关节指令下发失败：关节 1 指令加速度 912°/s² 超过上限 720°/s²
2026-08-07 14:17:51,933 ERROR   robot.realtime.motion_streamer [robot-motion-streamer] motion_streamer.py:136 | 关节指令下发失败：关节 1 指令加速度 913°/s² 超过上限 720°/s²
2026-08-07 14:17:51,970 ERROR   robot.realtime.motion_streamer [robot-motion-streamer] motion_streamer.py:136 | 关节指令下发失败：关节 1 指令加速度 5519°/s² 超过上限 720°/s²
2026-08-07 14:17:52,057 ERROR   robot.realtime.motion_streamer [robot-motion-streamer] motion_streamer.py:136 | 关节指令下发失败：关节 1 指令加速度 1679°/s² 超过上限 720°/s²
2026-08-07 14:17:52,066 ERROR   robot.realtime.motion_streamer [robot-motion-streamer] motion_streamer.py:136 | 关节指令下发失败：关节 1 指令加速度 1169°/s² 超过上限 720°/s²
2026-08-07 14:17:53,069 ERROR   robot.realtime.motion_streamer [robot-motion-streamer] motion_streamer.py:136 | 关节指令下发失败：关节 1 指令速度 640.5°/s 超过上限 180.0°/s
2026-08-07 14:17:53,087 ERROR   robot.realtime.motion_streamer [robot-motion-streamer] motion_streamer.py:136 | 关节指令下发失败：关节 1 指令速度 1078.4°/s 超过上限 180.0°/s
2026-08-07 14:17:53,091 ERROR   robot.realtime.motion_streamer [robot-motion-streamer] motion_streamer.py:136 | 关节指令下发失败：关节 1 指令加速度 9309°/s² 超过上限 720°/s²
2026-08-07 14:17:53,091 ERROR   robot.realtime.motion_streamer [robot-motion-streamer] motion_streamer.py:136 | 关节指令下发失败：关节 1 指令加速度 12224°/s² 超过上限 720°/s²
2026-08-07 14:17:53,091 ERROR   robot.realtime.motion_streamer [robot-motion-streamer] motion_streamer.py:136 | 关节指令下发失败：关节 1 指令加速度 16117°/s² 超过上限 720°/s²
2026-08-07 14:17:53,096 ERROR   robot.realtime.motion_streamer [robot-motion-streamer] motion_streamer.py:136 | 关节指令下发失败：关节 1 指令加速度 4354°/s² 超过上限 720°/s²
2026-08-07 14:17:53,102 ERROR   robot.realtime.motion_streamer [robot-motion-streamer] motion_streamer.py:136 | 关节指令下发失败：关节 1 指令加速度 1610°/s² 超过上限 720°/s²
2026-08-07 14:17:53,108 ERROR   robot.realtime.motion_streamer [robot-motion-streamer] motion_streamer.py:136 | 关节指令下发失败：关节 1 指令加速度 894°/s² 超过上限 720°/s²
2026-08-07 14:17:53,117 ERROR   robot.realtime.motion_streamer [robot-motion-streamer] motion_streamer.py:136 | 关节指令下发失败：关节 1 指令加速度 1522°/s² 超过上限 720°/s²
2026-08-07 14:17:53,124 ERROR   robot.realtime.motion_streamer [robot-motion-streamer] motion_streamer.py:136 | 关节指令下发失败：关节 1 指令加速度 935°/s² 超过上限 720°/s²
2026-08-07 14:17:53,182 ERROR   robot.realtime.motion_streamer [robot-motion-streamer] motion_streamer.py:136 | 关节指令下发失败：关节 1 指令加速度 1224°/s² 超过上限 720°/s²
2026-08-07 14:17:53,286 ERROR   robot.realtime.motion_streamer [robot-motion-streamer] motion_streamer.py:136 | 关节指令下发失败：关节 1 指令加速度 4530°/s² 超过上限 720°/s²
2026-08-07 14:17:53,342 ERROR   robot.realtime.motion_streamer [robot-motion-streamer] motion_streamer.py:136 | 关节指令下发失败：关节 1 指令加速度 1708°/s² 超过上限 720°/s²
2026-08-07 14:17:53,469 ERROR   robot.realtime.motion_streamer [robot-motion-streamer] motion_streamer.py:136 | 关节指令下发失败：关节 1 指令速度 327.7°/s 超过上限 180.0°/s
2026-08-07 14:17:53,472 ERROR   robot.realtime.motion_streamer [robot-motion-streamer] motion_streamer.py:136 | 关节指令下发失败：关节 1 指令加速度 9644°/s² 超过上限 720°/s²
2026-08-07 14:17:53,477 ERROR   robot.realtime.motion_streamer [robot-motion-streamer] motion_streamer.py:136 | 关节指令下发失败：关节 1 指令加速度 1795°/s² 超过上限 720°/s²
2026-08-07 14:17:53,481 ERROR   robot.realtime.motion_streamer [robot-motion-streamer] motion_streamer.py:136 | 关节指令下发失败：关节 1 指令加速度 1004°/s² 超过上限 720°/s²
2026-08-07 14:17:53,491 ERROR   robot.realtime.motion_streamer [robot-motion-streamer] motion_streamer.py:136 | 关节指令下发失败：关节 1 指令加速度 1209°/s² 超过上限 720°/s²
2026-08-07 14:17:53,553 ERROR   robot.realtime.motion_streamer [robot-motion-streamer] motion_streamer.py:136 | 关节指令下发失败：关节 1 指令加速度 20061°/s² 超过上限 720°/s²
2026-08-07 14:17:53,568 ERROR   robot.realtime.motion_streamer [robot-motion-streamer] motion_streamer.py:136 | 关节指令下发失败：关节 1 指令加速度 44607°/s² 超过上限 720°/s²
2026-08-07 14:17:53,576 WARNING robot.realtime.clock [robot-continuous-jog] clock.py:103 | jog-joint 循环滞后 7.4 ms（超过一个控制周期 5.0 ms）
2026-08-07 14:17:53,582 WARNING robot.realtime.clock [robot-continuous-jog] clock.py:103 | jog-joint 循环滞后 8.1 ms（超过一个控制周期 5.0 ms）
2026-08-07 14:17:53,586 WARNING robot.realtime.clock [robot-continuous-jog] clock.py:103 | jog-joint 循环滞后 7.4 ms（超过一个控制周期 5.0 ms）
2026-08-07 14:17:53,586 ERROR   robot.realtime.motion_streamer [robot-motion-streamer] motion_streamer.py:136 | 关节指令下发失败：关节 1 指令加速度 975°/s² 超过上限 720°/s²
2026-08-07 14:17:53,593 WARNING robot.realtime.clock [robot-continuous-jog] clock.py:103 | jog-joint 循环滞后 9.1 ms（超过一个控制周期 5.0 ms）
2026-08-07 14:17:53,598 WARNING robot.realtime.clock [robot-continuous-jog] clock.py:103 | jog-joint 循环滞后 9.3 ms（超过一个控制周期 5.0 ms）
2026-08-07 14:17:53,602 WARNING robot.realtime.clock [robot-continuous-jog] clock.py:103 | jog-joint 循环滞后 8.3 ms（超过一个控制周期 5.0 ms）
2026-08-07 14:17:53,607 WARNING robot.realtime.clock [robot-continuous-jog] clock.py:103 | jog-joint 循环滞后 8.3 ms（超过一个控制周期 5.0 ms）
2026-08-07 14:17:53,612 WARNING robot.realtime.clock [robot-continuous-jog] clock.py:103 | jog-joint 循环滞后 8.1 ms（超过一个控制周期 5.0 ms）
2026-08-07 14:17:53,615 WARNING robot.realtime.clock [robot-continuous-jog] clock.py:103 | jog-joint 循环滞后 6.4 ms（超过一个控制周期 5.0 ms）
2026-08-07 14:17:53,615 ERROR   robot.realtime.motion_streamer [robot-motion-streamer] motion_streamer.py:136 | 关节指令下发失败：关节 1 指令加速度 2089°/s² 超过上限 720°/s²
2026-08-07 14:17:53,618 ERROR   robot.realtime.motion_streamer [robot-motion-streamer] motion_streamer.py:136 | 关节指令下发失败：关节 1 指令加速度 1123°/s² 超过上限 720°/s²
2026-08-07 14:17:53,620 ERROR   robot.realtime.motion_streamer [robot-motion-streamer] motion_streamer.py:136 | 关节指令下发失败：关节 1 指令加速度 1406°/s² 超过上限 720°/s²
2026-08-07 14:17:53,622 ERROR   robot.realtime.motion_streamer [robot-motion-streamer] motion_streamer.py:136 | 关节指令下发失败：关节 1 指令加速度 1522°/s² 超过上限 720°/s²
2026-08-07 14:17:53,632 ERROR   robot.realtime.motion_streamer [robot-motion-streamer] motion_streamer.py:136 | 关节指令下发失败：关节 1 指令加速度 2388°/s² 超过上限 720°/s²
2026-08-07 14:17:53,641 ERROR   robot.realtime.motion_streamer [robot-motion-streamer] motion_streamer.py:136 | 关节指令下发失败：关节 1 指令加速度 1124°/s² 超过上限 720°/s²
2026-08-07 14:17:53,648 ERROR   robot.realtime.motion_streamer [robot-motion-streamer] motion_streamer.py:136 | 关节指令下发失败：关节 1 指令速度 1455.8°/s 超过上限 180.0°/s
2026-08-07 14:17:53,651 ERROR   robot.realtime.motion_streamer [robot-motion-streamer] motion_streamer.py:136 | 关节指令下发失败：关节 1 指令加速度 7687°/s² 超过上限 720°/s²
2026-08-07 14:17:53,656 ERROR   robot.realtime.motion_streamer [robot-motion-streamer] motion_streamer.py:136 | 关节指令下发失败：关节 1 指令加速度 1751°/s² 超过上限 720°/s²
2026-08-07 14:17:53,666 ERROR   robot.realtime.motion_streamer [robot-motion-streamer] motion_streamer.py:136 | 关节指令下发失败：关节 1 指令加速度 1437°/s² 超过上限 720°/s²
2026-08-07 14:17:53,733 ERROR   robot.realtime.motion_streamer [robot-motion-streamer] motion_streamer.py:136 | 关节指令下发失败：关节 1 指令加速度 938°/s² 超过上限 720°/s²
2026-08-07 14:17:53,765 ERROR   robot.realtime.motion_streamer [robot-motion-streamer] motion_streamer.py:136 | 关节指令下发失败：关节 1 指令加速度 2815°/s² 超过上限 720°/s²
2026-08-07 14:17:53,821 ERROR   robot.realtime.motion_streamer [robot-motion-streamer] motion_streamer.py:136 | 关节指令下发失败：关节 1 指令加速度 1018°/s² 超过上限 720°/s²
2026-08-07 14:17:53,891 ERROR   robot.realtime.motion_streamer [robot-motion-streamer] motion_streamer.py:136 | 关节指令下发失败：关节 1 指令加速度 3343°/s² 超过上限 720°/s²
2026-08-07 14:17:53,896 ERROR   robot.realtime.motion_streamer [robot-motion-streamer] motion_streamer.py:136 | 关节指令下发失败：关节 1 指令加速度 881°/s² 超过上限 720°/s²
2026-08-07 14:17:53,947 ERROR   robot.realtime.motion_streamer [robot-motion-streamer] motion_streamer.py:136 | 关节指令下发失败：关节 1 指令加速度 905°/s² 超过上限 720°/s²
2026-08-07 14:17:54,068 ERROR   robot.realtime.motion_streamer [robot-motion-streamer] motion_streamer.py:136 | 关节指令下发失败：关节 1 指令加速度 926°/s² 超过上限 720°/s²
2026-08-07 14:17:54,555 ERROR   robot.realtime.motion_streamer [robot-motion-streamer] motion_streamer.py:136 | 关节指令下发失败：关节 1 指令速度 752.7°/s 超过上限 180.0°/s
2026-08-07 14:17:54,564 WARNING robot.realtime.clock [robot-continuous-jog] clock.py:103 | jog-joint 循环滞后 8.1 ms（超过一个控制周期 5.0 ms）
2026-08-07 14:17:54,567 ERROR   robot.realtime.motion_streamer [robot-motion-streamer] motion_streamer.py:136 | 关节指令下发失败：关节 1 指令加速度 1033°/s² 超过上限 720°/s²
2026-08-07 14:17:54,573 WARNING robot.realtime.clock [robot-continuous-jog] clock.py:103 | jog-joint 循环滞后 12.2 ms（超过一个控制周期 5.0 ms）
2026-08-07 14:17:54,578 WARNING robot.realtime.clock [robot-continuous-jog] clock.py:103 | jog-joint 循环滞后 12.3 ms（超过一个控制周期 5.0 ms）
2026-08-07 14:17:54,578 ERROR   robot.realtime.motion_streamer [robot-motion-streamer] motion_streamer.py:136 | 关节指令下发失败：关节 1 指令加速度 1199°/s² 超过上限 720°/s²
2026-08-07 14:17:54,582 WARNING robot.realtime.clock [robot-continuous-jog] clock.py:103 | jog-joint 循环滞后 11.1 ms（超过一个控制周期 5.0 ms）
2026-08-07 14:17:54,585 WARNING robot.realtime.clock [robot-continuous-jog] clock.py:103 | jog-joint 循环滞后 9.1 ms（超过一个控制周期 5.0 ms）
2026-08-07 14:17:54,585 ERROR   robot.realtime.motion_streamer [robot-motion-streamer] motion_streamer.py:136 | 关节指令下发失败：关节 1 指令加速度 2198°/s² 超过上限 720°/s²
2026-08-07 14:17:54,588 WARNING robot.realtime.clock [robot-continuous-jog] clock.py:103 | jog-joint 循环滞后 7.7 ms（超过一个控制周期 5.0 ms）
2026-08-07 14:17:54,591 WARNING robot.realtime.clock [robot-continuous-jog] clock.py:103 | jog-joint 循环滞后 6.0 ms（超过一个控制周期 5.0 ms）
2026-08-07 14:17:54,598 ERROR   robot.realtime.motion_streamer [robot-motion-streamer] motion_streamer.py:136 | 关节指令下发失败：关节 1 指令速度 2294.9°/s 超过上限 180.0°/s
2026-08-07 14:17:54,602 ERROR   robot.realtime.motion_streamer [robot-motion-streamer] motion_streamer.py:136 | 关节指令下发失败：关节 1 指令加速度 3360°/s² 超过上限 720°/s²
2026-08-07 14:17:54,612 ERROR   robot.realtime.motion_streamer [robot-motion-streamer] motion_streamer.py:136 | 关节指令下发失败：关节 1 指令加速度 1837°/s² 超过上限 720°/s²
2026-08-07 14:17:54,618 ERROR   robot.realtime.motion_streamer [robot-motion-streamer] motion_streamer.py:136 | 关节指令下发失败：关节 1 指令加速度 946°/s² 超过上限 720°/s²
2026-08-07 14:17:54,639 ERROR   robot.realtime.motion_streamer [robot-motion-streamer] motion_streamer.py:136 | 关节指令下发失败：关节 1 指令加速度 1464°/s² 超过上限 720°/s²
2026-08-07 14:17:54,669 ERROR   robot.realtime.motion_streamer [robot-motion-streamer] motion_streamer.py:136 | 关节指令下发失败：关节 1 指令加速度 1237°/s² 超过上限 720°/s²
2026-08-07 14:17:54,719 ERROR   robot.realtime.motion_streamer [robot-motion-streamer] motion_streamer.py:136 | 关节指令下发失败：关节 1 指令加速度 2140°/s² 超过上限 720°/s²
2026-08-07 14:17:54,730 ERROR   robot.realtime.motion_streamer [robot-motion-streamer] motion_streamer.py:136 | 关节指令下发失败：关节 1 指令加速度 908°/s² 超过上限 720°/s²
2026-08-07 14:17:54,740 ERROR   robot.realtime.motion_streamer [robot-motion-streamer] motion_streamer.py:136 | 关节指令下发失败：关节 1 指令加速度 1755°/s² 超过上限 720°/s²
2026-08-07 14:17:54,743 ERROR   robot.realtime.motion_streamer [robot-motion-streamer] motion_streamer.py:136 | 关节指令下发失败：关节 1 指令加速度 991°/s² 超过上限 720°/s²
2026-08-07 14:17:54,901 ERROR   robot.realtime.motion_streamer [robot-motion-streamer] motion_streamer.py:136 | 关节指令下发失败：关节 1 指令速度 840.4°/s 超过上限 180.0°/s
2026-08-07 14:17:54,905 ERROR   robot.realtime.motion_streamer [robot-motion-streamer] motion_streamer.py:136 | 关节指令下发失败：关节 1 指令加速度 8477°/s² 超过上限 720°/s²
2026-08-07 14:17:54,908 ERROR   robot.realtime.motion_streamer [robot-motion-streamer] motion_streamer.py:136 | 关节指令下发失败：关节 1 指令加速度 3487°/s² 超过上限 720°/s²
2026-08-07 14:17:54,913 ERROR   robot.realtime.motion_streamer [robot-motion-streamer] motion_streamer.py:136 | 关节指令下发失败：关节 1 指令加速度 1389°/s² 超过上限 720°/s²
2026-08-07 14:17:54,918 ERROR   robot.realtime.motion_streamer [robot-motion-streamer] motion_streamer.py:136 | 关节指令下发失败：关节 1 指令加速度 894°/s² 超过上限 720°/s²
2026-08-07 14:17:54,928 ERROR   robot.realtime.motion_streamer [robot-motion-streamer] motion_streamer.py:136 | 关节指令下发失败：关节 1 指令加速度 1091°/s² 超过上限 720°/s²
2026-08-07 14:17:55,007 ERROR   robot.realtime.motion_streamer [robot-motion-streamer] motion_streamer.py:136 | 关节指令下发失败：关节 1 指令加速度 945°/s² 超过上限 720°/s²
2026-08-07 14:17:55,069 ERROR   robot.realtime.motion_streamer [robot-motion-streamer] motion_streamer.py:136 | 关节指令下发失败：关节 1 指令加速度 1224°/s² 超过上限 720°/s²
2026-08-07 14:17:55,159 ERROR   robot.realtime.motion_streamer [robot-motion-streamer] motion_streamer.py:136 | 关节指令下发失败：关节 1 指令加速度 946°/s² 超过上限 720°/s²
2026-08-07 14:17:55,184 ERROR   robot.realtime.motion_streamer [robot-motion-streamer] motion_streamer.py:136 | 关节指令下发失败：关节 1 指令加速度 1041°/s² 超过上限 720°/s²
2026-08-07 14:17:55,279 ERROR   robot.realtime.motion_streamer [robot-motion-streamer] motion_streamer.py:136 | 关节指令下发失败：关节 1 指令加速度 1024°/s² 超过上限 720°/s²
2026-08-07 14:17:55,394 ERROR   robot.realtime.motion_streamer [robot-motion-streamer] motion_streamer.py:136 | 关节指令下发失败：关节 1 指令加速度 2062°/s² 超过上限 720°/s²
2026-08-07 14:17:55,418 ERROR   robot.realtime.motion_streamer [robot-motion-streamer] motion_streamer.py:136 | 关节指令下发失败：关节 1 指令加速度 1778°/s² 超过上限 720°/s²
2026-08-07 14:17:55,429 ERROR   robot.realtime.motion_streamer [robot-motion-streamer] motion_streamer.py:136 | 关节指令下发失败：关节 1 指令加速度 1270°/s² 超过上限 720°/s²
2026-08-07 14:17:55,439 ERROR   robot.realtime.motion_streamer [robot-motion-streamer] motion_streamer.py:136 | 关节指令下发失败：关节 1 指令加速度 1438°/s² 超过上限 720°/s²
2026-08-07 14:17:55,513 ERROR   robot.realtime.motion_streamer [robot-motion-streamer] motion_streamer.py:136 | 关节指令下发失败：关节 1 指令加速度 2496°/s² 超过上限 720°/s²
2026-08-07 14:17:55,548 ERROR   robot.realtime.motion_streamer [robot-motion-streamer] motion_streamer.py:136 | 关节指令下发失败：关节 1 指令加速度 4643°/s² 超过上限 720°/s²
2026-08-07 14:17:55,583 ERROR   robot.realtime.motion_streamer [robot-motion-streamer] motion_streamer.py:136 | 关节指令下发失败：关节 1 指令加速度 1981°/s² 超过上限 720°/s²
2026-08-07 14:17:55,633 ERROR   robot.realtime.motion_streamer [robot-motion-streamer] motion_streamer.py:136 | 关节指令下发失败：关节 1 指令加速度 1015°/s² 超过上限 720°/s²
2026-08-07 14:17:55,673 ERROR   robot.realtime.motion_streamer [robot-motion-streamer] motion_streamer.py:136 | 关节指令下发失败：关节 1 指令加速度 1195°/s² 超过上限 720°/s²
2026-08-07 14:17:55,758 ERROR   robot.realtime.motion_streamer [robot-motion-streamer] motion_streamer.py:136 | 关节指令下发失败：关节 1 指令加速度 1703°/s² 超过上限 720°/s²
2026-08-07 14:17:55,810 ERROR   robot.realtime.motion_streamer [robot-motion-streamer] motion_streamer.py:136 | 关节指令下发失败：关节 1 指令加速度 8211°/s² 超过上限 720°/s²
2026-08-07 14:17:55,814 ERROR   robot.realtime.motion_streamer [robot-motion-streamer] motion_streamer.py:136 | 关节指令下发失败：关节 1 指令加速度 1836°/s² 超过上限 720°/s²
2026-08-07 14:17:55,826 ERROR   robot.realtime.motion_streamer [robot-motion-streamer] motion_streamer.py:136 | 关节指令下发失败：关节 1 指令加速度 989°/s² 超过上限 720°/s²
2026-08-07 14:17:55,844 ERROR   robot.realtime.motion_streamer [robot-motion-streamer] motion_streamer.py:136 | 关节指令下发失败：关节 1 指令加速度 2769°/s² 超过上限 720°/s²
2026-08-07 14:17:57,178 ERROR   robot.realtime.motion_streamer [robot-motion-streamer] motion_streamer.py:136 | 关节指令下发失败：关节 1 指令加速度 2115°/s² 超过上限 720°/s²
2026-08-07 14:17:57,187 ERROR   robot.realtime.motion_streamer [robot-motion-streamer] motion_streamer.py:136 | 关节指令下发失败：关节 1 指令加速度 12292°/s² 超过上限 720°/s²
2026-08-07 14:17:57,189 ERROR   robot.realtime.motion_streamer [robot-motion-streamer] motion_streamer.py:136 | 关节指令下发失败：关节 1 指令加速度 6599°/s² 超过上限 720°/s²
2026-08-07 14:17:57,192 ERROR   robot.realtime.motion_streamer [robot-motion-streamer] motion_streamer.py:136 | 关节指令下发失败：关节 1 指令加速度 3461°/s² 超过上限 720°/s²
2026-08-07 14:17:57,197 ERROR   robot.realtime.motion_streamer [robot-motion-streamer] motion_streamer.py:136 | 关节指令下发失败：关节 1 指令加速度 1363°/s² 超过上限 720°/s²
2026-08-07 14:17:57,207 ERROR   robot.realtime.motion_streamer [robot-motion-streamer] motion_streamer.py:136 | 关节指令下发失败：关节 1 指令加速度 1608°/s² 超过上限 720°/s²
2026-08-07 14:17:57,304 ERROR   robot.realtime.motion_streamer [robot-motion-streamer] motion_streamer.py:136 | 关节指令下发失败：关节 1 指令加速度 2300°/s² 超过上限 720°/s²
2026-08-07 14:17:57,307 ERROR   robot.realtime.motion_streamer [robot-motion-streamer] motion_streamer.py:136 | 关节指令下发失败：关节 1 指令加速度 926°/s² 超过上限 720°/s²
2026-08-07 14:17:57,319 ERROR   robot.realtime.motion_streamer [robot-motion-streamer] motion_streamer.py:136 | 关节指令下发失败：关节 1 指令加速度 1210°/s² 超过上限 720°/s²
2026-08-07 14:17:57,348 ERROR   robot.realtime.motion_streamer [robot-motion-streamer] motion_streamer.py:136 | 关节指令下发失败：关节 1 指令加速度 1039°/s² 超过上限 720°/s²
2026-08-07 14:17:57,403 ERROR   robot.realtime.motion_streamer [robot-motion-streamer] motion_streamer.py:136 | 关节指令下发失败：关节 1 指令速度 951.9°/s 超过上限 180.0°/s
2026-08-07 14:17:57,404 ERROR   robot.realtime.motion_streamer [robot-motion-streamer] motion_streamer.py:136 | 关节指令下发失败：关节 1 指令加速度 127659°/s² 超过上限 720°/s²
2026-08-07 14:17:57,408 ERROR   robot.realtime.motion_streamer [robot-motion-streamer] motion_streamer.py:136 | 关节指令下发失败：关节 1 指令加速度 7492°/s² 超过上限 720°/s²
2026-08-07 14:17:57,413 ERROR   robot.realtime.motion_streamer [robot-motion-streamer] motion_streamer.py:136 | 关节指令下发失败：关节 1 指令加速度 2339°/s² 超过上限 720°/s²
2026-08-07 14:17:57,417 ERROR   robot.realtime.motion_streamer [robot-motion-streamer] motion_streamer.py:136 | 关节指令下发失败：关节 1 指令加速度 1494°/s² 超过上限 720°/s²
2026-08-07 14:17:57,422 ERROR   robot.realtime.motion_streamer [robot-motion-streamer] motion_streamer.py:136 | 关节指令下发失败：关节 1 指令加速度 899°/s² 超过上限 720°/s²
2026-08-07 14:17:57,433 ERROR   robot.realtime.motion_streamer [robot-motion-streamer] motion_streamer.py:136 | 关节指令下发失败：关节 1 指令加速度 1372°/s² 超过上限 720°/s²
2026-08-07 14:17:57,461 ERROR   robot.realtime.motion_streamer [robot-motion-streamer] motion_streamer.py:136 | 关节指令下发失败：关节 1 指令速度 607.8°/s 超过上限 180.0°/s
2026-08-07 14:17:57,469 ERROR   robot.realtime.motion_streamer [robot-motion-streamer] motion_streamer.py:136 | 关节指令下发失败：关节 1 指令加速度 1320°/s² 超过上限 720°/s²
2026-08-07 14:17:57,470 ERROR   robot.realtime.motion_streamer [robot-motion-streamer] motion_streamer.py:136 | 关节指令下发失败：关节 1 指令加速度 2111°/s² 超过上限 720°/s²
2026-08-07 14:17:57,472 ERROR   robot.realtime.motion_streamer [robot-motion-streamer] motion_streamer.py:136 | 关节指令下发失败：关节 1 指令加速度 1673°/s² 超过上限 720°/s²
2026-08-07 14:17:57,477 ERROR   robot.realtime.motion_streamer [robot-motion-streamer] motion_streamer.py:136 | 关节指令下发失败：关节 1 指令加速度 982°/s² 超过上限 720°/s²
2026-08-07 14:17:57,487 ERROR   robot.realtime.motion_streamer [robot-motion-streamer] motion_streamer.py:136 | 关节指令下发失败：关节 1 指令加速度 1211°/s² 超过上限 720°/s²
2026-08-07 14:17:57,518 ERROR   robot.realtime.motion_streamer [robot-motion-streamer] motion_streamer.py:136 | 关节指令下发失败：关节 1 指令加速度 1299°/s² 超过上限 720°/s²
2026-08-07 14:17:57,543 ERROR   robot.realtime.motion_streamer [robot-motion-streamer] motion_streamer.py:136 | 关节指令下发失败：关节 1 指令加速度 1894°/s² 超过上限 720°/s²
2026-08-07 14:17:57,559 ERROR   robot.realtime.motion_streamer [robot-motion-streamer] motion_streamer.py:136 | 关节指令下发失败：关节 1 指令加速度 1826°/s² 超过上限 720°/s²
2026-08-07 14:17:57,607 ERROR   robot.realtime.motion_streamer [robot-motion-streamer] motion_streamer.py:136 | 关节指令下发失败：关节 1 指令加速度 5248°/s² 超过上限 720°/s²
2026-08-07 14:17:57,612 ERROR   robot.realtime.motion_streamer [robot-motion-streamer] motion_streamer.py:136 | 关节指令下发失败：关节 1 指令加速度 1151°/s² 超过上限 720°/s²
2026-08-07 14:17:57,730 ERROR   robot.realtime.motion_streamer [robot-motion-streamer] motion_streamer.py:136 | 关节指令下发失败：关节 1 指令速度 1415.7°/s 超过上限 180.0°/s
2026-08-07 14:17:57,730 ERROR   robot.realtime.motion_streamer [robot-motion-streamer] motion_streamer.py:136 | 关节指令下发失败：关节 1 指令加速度 296839°/s² 超过上限 720°/s²
2026-08-07 14:17:57,731 ERROR   robot.realtime.motion_streamer [robot-motion-streamer] motion_streamer.py:136 | 关节指令下发失败：关节 1 指令加速度 86146°/s² 超过上限 720°/s²
2026-08-07 14:17:57,733 ERROR   robot.realtime.motion_streamer [robot-motion-streamer] motion_streamer.py:136 | 关节指令下发失败：关节 1 指令加速度 36697°/s² 超过上限 720°/s²
2026-08-07 14:17:57,736 ERROR   robot.realtime.motion_streamer [robot-motion-streamer] motion_streamer.py:136 | 关节指令下发失败：关节 1 指令加速度 7356°/s² 超过上限 720°/s²
2026-08-07 14:17:57,742 ERROR   robot.realtime.motion_streamer [robot-motion-streamer] motion_streamer.py:136 | 关节指令下发失败：关节 1 指令加速度 2451°/s² 超过上限 720°/s²
2026-08-07 14:17:57,747 ERROR   robot.realtime.motion_streamer [robot-motion-streamer] motion_streamer.py:136 | 关节指令下发失败：关节 1 指令加速度 1349°/s² 超过上限 720°/s²
2026-08-07 14:17:57,752 ERROR   robot.realtime.motion_streamer [robot-motion-streamer] motion_streamer.py:136 | 关节指令下发失败：关节 1 指令加速度 915°/s² 超过上限 720°/s²
2026-08-07 14:17:57,763 ERROR   robot.realtime.motion_streamer [robot-motion-streamer] motion_streamer.py:136 | 关节指令下发失败：关节 1 指令加速度 2108°/s² 超过上限 720°/s²
2026-08-07 14:17:57,767 ERROR   robot.realtime.motion_streamer [robot-motion-streamer] motion_streamer.py:136 | 关节指令下发失败：关节 1 指令加速度 1021°/s² 超过上限 720°/s²
2026-08-07 14:17:57,788 ERROR   robot.realtime.motion_streamer [robot-motion-streamer] motion_streamer.py:136 | 关节指令下发失败：关节 1 指令加速度 1731°/s² 超过上限 720°/s²
2026-08-07 14:17:57,819 ERROR   robot.realtime.motion_streamer [robot-motion-streamer] motion_streamer.py:136 | 关节指令下发失败：关节 1 指令加速度 1213°/s² 超过上限 720°/s²
2026-08-07 14:17:57,829 ERROR   robot.realtime.motion_streamer [robot-motion-streamer] motion_streamer.py:136 | 关节指令下发失败：关节 1 指令加速度 1039°/s² 超过上限 720°/s²
2026-08-07 14:17:57,839 ERROR   robot.realtime.motion_streamer [robot-motion-streamer] motion_streamer.py:136 | 关节指令下发失败：关节 1 指令加速度 20788°/s² 超过上限 720°/s²
2026-08-07 14:17:57,842 ERROR   robot.realtime.motion_streamer [robot-motion-streamer] motion_streamer.py:136 | 关节指令下发失败：关节 1 指令加速度 4537°/s² 超过上限 720°/s²
2026-08-07 14:17:57,847 ERROR   robot.realtime.motion_streamer [robot-motion-streamer] motion_streamer.py:136 | 关节指令下发失败：关节 1 指令加速度 1433°/s² 超过上限 720°/s²
2026-08-07 14:17:57,857 ERROR   robot.realtime.motion_streamer [robot-motion-streamer] motion_streamer.py:136 | 关节指令下发失败：关节 1 指令加速度 1359°/s² 超过上限 720°/s²
2026-08-07 14:17:57,913 ERROR   robot.realtime.motion_streamer [robot-motion-streamer] motion_streamer.py:136 | 关节指令下发失败：关节 1 指令加速度 1008°/s² 超过上限 720°/s²
2026-08-07 14:17:57,982 ERROR   robot.realtime.motion_streamer [robot-motion-streamer] motion_streamer.py:136 | 关节指令下发失败：关节 1 指令加速度 1288°/s² 超过上限 720°/s²
2026-08-07 14:17:57,997 ERROR   robot.realtime.motion_streamer [robot-motion-streamer] motion_streamer.py:136 | 关节指令下发失败：关节 1 指令加速度 1374°/s² 超过上限 720°/s²
2026-08-07 14:17:58,039 ERROR   robot.realtime.motion_streamer [robot-motion-streamer] motion_streamer.py:136 | 关节指令下发失败：关节 1 指令加速度 1520°/s² 超过上限 720°/s²
2026-08-07 14:17:58,083 ERROR   robot.realtime.motion_streamer [robot-motion-streamer] motion_streamer.py:136 | 关节指令下发失败：关节 1 指令加速度 7813°/s² 超过上限 720°/s²
2026-08-07 14:17:58,086 ERROR   robot.realtime.motion_streamer [robot-motion-streamer] motion_streamer.py:136 | 关节指令下发失败：关节 1 指令加速度 2717°/s² 超过上限 720°/s²
2026-08-07 14:17:58,087 ERROR   robot.realtime.motion_streamer [robot-motion-streamer] motion_streamer.py:136 | 关节指令下发失败：关节 1 指令加速度 2712°/s² 超过上限 720°/s²
2026-08-07 14:17:58,093 ERROR   robot.realtime.motion_streamer [robot-motion-streamer] motion_streamer.py:136 | 关节指令下发失败：关节 1 指令加速度 1069°/s² 超过上限 720°/s²
2026-08-07 14:17:58,102 ERROR   robot.realtime.motion_streamer [robot-motion-streamer] motion_streamer.py:136 | 关节指令下发失败：关节 1 指令加速度 1242°/s² 超过上限 720°/s²
2026-08-07 14:17:58,203 ERROR   robot.realtime.motion_streamer [robot-motion-streamer] motion_streamer.py:136 | 关节指令下发失败：关节 1 指令加速度 1584°/s² 超过上限 720°/s²
2026-08-07 14:17:58,228 ERROR   robot.realtime.motion_streamer [robot-motion-streamer] motion_streamer.py:136 | 关节指令下发失败：关节 1 指令加速度 1619°/s² 超过上限 720°/s²
2026-08-07 14:17:58,338 ERROR   robot.realtime.motion_streamer [robot-motion-streamer] motion_streamer.py:136 | 关节指令下发失败：关节 1 指令速度 1067.9°/s 超过上限 180.0°/s
2026-08-07 14:17:58,342 ERROR   robot.realtime.motion_streamer [robot-motion-streamer] motion_streamer.py:136 | 关节指令下发失败：关节 1 指令加速度 5536°/s² 超过上限 720°/s²
2026-08-07 14:17:58,346 ERROR   robot.realtime.motion_streamer [robot-motion-streamer] motion_streamer.py:136 | 关节指令下发失败：关节 1 指令加速度 1813°/s² 超过上限 720°/s²
2026-08-07 14:17:58,351 ERROR   robot.realtime.motion_streamer [robot-motion-streamer] motion_streamer.py:136 | 关节指令下发失败：关节 1 指令加速度 881°/s² 超过上限 720°/s²
2026-08-07 14:17:58,452 ERROR   robot.realtime.motion_streamer [robot-motion-streamer] motion_streamer.py:136 | 关节指令下发失败：关节 1 指令加速度 951°/s² 超过上限 720°/s²
2026-08-07 14:17:58,567 ERROR   robot.realtime.motion_streamer [robot-motion-streamer] motion_streamer.py:136 | 关节指令下发失败：关节 1 指令速度 967.5°/s 超过上限 180.0°/s
2026-08-07 14:17:58,569 ERROR   robot.realtime.motion_streamer [robot-motion-streamer] motion_streamer.py:136 | 关节指令下发失败：关节 1 指令加速度 56015°/s² 超过上限 720°/s²
2026-08-07 14:17:58,569 ERROR   robot.realtime.motion_streamer [robot-motion-streamer] motion_streamer.py:136 | 关节指令下发失败：关节 1 指令加速度 72161°/s² 超过上限 720°/s²
2026-08-07 14:17:58,572 ERROR   robot.realtime.motion_streamer [robot-motion-streamer] motion_streamer.py:136 | 关节指令下发失败：关节 1 指令加速度 12351°/s² 超过上限 720°/s²
2026-08-07 14:17:58,577 ERROR   robot.realtime.motion_streamer [robot-motion-streamer] motion_streamer.py:136 | 关节指令下发失败：关节 1 指令加速度 3453°/s² 超过上限 720°/s²
2026-08-07 14:17:58,582 ERROR   robot.realtime.motion_streamer [robot-motion-streamer] motion_streamer.py:136 | 关节指令下发失败：关节 1 指令加速度 1809°/s² 超过上限 720°/s²
2026-08-07 14:17:58,587 ERROR   robot.realtime.motion_streamer [robot-motion-streamer] motion_streamer.py:136 | 关节指令下发失败：关节 1 指令加速度 1146°/s² 超过上限 720°/s²
2026-08-07 14:17:58,598 ERROR   robot.realtime.motion_streamer [robot-motion-streamer] motion_streamer.py:136 | 关节指令下发失败：关节 1 指令加速度 1646°/s² 超过上限 720°/s²
2026-08-07 14:17:58,644 ERROR   robot.realtime.motion_streamer [robot-motion-streamer] motion_streamer.py:136 | 关节指令下发失败：关节 1 指令速度 640.8°/s 超过上限 180.0°/s
2026-08-07 14:17:58,648 ERROR   robot.realtime.motion_streamer [robot-motion-streamer] motion_streamer.py:136 | 关节指令下发失败：关节 1 指令加速度 7175°/s² 超过上限 720°/s²
2026-08-07 14:17:58,649 ERROR   robot.realtime.motion_streamer [robot-motion-streamer] motion_streamer.py:136 | 关节指令下发失败：关节 1 指令加速度 9869°/s² 超过上限 720°/s²
2026-08-07 14:17:58,653 ERROR   robot.realtime.motion_streamer [robot-motion-streamer] motion_streamer.py:136 | 关节指令下发失败：关节 1 指令加速度 3625°/s² 超过上限 720°/s²
2026-08-07 14:17:58,658 ERROR   robot.realtime.motion_streamer [robot-motion-streamer] motion_streamer.py:136 | 关节指令下发失败：关节 1 指令加速度 1635°/s² 超过上限 720°/s²
2026-08-07 14:17:58,662 ERROR   robot.realtime.motion_streamer [robot-motion-streamer] motion_streamer.py:136 | 关节指令下发失败：关节 1 指令加速度 1127°/s² 超过上限 720°/s²
2026-08-07 14:17:58,672 ERROR   robot.realtime.motion_streamer [robot-motion-streamer] motion_streamer.py:136 | 关节指令下发失败：关节 1 指令加速度 1616°/s² 超过上限 720°/s²
2026-08-07 14:17:58,698 ERROR   robot.realtime.motion_streamer [robot-motion-streamer] motion_streamer.py:136 | 关节指令下发失败：关节 1 指令加速度 1418°/s² 超过上限 720°/s²
2026-08-07 14:17:58,708 ERROR   robot.realtime.motion_streamer [robot-motion-streamer] motion_streamer.py:136 | 关节指令下发失败：关节 1 指令加速度 939°/s² 超过上限 720°/s²
2026-08-07 14:17:58,723 ERROR   robot.realtime.motion_streamer [robot-motion-streamer] motion_streamer.py:136 | 关节指令下发失败：关节 1 指令加速度 1679°/s² 超过上限 720°/s²
2026-08-07 14:17:58,749 ERROR   robot.realtime.motion_streamer [robot-motion-streamer] motion_streamer.py:136 | 关节指令下发失败：关节 1 指令速度 683.6°/s 超过上限 180.0°/s
2026-08-07 14:17:58,753 ERROR   robot.realtime.motion_streamer [robot-motion-streamer] motion_streamer.py:136 | 关节指令下发失败：关节 1 指令加速度 7723°/s² 超过上限 720°/s²
2026-08-07 14:17:58,754 ERROR   robot.realtime.motion_streamer [robot-motion-streamer] motion_streamer.py:136 | 关节指令下发失败：关节 1 指令加速度 10634°/s² 超过上限 720°/s²
2026-08-07 14:17:58,757 ERROR   robot.realtime.motion_streamer [robot-motion-streamer] motion_streamer.py:136 | 关节指令下发失败：关节 1 指令加速度 4527°/s² 超过上限 720°/s²
2026-08-07 14:17:58,762 ERROR   robot.realtime.motion_streamer [robot-motion-streamer] motion_streamer.py:136 | 关节指令下发失败：关节 1 指令加速度 1883°/s² 超过上限 720°/s²
2026-08-07 14:17:58,767 ERROR   robot.realtime.motion_streamer [robot-motion-streamer] motion_streamer.py:136 | 关节指令下发失败：关节 1 指令加速度 1132°/s² 超过上限 720°/s²
2026-08-07 14:17:58,777 ERROR   robot.realtime.motion_streamer [robot-motion-streamer] motion_streamer.py:136 | 关节指令下发失败：关节 1 指令加速度 1653°/s² 超过上限 720°/s²
2026-08-07 14:17:58,783 ERROR   robot.realtime.motion_streamer [robot-motion-streamer] motion_streamer.py:136 | 关节指令下发失败：关节 1 指令加速度 865°/s² 超过上限 720°/s²
2026-08-07 14:17:58,798 ERROR   robot.realtime.motion_streamer [robot-motion-streamer] motion_streamer.py:136 | 关节指令下发失败：关节 1 指令加速度 1803°/s² 超过上限 720°/s²
2026-08-07 14:17:58,827 ERROR   robot.realtime.motion_streamer [robot-motion-streamer] motion_streamer.py:136 | 关节指令下发失败：关节 1 指令加速度 1708°/s² 超过上限 720°/s²
2026-08-07 14:17:58,829 ERROR   robot.realtime.motion_streamer [robot-motion-streamer] motion_streamer.py:136 | 关节指令下发失败：关节 1 指令加速度 2125°/s² 超过上限 720°/s²
2026-08-07 14:17:58,834 ERROR   robot.realtime.motion_streamer [robot-motion-streamer] motion_streamer.py:136 | 关节指令下发失败：关节 1 指令加速度 949°/s² 超过上限 720°/s²
2026-08-07 14:17:58,858 ERROR   robot.realtime.motion_streamer [robot-motion-streamer] motion_streamer.py:136 | 关节指令下发失败：关节 1 指令加速度 1473°/s² 超过上限 720°/s²
2026-08-07 14:17:58,936 ERROR   robot.realtime.motion_streamer [robot-motion-streamer] motion_streamer.py:136 | 关节指令下发失败：关节 1 指令速度 329.7°/s 超过上限 180.0°/s
2026-08-07 14:17:58,949 ERROR   robot.realtime.motion_streamer [robot-motion-streamer] motion_streamer.py:136 | 关节指令下发失败：关节 1 指令速度 752.6°/s 超过上限 180.0°/s
2026-08-07 14:17:58,949 ERROR   robot.realtime.motion_streamer [robot-motion-streamer] motion_streamer.py:136 | 关节指令下发失败：关节 1 指令速度 594.1°/s 超过上限 180.0°/s
2026-08-07 14:17:58,953 ERROR   robot.realtime.motion_streamer [robot-motion-streamer] motion_streamer.py:136 | 关节指令下发失败：关节 1 指令加速度 10963°/s² 超过上限 720°/s²
2026-08-07 14:17:58,957 ERROR   robot.realtime.motion_streamer [robot-motion-streamer] motion_streamer.py:136 | 关节指令下发失败：关节 1 指令加速度 2949°/s² 超过上限 720°/s²
2026-08-07 14:17:58,963 ERROR   robot.realtime.motion_streamer [robot-motion-streamer] motion_streamer.py:136 | 关节指令下发失败：关节 1 指令加速度 918°/s² 超过上限 720°/s²
2026-08-07 14:17:58,975 ERROR   robot.realtime.motion_streamer [robot-motion-streamer] motion_streamer.py:136 | 关节指令下发失败：关节 1 指令速度 593.7°/s 超过上限 180.0°/s
2026-08-07 14:17:58,979 ERROR   robot.realtime.motion_streamer [robot-motion-streamer] motion_streamer.py:136 | 关节指令下发失败：关节 1 指令加速度 5540°/s² 超过上限 720°/s²
2026-08-07 14:17:58,982 ERROR   robot.realtime.motion_streamer [robot-motion-streamer] motion_streamer.py:136 | 关节指令下发失败：关节 1 指令加速度 1746°/s² 超过上限 720°/s²
2026-08-07 14:17:58,992 ERROR   robot.realtime.motion_streamer [robot-motion-streamer] motion_streamer.py:136 | 关节指令下发失败：关节 1 指令加速度 1931°/s² 超过上限 720°/s²
2026-08-07 14:17:58,997 ERROR   robot.realtime.motion_streamer [robot-motion-streamer] motion_streamer.py:136 | 关节指令下发失败：关节 1 指令加速度 909°/s² 超过上限 720°/s²
2026-08-07 14:17:59,024 ERROR   robot.realtime.motion_streamer [robot-motion-streamer] motion_streamer.py:136 | 关节指令下发失败：关节 1 指令加速度 8450°/s² 超过上限 720°/s²
2026-08-07 14:17:59,027 ERROR   robot.realtime.motion_streamer [robot-motion-streamer] motion_streamer.py:136 | 关节指令下发失败：关节 1 指令加速度 3299°/s² 超过上限 720°/s²
2026-08-07 14:17:59,033 ERROR   robot.realtime.motion_streamer [robot-motion-streamer] motion_streamer.py:136 | 关节指令下发失败：关节 1 指令加速度 924°/s² 超过上限 720°/s²
2026-08-07 14:17:59,062 ERROR   robot.realtime.motion_streamer [robot-motion-streamer] motion_streamer.py:136 | 关节指令下发失败：关节 1 指令加速度 916°/s² 超过上限 720°/s²
2026-08-07 14:17:59,083 ERROR   robot.realtime.motion_streamer [robot-motion-streamer] motion_streamer.py:136 | 关节指令下发失败：关节 1 指令加速度 2626°/s² 超过上限 720°/s²
2026-08-07 14:17:59,106 ERROR   robot.realtime.motion_streamer [robot-motion-streamer] motion_streamer.py:136 | 关节指令下发失败：关节 1 指令速度 1002.3°/s 超过上限 180.0°/s
2026-08-07 14:17:59,113 ERROR   robot.realtime.motion_streamer [robot-motion-streamer] motion_streamer.py:136 | 关节指令下发失败：关节 1 指令加速度 2040°/s² 超过上限 720°/s²
2026-08-07 14:17:59,114 ERROR   robot.realtime.motion_streamer [robot-motion-streamer] motion_streamer.py:136 | 关节指令下发失败：关节 1 指令加速度 2867°/s² 超过上限 720°/s²
2026-08-07 14:17:59,117 ERROR   robot.realtime.motion_streamer [robot-motion-streamer] motion_streamer.py:136 | 关节指令下发失败：关节 1 指令加速度 1752°/s² 超过上限 720°/s²
2026-08-07 14:17:59,122 ERROR   robot.realtime.motion_streamer [robot-motion-streamer] motion_streamer.py:136 | 关节指令下发失败：关节 1 指令加速度 1036°/s² 超过上限 720°/s²
2026-08-07 14:17:59,142 ERROR   robot.realtime.motion_streamer [robot-motion-streamer] motion_streamer.py:136 | 关节指令下发失败：关节 1 指令加速度 1063°/s² 超过上限 720°/s²
2026-08-07 14:17:59,154 WARNING robot.realtime.clock [robot-continuous-jog] clock.py:103 | jog-joint 循环滞后 9.7 ms（超过一个控制周期 5.0 ms）
2026-08-07 14:17:59,165 WARNING robot.realtime.clock [robot-continuous-jog] clock.py:103 | jog-joint 循环滞后 15.3 ms（超过一个控制周期 5.0 ms）
2026-08-07 14:17:59,168 WARNING robot.realtime.clock [robot-continuous-jog] clock.py:103 | jog-joint 循环滞后 13.6 ms（超过一个控制周期 5.0 ms）
2026-08-07 14:17:59,168 ERROR   robot.realtime.motion_streamer [robot-motion-streamer] motion_streamer.py:136 | 关节指令下发失败：关节 1 指令加速度 4711°/s² 超过上限 720°/s²
2026-08-07 14:17:59,172 WARNING robot.realtime.clock [robot-continuous-jog] clock.py:103 | jog-joint 循环滞后 12.8 ms（超过一个控制周期 5.0 ms）
2026-08-07 14:17:59,173 ERROR   robot.realtime.motion_streamer [robot-motion-streamer] motion_streamer.py:136 | 关节指令下发失败：关节 1 指令加速度 1424°/s² 超过上限 720°/s²
2026-08-07 14:17:59,177 WARNING robot.realtime.clock [robot-continuous-jog] clock.py:103 | jog-joint 循环滞后 12.8 ms（超过一个控制周期 5.0 ms）
2026-08-07 14:17:59,177 ERROR   robot.realtime.motion_streamer [robot-motion-streamer] motion_streamer.py:136 | 关节指令下发失败：关节 1 指令加速度 877°/s² 超过上限 720°/s²
2026-08-07 14:17:59,181 WARNING robot.realtime.clock [robot-continuous-jog] clock.py:103 | jog-joint 循环滞后 11.7 ms（超过一个控制周期 5.0 ms）
2026-08-07 14:17:59,184 WARNING robot.realtime.clock [robot-continuous-jog] clock.py:103 | jog-joint 循环滞后 9.8 ms（超过一个控制周期 5.0 ms）
2026-08-07 14:17:59,185 ERROR   robot.realtime.motion_streamer [robot-motion-streamer] motion_streamer.py:136 | 关节指令下发失败：关节 1 指令加速度 1162°/s² 超过上限 720°/s²
2026-08-07 14:17:59,187 WARNING robot.realtime.clock [robot-continuous-jog] clock.py:103 | jog-joint 循环滞后 7.3 ms（超过一个控制周期 5.0 ms）
2026-08-07 14:17:59,187 ERROR   robot.realtime.motion_streamer [robot-motion-streamer] motion_streamer.py:136 | 关节指令下发失败：关节 1 指令加速度 1566°/s² 超过上限 720°/s²
2026-08-07 14:17:59,192 ERROR   robot.realtime.motion_streamer [robot-motion-streamer] motion_streamer.py:136 | 关节指令下发失败：关节 1 指令加速度 5214°/s² 超过上限 720°/s²
2026-08-07 14:17:59,192 ERROR   robot.realtime.motion_streamer [robot-motion-streamer] motion_streamer.py:136 | 关节指令下发失败：关节 1 指令加速度 20099°/s² 超过上限 720°/s²
2026-08-07 14:17:59,196 ERROR   robot.realtime.motion_streamer [robot-motion-streamer] motion_streamer.py:136 | 关节指令下发失败：关节 1 指令加速度 1782°/s² 超过上限 720°/s²
2026-08-07 14:17:59,206 ERROR   robot.realtime.motion_streamer [robot-motion-streamer] motion_streamer.py:136 | 关节指令下发失败：关节 1 指令加速度 2357°/s² 超过上限 720°/s²
2026-08-07 14:17:59,212 ERROR   robot.realtime.motion_streamer [robot-motion-streamer] motion_streamer.py:136 | 关节指令下发失败：关节 1 指令加速度 1201°/s² 超过上限 720°/s²
2026-08-07 14:17:59,257 ERROR   robot.realtime.motion_streamer [robot-motion-streamer] motion_streamer.py:136 | 关节指令下发失败：关节 1 指令加速度 1306°/s² 超过上限 720°/s²
2026-08-07 14:17:59,304 ERROR   robot.realtime.motion_streamer [robot-motion-streamer] motion_streamer.py:136 | 关节指令下发失败：关节 1 指令加速度 2019°/s² 超过上限 720°/s²
2026-08-07 14:17:59,306 ERROR   robot.realtime.motion_streamer [robot-motion-streamer] motion_streamer.py:136 | 关节指令下发失败：关节 1 指令加速度 1923°/s² 超过上限 720°/s²
2026-08-07 14:17:59,317 ERROR   robot.realtime.motion_streamer [robot-motion-streamer] motion_streamer.py:136 | 关节指令下发失败：关节 1 指令加速度 986°/s² 超过上限 720°/s²
2026-08-07 14:17:59,384 ERROR   robot.realtime.motion_streamer [robot-motion-streamer] motion_streamer.py:136 | 关节指令下发失败：关节 1 指令速度 832.7°/s 超过上限 180.0°/s
2026-08-07 14:17:59,388 ERROR   robot.realtime.motion_streamer [robot-motion-streamer] motion_streamer.py:136 | 关节指令下发失败：关节 1 指令加速度 12054°/s² 超过上限 720°/s²
2026-08-07 14:17:59,392 ERROR   robot.realtime.motion_streamer [robot-motion-streamer] motion_streamer.py:136 | 关节指令下发失败：关节 1 指令加速度 2927°/s² 超过上限 720°/s²
2026-08-07 14:17:59,397 ERROR   robot.realtime.motion_streamer [robot-motion-streamer] motion_streamer.py:136 | 关节指令下发失败：关节 1 指令加速度 1273°/s² 超过上限 720°/s²
2026-08-07 14:17:59,407 ERROR   robot.realtime.motion_streamer [robot-motion-streamer] motion_streamer.py:136 | 关节指令下发失败：关节 1 指令加速度 1014°/s² 超过上限 720°/s²
2026-08-07 14:17:59,438 ERROR   robot.realtime.motion_streamer [robot-motion-streamer] motion_streamer.py:136 | 关节指令下发失败：关节 1 指令加速度 2445°/s² 超过上限 720°/s²
2026-08-07 14:17:59,462 ERROR   robot.realtime.motion_streamer [robot-motion-streamer] motion_streamer.py:136 | 关节指令下发失败：关节 1 指令加速度 913°/s² 超过上限 720°/s²
2026-08-07 14:17:59,479 ERROR   robot.realtime.motion_streamer [robot-motion-streamer] motion_streamer.py:136 | 关节指令下发失败：关节 1 指令加速度 1517°/s² 超过上限 720°/s²
2026-08-07 14:18:00,132 ERROR   robot.realtime.motion_streamer [robot-motion-streamer] motion_streamer.py:136 | 关节指令下发失败：关节 1 指令速度 1165.4°/s 超过上限 180.0°/s
2026-08-07 14:18:00,136 ERROR   robot.realtime.motion_streamer [robot-motion-streamer] motion_streamer.py:136 | 关节指令下发失败：关节 1 指令加速度 8133°/s² 超过上限 720°/s²
2026-08-07 14:18:00,138 ERROR   robot.realtime.motion_streamer [robot-motion-streamer] motion_streamer.py:136 | 关节指令下发失败：关节 1 指令加速度 5470°/s² 超过上限 720°/s²
2026-08-07 14:18:00,144 ERROR   robot.realtime.motion_streamer [robot-motion-streamer] motion_streamer.py:136 | 关节指令下发失败：关节 1 指令加速度 2278°/s² 超过上限 720°/s²
2026-08-07 14:18:00,149 ERROR   robot.realtime.motion_streamer [robot-motion-streamer] motion_streamer.py:136 | 关节指令下发失败：关节 1 指令加速度 1386°/s² 超过上限 720°/s²
2026-08-07 14:18:00,154 ERROR   robot.realtime.motion_streamer [robot-motion-streamer] motion_streamer.py:136 | 关节指令下发失败：关节 1 指令加速度 950°/s² 超过上限 720°/s²
2026-08-07 14:18:00,218 ERROR   robot.realtime.motion_streamer [robot-motion-streamer] motion_streamer.py:136 | 关节指令下发失败：关节 1 指令加速度 903°/s² 超过上限 720°/s²
2026-08-07 14:18:00,240 ERROR   robot.realtime.motion_streamer [robot-motion-streamer] motion_streamer.py:136 | 关节指令下发失败：关节 1 指令加速度 1277°/s² 超过上限 720°/s²
2026-08-07 14:18:00,410 ERROR   robot.realtime.motion_streamer [robot-motion-streamer] motion_streamer.py:136 | 关节指令下发失败：关节 1 指令速度 939.5°/s 超过上限 180.0°/s
2026-08-07 14:18:00,416 ERROR   robot.realtime.motion_streamer [robot-motion-streamer] motion_streamer.py:136 | 关节指令下发失败：关节 1 指令加速度 4524°/s² 超过上限 720°/s²
2026-08-07 14:18:00,416 ERROR   robot.realtime.motion_streamer [robot-motion-streamer] motion_streamer.py:136 | 关节指令下发失败：关节 1 指令加速度 5633°/s² 超过上限 720°/s²
2026-08-07 14:18:00,420 ERROR   robot.realtime.motion_streamer [robot-motion-streamer] motion_streamer.py:136 | 关节指令下发失败：关节 1 指令加速度 2770°/s² 超过上限 720°/s²
2026-08-07 14:18:00,425 ERROR   robot.realtime.motion_streamer [robot-motion-streamer] motion_streamer.py:136 | 关节指令下发失败：关节 1 指令加速度 1330°/s² 超过上限 720°/s²
2026-08-07 14:18:00,435 ERROR   robot.realtime.motion_streamer [robot-motion-streamer] motion_streamer.py:136 | 关节指令下发失败：关节 1 指令加速度 1271°/s² 超过上限 720°/s²
2026-08-07 14:18:00,485 ERROR   robot.realtime.motion_streamer [robot-motion-streamer] motion_streamer.py:136 | 关节指令下发失败：关节 1 指令加速度 3505°/s² 超过上限 720°/s²
2026-08-07 14:18:00,489 ERROR   robot.realtime.motion_streamer [robot-motion-streamer] motion_streamer.py:136 | 关节指令下发失败：关节 1 指令加速度 1541°/s² 超过上限 720°/s²
2026-08-07 14:18:00,499 ERROR   robot.realtime.motion_streamer [robot-motion-streamer] motion_streamer.py:136 | 关节指令下发失败：关节 1 指令加速度 961°/s² 超过上限 720°/s²
2026-08-07 14:18:00,534 ERROR   robot.realtime.motion_streamer [robot-motion-streamer] motion_streamer.py:136 | 关节指令下发失败：关节 1 指令加速度 872°/s² 超过上限 720°/s²
2026-08-07 14:18:00,561 ERROR   robot.realtime.motion_streamer [robot-motion-streamer] motion_streamer.py:136 | 关节指令下发失败：关节 1 指令加速度 1814°/s² 超过上限 720°/s²
2026-08-07 14:18:00,565 ERROR   robot.realtime.motion_streamer [robot-motion-streamer] motion_streamer.py:136 | 关节指令下发失败：关节 1 指令加速度 950°/s² 超过上限 720°/s²
2026-08-07 14:18:00,668 ERROR   robot.realtime.motion_streamer [robot-motion-streamer] motion_streamer.py:136 | 关节指令下发失败：关节 1 指令加速度 1704°/s² 超过上限 720°/s²
2026-08-07 14:18:00,671 ERROR   robot.realtime.motion_streamer [robot-motion-streamer] motion_streamer.py:136 | 关节指令下发失败：关节 1 指令加速度 1527°/s² 超过上限 720°/s²
2026-08-07 14:18:00,674 ERROR   robot.realtime.motion_streamer [robot-motion-streamer] motion_streamer.py:136 | 关节指令下发失败：关节 1 指令加速度 1125°/s² 超过上限 720°/s²
2026-08-07 14:18:00,686 ERROR   robot.realtime.motion_streamer [robot-motion-streamer] motion_streamer.py:136 | 关节指令下发失败：关节 1 指令加速度 1196°/s² 超过上限 720°/s²
2026-08-07 14:18:00,703 ERROR   robot.realtime.motion_streamer [robot-motion-streamer] motion_streamer.py:136 | 关节指令下发失败：关节 1 指令加速度 1377°/s² 超过上限 720°/s²
2026-08-07 14:18:00,724 ERROR   robot.realtime.motion_streamer [robot-motion-streamer] motion_streamer.py:136 | 关节指令下发失败：关节 1 指令加速度 4670°/s² 超过上限 720°/s²
2026-08-07 14:18:00,726 ERROR   robot.realtime.motion_streamer [robot-motion-streamer] motion_streamer.py:136 | 关节指令下发失败：关节 1 指令加速度 4568°/s² 超过上限 720°/s²
2026-08-07 14:18:00,730 ERROR   robot.realtime.motion_streamer [robot-motion-streamer] motion_streamer.py:136 | 关节指令下发失败：关节 1 指令加速度 1757°/s² 超过上限 720°/s²
2026-08-07 14:18:00,745 ERROR   robot.realtime.motion_streamer [robot-motion-streamer] motion_streamer.py:136 | 关节指令下发失败：关节 1 指令加速度 1121°/s² 超过上限 720°/s²
2026-08-07 14:18:00,770 ERROR   robot.realtime.motion_streamer [robot-motion-streamer] motion_streamer.py:136 | 关节指令下发失败：关节 1 指令加速度 2622°/s² 超过上限 720°/s²
2026-08-07 14:18:00,774 ERROR   robot.realtime.motion_streamer [robot-motion-streamer] motion_streamer.py:136 | 关节指令下发失败：关节 1 指令加速度 1156°/s² 超过上限 720°/s²
2026-08-07 14:18:00,887 ERROR   robot.realtime.motion_streamer [robot-motion-streamer] motion_streamer.py:136 | 关节指令下发失败：关节 1 指令速度 682.3°/s 超过上限 180.0°/s
2026-08-07 14:18:00,896 WARNING robot.realtime.clock [robot-continuous-jog] clock.py:103 | jog-joint 循环滞后 5.2 ms（超过一个控制周期 5.0 ms）
2026-08-07 14:18:00,899 ERROR   robot.realtime.motion_streamer [robot-motion-streamer] motion_streamer.py:136 | 关节指令下发失败：关节 1 指令速度 657.4°/s 超过上限 180.0°/s
2026-08-07 14:18:00,904 WARNING robot.realtime.clock [robot-continuous-jog] clock.py:103 | jog-joint 循环滞后 7.9 ms（超过一个控制周期 5.0 ms）
2026-08-07 14:18:00,905 ERROR   robot.realtime.motion_streamer [robot-motion-streamer] motion_streamer.py:136 | 关节指令下发失败：关节 1 指令加速度 1552°/s² 超过上限 720°/s²
2026-08-07 14:18:00,909 WARNING robot.realtime.clock [robot-continuous-jog] clock.py:103 | jog-joint 循环滞后 7.5 ms（超过一个控制周期 5.0 ms）
2026-08-07 14:18:00,911 WARNING robot.realtime.clock [robot-continuous-jog] clock.py:103 | jog-joint 循环滞后 5.2 ms（超过一个控制周期 5.0 ms）
2026-08-07 14:18:00,912 ERROR   robot.realtime.motion_streamer [robot-motion-streamer] motion_streamer.py:136 | 关节指令下发失败：关节 1 指令加速度 3056°/s² 超过上限 720°/s²
2026-08-07 14:18:00,916 ERROR   robot.realtime.motion_streamer [robot-motion-streamer] motion_streamer.py:136 | 关节指令下发失败：关节 1 指令速度 1144.8°/s 超过上限 180.0°/s
2026-08-07 14:18:00,918 ERROR   robot.realtime.motion_streamer [robot-motion-streamer] motion_streamer.py:136 | 关节指令下发失败：关节 1 指令加速度 16366°/s² 超过上限 720°/s²
2026-08-07 14:18:00,923 ERROR   robot.realtime.motion_streamer [robot-motion-streamer] motion_streamer.py:136 | 关节指令下发失败：关节 1 指令加速度 1043°/s² 超过上限 720°/s²
2026-08-07 14:18:00,934 ERROR   robot.realtime.motion_streamer [robot-motion-streamer] motion_streamer.py:136 | 关节指令下发失败：关节 1 指令加速度 2007°/s² 超过上限 720°/s²
2026-08-07 14:18:00,938 ERROR   robot.realtime.motion_streamer [robot-motion-streamer] motion_streamer.py:136 | 关节指令下发失败：关节 1 指令加速度 959°/s² 超过上限 720°/s²
2026-08-07 14:18:00,975 ERROR   robot.realtime.motion_streamer [robot-motion-streamer] motion_streamer.py:136 | 关节指令下发失败：关节 1 指令加速度 1145°/s² 超过上限 720°/s²
2026-08-07 14:18:00,994 ERROR   robot.realtime.motion_streamer [robot-motion-streamer] motion_streamer.py:136 | 关节指令下发失败：关节 1 指令加速度 1664°/s² 超过上限 720°/s²
2026-08-07 14:18:01,041 ERROR   robot.realtime.motion_streamer [robot-motion-streamer] motion_streamer.py:136 | 关节指令下发失败：关节 1 指令速度 1049.2°/s 超过上限 180.0°/s
2026-08-07 14:18:01,044 ERROR   robot.realtime.motion_streamer [robot-motion-streamer] motion_streamer.py:136 | 关节指令下发失败：关节 1 指令加速度 17482°/s² 超过上限 720°/s²
2026-08-07 14:18:01,049 ERROR   robot.realtime.motion_streamer [robot-motion-streamer] motion_streamer.py:136 | 关节指令下发失败：关节 1 指令加速度 2709°/s² 超过上限 720°/s²
2026-08-07 14:18:01,054 ERROR   robot.realtime.motion_streamer [robot-motion-streamer] motion_streamer.py:136 | 关节指令下发失败：关节 1 指令加速度 1093°/s² 超过上限 720°/s²
2026-08-07 14:18:01,064 ERROR   robot.realtime.motion_streamer [robot-motion-streamer] motion_streamer.py:136 | 关节指令下发失败：关节 1 指令加速度 1143°/s² 超过上限 720°/s²
2026-08-07 14:18:01,114 ERROR   robot.realtime.motion_streamer [robot-motion-streamer] motion_streamer.py:136 | 关节指令下发失败：关节 1 指令加速度 1117°/s² 超过上限 720°/s²
2026-08-07 14:18:01,134 ERROR   robot.realtime.motion_streamer [robot-motion-streamer] motion_streamer.py:136 | 关节指令下发失败：关节 1 指令加速度 1023°/s² 超过上限 720°/s²
2026-08-07 14:18:01,199 ERROR   robot.realtime.motion_streamer [robot-motion-streamer] motion_streamer.py:136 | 关节指令下发失败：关节 1 指令加速度 1579°/s² 超过上限 720°/s²
2026-08-07 14:18:01,241 ERROR   robot.realtime.motion_streamer [robot-motion-streamer] motion_streamer.py:136 | 关节指令下发失败：关节 1 指令加速度 1912°/s² 超过上限 720°/s²
2026-08-07 14:18:01,255 ERROR   robot.realtime.motion_streamer [robot-motion-streamer] motion_streamer.py:136 | 关节指令下发失败：关节 1 指令加速度 1083°/s² 超过上限 720°/s²
2026-08-07 14:18:01,360 ERROR   robot.realtime.motion_streamer [robot-motion-streamer] motion_streamer.py:136 | 关节指令下发失败：关节 1 指令加速度 982°/s² 超过上限 720°/s²
2026-08-07 14:18:01,383 ERROR   robot.realtime.motion_streamer [robot-motion-streamer] motion_streamer.py:136 | 关节指令下发失败：关节 1 指令加速度 4493°/s² 超过上限 720°/s²
2026-08-07 14:18:01,464 ERROR   robot.realtime.motion_streamer [robot-motion-streamer] motion_streamer.py:136 | 关节指令下发失败：关节 1 指令加速度 3211°/s² 超过上限 720°/s²
2026-08-07 14:18:01,559 ERROR   robot.realtime.motion_streamer [robot-motion-streamer] motion_streamer.py:136 | 关节指令下发失败：关节 1 指令加速度 1437°/s² 超过上限 720°/s²
2026-08-07 14:18:01,680 ERROR   robot.realtime.motion_streamer [robot-motion-streamer] motion_streamer.py:136 | 关节指令下发失败：关节 1 指令加速度 1138°/s² 超过上限 720°/s²
2026-08-07 14:18:01,703 ERROR   robot.realtime.motion_streamer [robot-motion-streamer] motion_streamer.py:136 | 关节指令下发失败：关节 1 指令加速度 7257°/s² 超过上限 720°/s²
2026-08-07 14:18:01,708 ERROR   robot.realtime.motion_streamer [robot-motion-streamer] motion_streamer.py:136 | 关节指令下发失败：关节 1 指令加速度 1147°/s² 超过上限 720°/s²
2026-08-07 14:18:01,844 ERROR   robot.realtime.motion_streamer [robot-motion-streamer] motion_streamer.py:136 | 关节指令下发失败：关节 1 指令加速度 1432°/s² 超过上限 720°/s²
2026-08-07 14:18:01,922 ERROR   robot.realtime.motion_streamer [robot-motion-streamer] motion_streamer.py:136 | 关节指令下发失败：关节 1 指令加速度 2792°/s² 超过上限 720°/s²
2026-08-07 14:18:01,925 ERROR   robot.realtime.motion_streamer [robot-motion-streamer] motion_streamer.py:136 | 关节指令下发失败：关节 1 指令加速度 2168°/s² 超过上限 720°/s²
2026-08-07 14:18:01,925 ERROR   robot.realtime.motion_streamer [robot-motion-streamer] motion_streamer.py:136 | 关节指令下发失败：关节 1 指令加速度 3370°/s² 超过上限 720°/s²
2026-08-07 14:18:01,928 ERROR   robot.realtime.motion_streamer [robot-motion-streamer] motion_streamer.py:136 | 关节指令下发失败：关节 1 指令加速度 2138°/s² 超过上限 720°/s²
2026-08-07 14:18:01,934 ERROR   robot.realtime.motion_streamer [robot-motion-streamer] motion_streamer.py:136 | 关节指令下发失败：关节 1 指令加速度 1124°/s² 超过上限 720°/s²
2026-08-07 14:18:01,945 ERROR   robot.realtime.motion_streamer [robot-motion-streamer] motion_streamer.py:136 | 关节指令下发失败：关节 1 指令加速度 1448°/s² 超过上限 720°/s²
2026-08-07 14:18:01,955 ERROR   robot.realtime.motion_streamer [robot-motion-streamer] motion_streamer.py:136 | 关节指令下发失败：关节 1 指令加速度 1580°/s² 超过上限 720°/s²
2026-08-07 14:18:01,959 ERROR   robot.realtime.motion_streamer [robot-motion-streamer] motion_streamer.py:136 | 关节指令下发失败：关节 1 指令加速度 869°/s² 超过上限 720°/s²
2026-08-07 14:18:01,994 ERROR   robot.realtime.motion_streamer [robot-motion-streamer] motion_streamer.py:136 | 关节指令下发失败：关节 1 指令加速度 1559°/s² 超过上限 720°/s²
2026-08-07 14:18:02,005 ERROR   robot.realtime.motion_streamer [robot-motion-streamer] motion_streamer.py:136 | 关节指令下发失败：关节 1 指令加速度 887°/s² 超过上限 720°/s²
2026-08-07 14:18:02,019 ERROR   robot.realtime.motion_streamer [robot-motion-streamer] motion_streamer.py:136 | 关节指令下发失败：关节 1 指令加速度 1776°/s² 超过上限 720°/s²
2026-08-07 14:18:02,047 ERROR   robot.realtime.motion_streamer [robot-motion-streamer] motion_streamer.py:136 | 关节指令下发失败：关节 1 指令速度 1542.6°/s 超过上限 180.0°/s
2026-08-07 14:18:02,051 ERROR   robot.realtime.motion_streamer [robot-motion-streamer] motion_streamer.py:136 | 关节指令下发失败：关节 1 指令加速度 7012°/s² 超过上限 720°/s²
2026-08-07 14:18:02,055 ERROR   robot.realtime.motion_streamer [robot-motion-streamer] motion_streamer.py:136 | 关节指令下发失败：关节 1 指令加速度 2626°/s² 超过上限 720°/s²
2026-08-07 14:18:02,059 ERROR   robot.realtime.motion_streamer [robot-motion-streamer] motion_streamer.py:136 | 关节指令下发失败：关节 1 指令加速度 1351°/s² 超过上限 720°/s²
2026-08-07 14:18:02,063 ERROR   robot.realtime.motion_streamer [robot-motion-streamer] motion_streamer.py:136 | 关节指令下发失败：关节 1 指令加速度 913°/s² 超过上限 720°/s²
2026-08-07 14:18:02,076 ERROR   robot.realtime.motion_streamer [robot-motion-streamer] motion_streamer.py:136 | 关节指令下发失败：关节 1 指令加速度 1112°/s² 超过上限 720°/s²
2026-08-07 14:18:02,286 ERROR   robot.realtime.motion_streamer [robot-motion-streamer] motion_streamer.py:136 | 关节指令下发失败：关节 1 指令加速度 1107°/s² 超过上限 720°/s²
2026-08-07 14:18:02,309 ERROR   robot.realtime.motion_streamer [robot-motion-streamer] motion_streamer.py:136 | 关节指令下发失败：关节 1 指令加速度 1108°/s² 超过上限 720°/s²
2026-08-07 14:18:02,329 ERROR   robot.realtime.motion_streamer [robot-motion-streamer] motion_streamer.py:136 | 关节指令下发失败：关节 1 指令加速度 969°/s² 超过上限 720°/s²
2026-08-07 14:18:02,370 ERROR   robot.realtime.motion_streamer [robot-motion-streamer] motion_streamer.py:136 | 关节指令下发失败：关节 1 指令加速度 2679°/s² 超过上限 720°/s²
2026-08-07 14:46:18,435 INFO    robot.interfaces.oscilloscope [MainThread] service.py:96 | oscilloscope sampler started at 50.0 Hz for 7 joints
2026-08-07 14:46:18,436 INFO    robot.urdf.catalog [MainThread] catalog.py:86 | 已添加 URDF 搜索目录：/home/liv/zerithWorkSpace/code/e1pro/e1_pro_full
2026-08-07 14:46:19,836 INFO    robot.interfaces.simulator [MainThread] viser_app.py:208 | 已加载机器人 E1-PRO：/home/liv/zerithWorkSpace/code/e1pro/e1_pro_full/marvin6/urdf/E1-PRO_EVT2.0_V12_260730.urdf
2026-08-07 14:46:19,836 INFO    robot.interfaces.simulator [MainThread] viser_app.py:209 | 轨迹速度规划后端：analytic double-S
2026-08-07 14:46:19,837 INFO    robot.interfaces.simulator [MainThread] viser_app.py:210 | 示教器通信接口：http://127.0.0.1:8765
2026-08-07 14:47:02,804 WARNING robot.realtime.clock [robot-continuous-jog] clock.py:103 | jog-joint 循环滞后 11.4 ms（超过一个控制周期 5.0 ms）
2026-08-07 14:47:02,819 WARNING robot.realtime.clock [robot-continuous-jog] clock.py:103 | jog-joint 循环滞后 21.6 ms（超过一个控制周期 5.0 ms）
2026-08-07 14:47:02,829 WARNING robot.realtime.clock [robot-continuous-jog] clock.py:103 | jog-joint 循环滞后 26.1 ms（超过一个控制周期 5.0 ms）
2026-08-07 14:47:02,832 WARNING robot.realtime.clock [robot-continuous-jog] clock.py:103 | jog-joint 循环滞后 24.9 ms（超过一个控制周期 5.0 ms）
2026-08-07 14:47:02,833 ERROR   robot.realtime.motion_streamer [robot-motion-streamer] motion_streamer.py:136 | 关节指令下发失败：关节 1 指令加速度 3189°/s² 超过上限 720°/s²
2026-08-07 14:47:02,835 WARNING robot.realtime.clock [robot-continuous-jog] clock.py:103 | jog-joint 循环滞后 22.4 ms（超过一个控制周期 5.0 ms）
2026-08-07 14:47:02,835 ERROR   robot.realtime.motion_streamer [robot-motion-streamer] motion_streamer.py:136 | 关节指令下发失败：关节 1 指令加速度 2423°/s² 超过上限 720°/s²
2026-08-07 14:47:02,837 WARNING robot.realtime.clock [robot-continuous-jog] clock.py:103 | jog-joint 循环滞后 19.4 ms（超过一个控制周期 5.0 ms）
2026-08-07 14:47:02,837 ERROR   robot.realtime.motion_streamer [robot-motion-streamer] motion_streamer.py:136 | 关节指令下发失败：关节 1 指令加速度 2253°/s² 超过上限 720°/s²
2026-08-07 14:47:02,839 WARNING robot.realtime.clock [robot-continuous-jog] clock.py:103 | jog-joint 循环滞后 16.2 ms（超过一个控制周期 5.0 ms）
2026-08-07 14:47:02,839 ERROR   robot.realtime.motion_streamer [robot-motion-streamer] motion_streamer.py:136 | 关节指令下发失败：关节 1 指令加速度 2148°/s² 超过上限 720°/s²
2026-08-07 14:47:02,840 WARNING robot.realtime.clock [robot-continuous-jog] clock.py:103 | jog-joint 循环滞后 12.9 ms（超过一个控制周期 5.0 ms）
2026-08-07 14:47:02,841 ERROR   robot.realtime.motion_streamer [robot-motion-streamer] motion_streamer.py:136 | 关节指令下发失败：关节 1 指令加速度 1748°/s² 超过上限 720°/s²
2026-08-07 14:47:02,843 WARNING robot.realtime.clock [robot-continuous-jog] clock.py:103 | jog-joint 循环滞后 10.6 ms（超过一个控制周期 5.0 ms）
2026-08-07 14:47:02,843 ERROR   robot.realtime.motion_streamer [robot-motion-streamer] motion_streamer.py:136 | 关节指令下发失败：关节 1 指令加速度 1559°/s² 超过上限 720°/s²
2026-08-07 14:47:02,845 WARNING robot.realtime.clock [robot-continuous-jog] clock.py:103 | jog-joint 循环滞后 8.0 ms（超过一个控制周期 5.0 ms）
2026-08-07 14:47:02,846 ERROR   robot.realtime.motion_streamer [robot-motion-streamer] motion_streamer.py:136 | 关节指令下发失败：关节 1 指令加速度 1344°/s² 超过上限 720°/s²
2026-08-07 14:47:02,848 WARNING robot.realtime.clock [robot-continuous-jog] clock.py:103 | jog-joint 循环滞后 5.6 ms（超过一个控制周期 5.0 ms）
2026-08-07 14:47:02,848 ERROR   robot.realtime.motion_streamer [robot-motion-streamer] motion_streamer.py:136 | 关节指令下发失败：关节 1 指令加速度 1149°/s² 超过上限 720°/s²
2026-08-07 14:47:02,853 ERROR   robot.realtime.motion_streamer [robot-motion-streamer] motion_streamer.py:136 | 关节指令下发失败：关节 1 指令速度 1333.5°/s 超过上限 180.0°/s
2026-08-07 14:47:02,854 ERROR   robot.realtime.motion_streamer [robot-motion-streamer] motion_streamer.py:136 | 关节指令下发失败：关节 1 指令加速度 31411°/s² 超过上限 720°/s²
2026-08-07 14:47:02,864 ERROR   robot.realtime.motion_streamer [robot-motion-streamer] motion_streamer.py:136 | 关节指令下发失败：关节 1 指令加速度 3711°/s² 超过上限 720°/s²
2026-08-07 14:47:02,869 ERROR   robot.realtime.motion_streamer [robot-motion-streamer] motion_streamer.py:136 | 关节指令下发失败：关节 1 指令加速度 1858°/s² 超过上限 720°/s²
2026-08-07 14:47:02,874 ERROR   robot.realtime.motion_streamer [robot-motion-streamer] motion_streamer.py:136 | 关节指令下发失败：关节 1 指令加速度 1242°/s² 超过上限 720°/s²
2026-08-07 14:47:02,880 ERROR   robot.realtime.motion_streamer [robot-motion-streamer] motion_streamer.py:136 | 关节指令下发失败：关节 1 指令加速度 928°/s² 超过上限 720°/s²
2026-08-07 14:47:02,900 ERROR   robot.realtime.motion_streamer [robot-motion-streamer] motion_streamer.py:136 | 关节指令下发失败：关节 1 指令加速度 2045°/s² 超过上限 720°/s²
2026-08-07 14:47:03,030 ERROR   robot.realtime.motion_streamer [robot-motion-streamer] motion_streamer.py:136 | 关节指令下发失败：关节 1 指令加速度 3460°/s² 超过上限 720°/s²
2026-08-07 14:47:03,042 ERROR   robot.realtime.motion_streamer [robot-motion-streamer] motion_streamer.py:136 | 关节指令下发失败：关节 1 指令加速度 1283°/s² 超过上限 720°/s²
2026-08-07 14:47:03,057 ERROR   robot.realtime.motion_streamer [robot-motion-streamer] motion_streamer.py:136 | 关节指令下发失败：关节 1 指令速度 847.9°/s 超过上限 180.0°/s
2026-08-07 14:47:03,060 ERROR   robot.realtime.motion_streamer [robot-motion-streamer] motion_streamer.py:136 | 关节指令下发失败：关节 1 指令加速度 13900°/s² 超过上限 720°/s²
2026-08-07 14:47:03,066 ERROR   robot.realtime.motion_streamer [robot-motion-streamer] motion_streamer.py:136 | 关节指令下发失败：关节 1 指令加速度 1784°/s² 超过上限 720°/s²
2026-08-07 14:47:03,070 ERROR   robot.realtime.motion_streamer [robot-motion-streamer] motion_streamer.py:136 | 关节指令下发失败：关节 1 指令加速度 900°/s² 超过上限 720°/s²
2026-08-07 14:47:03,079 ERROR   robot.realtime.motion_streamer [robot-motion-streamer] motion_streamer.py:136 | 关节指令下发失败：关节 1 指令加速度 1120°/s² 超过上限 720°/s²
2026-08-07 14:47:03,111 ERROR   robot.realtime.motion_streamer [robot-motion-streamer] motion_streamer.py:136 | 关节指令下发失败：关节 1 指令加速度 1027°/s² 超过上限 720°/s²
2026-08-07 14:47:03,241 ERROR   robot.realtime.motion_streamer [robot-motion-streamer] motion_streamer.py:136 | 关节指令下发失败：关节 1 指令加速度 1190°/s² 超过上限 720°/s²
2026-08-07 14:47:03,255 ERROR   robot.realtime.motion_streamer [robot-motion-streamer] motion_streamer.py:136 | 关节指令下发失败：关节 1 指令加速度 1712°/s² 超过上限 720°/s²
2026-08-07 14:47:03,431 ERROR   robot.realtime.motion_streamer [robot-motion-streamer] motion_streamer.py:136 | 关节指令下发失败：关节 1 指令速度 1882.3°/s 超过上限 180.0°/s
2026-08-07 14:47:03,435 ERROR   robot.realtime.motion_streamer [robot-motion-streamer] motion_streamer.py:136 | 关节指令下发失败：关节 1 指令加速度 5996°/s² 超过上限 720°/s²
2026-08-07 14:47:03,440 ERROR   robot.realtime.motion_streamer [robot-motion-streamer] motion_streamer.py:136 | 关节指令下发失败：关节 1 指令加速度 1557°/s² 超过上限 720°/s²
2026-08-07 14:47:03,546 ERROR   robot.realtime.motion_streamer [robot-motion-streamer] motion_streamer.py:136 | 关节指令下发失败：关节 1 指令加速度 1834°/s² 超过上限 720°/s²
2026-08-07 14:47:03,622 ERROR   robot.realtime.motion_streamer [robot-motion-streamer] motion_streamer.py:136 | 关节指令下发失败：关节 1 指令加速度 1418°/s² 超过上限 720°/s²
2026-08-07 14:47:03,630 ERROR   robot.realtime.motion_streamer [robot-motion-streamer] motion_streamer.py:136 | 关节指令下发失败：关节 1 指令加速度 1019°/s² 超过上限 720°/s²
2026-08-07 14:47:03,660 ERROR   robot.realtime.motion_streamer [robot-motion-streamer] motion_streamer.py:136 | 关节指令下发失败：关节 1 指令加速度 1009°/s² 超过上限 720°/s²
2026-08-07 14:47:03,740 ERROR   robot.realtime.motion_streamer [robot-motion-streamer] motion_streamer.py:136 | 关节指令下发失败：关节 1 指令加速度 945°/s² 超过上限 720°/s²
2026-08-07 14:47:03,766 ERROR   robot.realtime.motion_streamer [robot-motion-streamer] motion_streamer.py:136 | 关节指令下发失败：关节 1 指令加速度 1228°/s² 超过上限 720°/s²
2026-08-07 14:47:03,776 ERROR   robot.realtime.motion_streamer [robot-motion-streamer] motion_streamer.py:136 | 关节指令下发失败：关节 1 指令加速度 1697°/s² 超过上限 720°/s²
2026-08-07 14:47:03,785 ERROR   robot.realtime.motion_streamer [robot-motion-streamer] motion_streamer.py:136 | 关节指令下发失败：关节 1 指令加速度 879°/s² 超过上限 720°/s²
2026-08-07 14:47:03,799 ERROR   robot.realtime.motion_streamer [robot-motion-streamer] motion_streamer.py:136 | 关节指令下发失败：关节 1 指令加速度 1573°/s² 超过上限 720°/s²
2026-08-07 14:47:03,870 ERROR   robot.realtime.motion_streamer [robot-motion-streamer] motion_streamer.py:136 | 关节指令下发失败：关节 1 指令加速度 3995°/s² 超过上限 720°/s²
2026-08-07 14:47:03,874 ERROR   robot.realtime.motion_streamer [robot-motion-streamer] motion_streamer.py:136 | 关节指令下发失败：关节 1 指令加速度 1522°/s² 超过上限 720°/s²
2026-08-07 14:47:03,877 ERROR   robot.realtime.motion_streamer [robot-motion-streamer] motion_streamer.py:136 | 关节指令下发失败：关节 1 指令加速度 1216°/s² 超过上限 720°/s²
2026-08-07 14:47:03,879 ERROR   robot.realtime.motion_streamer [robot-motion-streamer] motion_streamer.py:136 | 关节指令下发失败：关节 1 指令加速度 1200°/s² 超过上限 720°/s²
2026-08-07 14:47:03,891 ERROR   robot.realtime.motion_streamer [robot-motion-streamer] motion_streamer.py:136 | 关节指令下发失败：关节 1 指令加速度 1280°/s² 超过上限 720°/s²
2026-08-07 14:47:06,106 WARNING robot.realtime.clock [robot-continuous-jog] clock.py:103 | jog-joint 循环滞后 5.1 ms（超过一个控制周期 5.0 ms）
2026-08-07 14:47:06,113 ERROR   robot.realtime.motion_streamer [robot-motion-streamer] motion_streamer.py:136 | 关节指令下发失败：关节 1 指令加速度 1706°/s² 超过上限 720°/s²
2026-08-07 14:47:06,113 ERROR   robot.realtime.motion_streamer [robot-motion-streamer] motion_streamer.py:136 | 关节指令下发失败：关节 1 指令加速度 3261°/s² 超过上限 720°/s²
2026-08-07 14:47:06,113 ERROR   robot.realtime.motion_streamer [robot-motion-streamer] motion_streamer.py:136 | 关节指令下发失败：关节 1 指令加速度 4795°/s² 超过上限 720°/s²
2026-08-07 14:47:06,118 ERROR   robot.realtime.motion_streamer [robot-motion-streamer] motion_streamer.py:136 | 关节指令下发失败：关节 1 指令加速度 2204°/s² 超过上限 720°/s²
2026-08-07 14:47:06,123 ERROR   robot.realtime.motion_streamer [robot-motion-streamer] motion_streamer.py:136 | 关节指令下发失败：关节 1 指令加速度 1365°/s² 超过上限 720°/s²
2026-08-07 14:47:06,128 ERROR   robot.realtime.motion_streamer [robot-motion-streamer] motion_streamer.py:136 | 关节指令下发失败：关节 1 指令加速度 964°/s² 超过上限 720°/s²
2026-08-07 14:47:06,199 ERROR   robot.realtime.motion_streamer [robot-motion-streamer] motion_streamer.py:136 | 关节指令下发失败：关节 1 指令加速度 902°/s² 超过上限 720°/s²
2026-08-07 14:47:06,245 ERROR   robot.realtime.motion_streamer [robot-motion-streamer] motion_streamer.py:136 | 关节指令下发失败：关节 1 指令速度 271.4°/s 超过上限 180.0°/s
2026-08-07 14:47:06,249 ERROR   robot.realtime.motion_streamer [robot-motion-streamer] motion_streamer.py:136 | 关节指令下发失败：关节 1 指令加速度 5602°/s² 超过上限 720°/s²
2026-08-07 14:47:06,254 ERROR   robot.realtime.motion_streamer [robot-motion-streamer] motion_streamer.py:136 | 关节指令下发失败：关节 1 指令加速度 1942°/s² 超过上限 720°/s²
2026-08-07 14:47:06,258 ERROR   robot.realtime.motion_streamer [robot-motion-streamer] motion_streamer.py:136 | 关节指令下发失败：关节 1 指令加速度 1058°/s² 超过上限 720°/s²
2026-08-07 14:47:06,269 ERROR   robot.realtime.motion_streamer [robot-motion-streamer] motion_streamer.py:136 | 关节指令下发失败：关节 1 指令加速度 971°/s² 超过上限 720°/s²
2026-08-07 14:47:06,295 ERROR   robot.realtime.motion_streamer [robot-motion-streamer] motion_streamer.py:136 | 关节指令下发失败：关节 1 指令加速度 1454°/s² 超过上限 720°/s²
2026-08-07 14:47:06,298 ERROR   robot.realtime.motion_streamer [robot-motion-streamer] motion_streamer.py:136 | 关节指令下发失败：关节 1 指令加速度 943°/s² 超过上限 720°/s²
2026-08-07 14:47:06,314 ERROR   robot.realtime.motion_streamer [robot-motion-streamer] motion_streamer.py:136 | 关节指令下发失败：关节 1 指令加速度 1349°/s² 超过上限 720°/s²
2026-08-07 14:47:06,334 ERROR   robot.realtime.motion_streamer [robot-motion-streamer] motion_streamer.py:136 | 关节指令下发失败：关节 1 指令加速度 1356°/s² 超过上限 720°/s²
2026-08-07 14:47:06,399 ERROR   robot.realtime.motion_streamer [robot-motion-streamer] motion_streamer.py:136 | 关节指令下发失败：关节 1 指令加速度 2333°/s² 超过上限 720°/s²
2026-08-07 14:47:06,403 ERROR   robot.realtime.motion_streamer [robot-motion-streamer] motion_streamer.py:136 | 关节指令下发失败：关节 1 指令加速度 950°/s² 超过上限 720°/s²
2026-08-07 14:47:06,478 ERROR   robot.realtime.motion_streamer [robot-motion-streamer] motion_streamer.py:136 | 关节指令下发失败：关节 1 指令加速度 1018°/s² 超过上限 720°/s²
2026-08-07 14:47:06,519 ERROR   robot.realtime.motion_streamer [robot-motion-streamer] motion_streamer.py:136 | 关节指令下发失败：关节 1 指令加速度 3715°/s² 超过上限 720°/s²
2026-08-07 14:47:06,523 ERROR   robot.realtime.motion_streamer [robot-motion-streamer] motion_streamer.py:136 | 关节指令下发失败：关节 1 指令加速度 1067°/s² 超过上限 720°/s²
2026-08-07 14:47:06,549 ERROR   robot.realtime.motion_streamer [robot-motion-streamer] motion_streamer.py:136 | 关节指令下发失败：关节 1 指令加速度 885°/s² 超过上限 720°/s²
2026-08-07 14:47:06,560 ERROR   robot.realtime.motion_streamer [robot-motion-streamer] motion_streamer.py:136 | 关节指令下发失败：关节 1 指令加速度 24272°/s² 超过上限 720°/s²
2026-08-07 14:47:06,564 ERROR   robot.realtime.motion_streamer [robot-motion-streamer] motion_streamer.py:136 | 关节指令下发失败：关节 1 指令加速度 3262°/s² 超过上限 720°/s²
2026-08-07 14:47:06,575 ERROR   robot.realtime.motion_streamer [robot-motion-streamer] motion_streamer.py:136 | 关节指令下发失败：关节 1 指令加速度 1153°/s² 超过上限 720°/s²
2026-08-07 14:47:06,598 ERROR   robot.realtime.motion_streamer [robot-motion-streamer] motion_streamer.py:136 | 关节指令下发失败：关节 1 指令加速度 1249°/s² 超过上限 720°/s²
2026-08-07 14:47:06,613 ERROR   robot.realtime.motion_streamer [robot-motion-streamer] motion_streamer.py:136 | 关节指令下发失败：关节 1 指令加速度 961°/s² 超过上限 720°/s²
2026-08-07 14:47:06,664 ERROR   robot.realtime.motion_streamer [robot-motion-streamer] motion_streamer.py:136 | 关节指令下发失败：关节 1 指令速度 253.6°/s 超过上限 180.0°/s
2026-08-07 14:47:06,671 ERROR   robot.realtime.motion_streamer [robot-motion-streamer] motion_streamer.py:136 | 关节指令下发失败：关节 1 指令加速度 2007°/s² 超过上限 720°/s²
2026-08-07 14:47:06,676 ERROR   robot.realtime.motion_streamer [robot-motion-streamer] motion_streamer.py:136 | 关节指令下发失败：关节 1 指令加速度 872°/s² 超过上限 720°/s²
2026-08-07 14:47:06,773 ERROR   robot.realtime.motion_streamer [robot-motion-streamer] motion_streamer.py:136 | 关节指令下发失败：关节 1 指令加速度 1314°/s² 超过上限 720°/s²
2026-08-07 14:47:06,785 ERROR   robot.realtime.motion_streamer [robot-motion-streamer] motion_streamer.py:136 | 关节指令下发失败：关节 1 指令加速度 877°/s² 超过上限 720°/s²
2026-08-07 14:47:06,795 ERROR   robot.realtime.motion_streamer [robot-motion-streamer] motion_streamer.py:136 | 关节指令下发失败：关节 1 指令加速度 880°/s² 超过上限 720°/s²
2026-08-07 14:47:06,804 ERROR   robot.realtime.motion_streamer [robot-motion-streamer] motion_streamer.py:136 | 关节指令下发失败：关节 1 指令加速度 944°/s² 超过上限 720°/s²
2026-08-07 14:47:06,813 ERROR   robot.realtime.motion_streamer [robot-motion-streamer] motion_streamer.py:136 | 关节指令下发失败：关节 1 指令加速度 888°/s² 超过上限 720°/s²
2026-08-07 14:47:06,975 ERROR   robot.realtime.motion_streamer [robot-motion-streamer] motion_streamer.py:136 | 关节指令下发失败：关节 1 指令速度 570.5°/s 超过上限 180.0°/s
2026-08-07 14:47:06,978 ERROR   robot.realtime.motion_streamer [robot-motion-streamer] motion_streamer.py:136 | 关节指令下发失败：关节 1 指令加速度 8413°/s² 超过上限 720°/s²
2026-08-07 14:47:07,568 WARNING robot.realtime.clock [robot-continuous-jog] clock.py:103 | jog-joint 循环滞后 9.3 ms（超过一个控制周期 5.0 ms）
2026-08-07 14:47:07,582 WARNING robot.realtime.clock [robot-continuous-jog] clock.py:103 | jog-joint 循环滞后 18.6 ms（超过一个控制周期 5.0 ms）
2026-08-07 14:47:07,586 WARNING robot.realtime.clock [robot-continuous-jog] clock.py:103 | jog-joint 循环滞后 17.0 ms（超过一个控制周期 5.0 ms）
2026-08-07 14:47:07,586 ERROR   robot.realtime.motion_streamer [robot-motion-streamer] motion_streamer.py:136 | 关节指令下发失败：关节 1 指令加速度 5000°/s² 超过上限 720°/s²
2026-08-07 14:47:07,588 WARNING robot.realtime.clock [robot-continuous-jog] clock.py:103 | jog-joint 循环滞后 14.6 ms（超过一个控制周期 5.0 ms）
2026-08-07 14:47:07,588 ERROR   robot.realtime.motion_streamer [robot-motion-streamer] motion_streamer.py:136 | 关节指令下发失败：关节 1 指令加速度 3205°/s² 超过上限 720°/s²
2026-08-07 14:47:07,591 WARNING robot.realtime.clock [robot-continuous-jog] clock.py:103 | jog-joint 循环滞后 12.4 ms（超过一个控制周期 5.0 ms）
2026-08-07 14:47:07,591 ERROR   robot.realtime.motion_streamer [robot-motion-streamer] motion_streamer.py:136 | 关节指令下发失败：关节 1 指令加速度 2256°/s² 超过上限 720°/s²
2026-08-07 14:47:07,595 WARNING robot.realtime.clock [robot-continuous-jog] clock.py:103 | jog-joint 循环滞后 11.5 ms（超过一个控制周期 5.0 ms）
2026-08-07 14:47:07,595 ERROR   robot.realtime.motion_streamer [robot-motion-streamer] motion_streamer.py:136 | 关节指令下发失败：关节 1 指令加速度 1378°/s² 超过上限 720°/s²
2026-08-07 14:47:07,598 WARNING robot.realtime.clock [robot-continuous-jog] clock.py:103 | jog-joint 循环滞后 9.4 ms（超过一个控制周期 5.0 ms）
2026-08-07 14:47:07,598 ERROR   robot.realtime.motion_streamer [robot-motion-streamer] motion_streamer.py:136 | 关节指令下发失败：关节 1 指令加速度 1159°/s² 超过上限 720°/s²
2026-08-07 14:47:07,600 WARNING robot.realtime.clock [robot-continuous-jog] clock.py:103 | jog-joint 循环滞后 6.6 ms（超过一个控制周期 5.0 ms）
2026-08-07 14:47:07,601 ERROR   robot.realtime.motion_streamer [robot-motion-streamer] motion_streamer.py:136 | 关节指令下发失败：关节 1 指令加速度 1073°/s² 超过上限 720°/s²
2026-08-07 14:47:07,606 ERROR   robot.realtime.motion_streamer [robot-motion-streamer] motion_streamer.py:136 | 关节指令下发失败：关节 1 指令速度 1382.4°/s 超过上限 180.0°/s
2026-08-07 14:47:07,606 ERROR   robot.realtime.motion_streamer [robot-motion-streamer] motion_streamer.py:136 | 关节指令下发失败：关节 1 指令速度 934.6°/s 超过上限 180.0°/s
2026-08-07 14:47:07,611 ERROR   robot.realtime.motion_streamer [robot-motion-streamer] motion_streamer.py:136 | 关节指令下发失败：关节 1 指令加速度 6668°/s² 超过上限 720°/s²
2026-08-07 14:47:07,615 ERROR   robot.realtime.motion_streamer [robot-motion-streamer] motion_streamer.py:136 | 关节指令下发失败：关节 1 指令加速度 1199°/s² 超过上限 720°/s²
2026-08-07 14:47:07,626 ERROR   robot.realtime.motion_streamer [robot-motion-streamer] motion_streamer.py:136 | 关节指令下发失败：关节 1 指令加速度 2388°/s² 超过上限 720°/s²
2026-08-07 14:47:07,631 ERROR   robot.realtime.motion_streamer [robot-motion-streamer] motion_streamer.py:136 | 关节指令下发失败：关节 1 指令加速度 1187°/s² 超过上限 720°/s²
2026-08-07 14:47:07,651 ERROR   robot.realtime.motion_streamer [robot-motion-streamer] motion_streamer.py:136 | 关节指令下发失败：关节 1 指令加速度 1210°/s² 超过上限 720°/s²
2026-08-07 14:47:07,666 ERROR   robot.realtime.motion_streamer [robot-motion-streamer] motion_streamer.py:136 | 关节指令下发失败：关节 1 指令加速度 1138°/s² 超过上限 720°/s²
2026-08-07 14:47:07,734 ERROR   robot.realtime.motion_streamer [robot-motion-streamer] motion_streamer.py:136 | 关节指令下发失败：关节 1 指令速度 482.9°/s 超过上限 180.0°/s
2026-08-07 14:47:07,740 ERROR   robot.realtime.motion_streamer [robot-motion-streamer] motion_streamer.py:136 | 关节指令下发失败：关节 1 指令加速度 3274°/s² 超过上限 720°/s²
2026-08-07 14:47:07,747 ERROR   robot.realtime.motion_streamer [robot-motion-streamer] motion_streamer.py:136 | 关节指令下发失败：关节 1 指令速度 367.1°/s 超过上限 180.0°/s
2026-08-07 14:47:07,751 ERROR   robot.realtime.motion_streamer [robot-motion-streamer] motion_streamer.py:136 | 关节指令下发失败：关节 1 指令加速度 4560°/s² 超过上限 720°/s²
2026-08-07 14:47:07,761 ERROR   robot.realtime.motion_streamer [robot-motion-streamer] motion_streamer.py:136 | 关节指令下发失败：关节 1 指令加速度 1461°/s² 超过上限 720°/s²
2026-08-07 14:47:07,861 ERROR   robot.realtime.motion_streamer [robot-motion-streamer] motion_streamer.py:136 | 关节指令下发失败：关节 1 指令加速度 941°/s² 超过上限 720°/s²
2026-08-07 14:47:07,881 ERROR   robot.realtime.motion_streamer [robot-motion-streamer] motion_streamer.py:136 | 关节指令下发失败：关节 1 指令加速度 1101°/s² 超过上限 720°/s²
2026-08-07 14:47:07,896 ERROR   robot.realtime.motion_streamer [robot-motion-streamer] motion_streamer.py:136 | 关节指令下发失败：关节 1 指令加速度 1713°/s² 超过上限 720°/s²
2026-08-07 14:47:07,941 ERROR   robot.realtime.motion_streamer [robot-motion-streamer] motion_streamer.py:136 | 关节指令下发失败：关节 1 指令加速度 3181°/s² 超过上限 720°/s²
2026-08-07 14:47:07,946 ERROR   robot.realtime.motion_streamer [robot-motion-streamer] motion_streamer.py:136 | 关节指令下发失败：关节 1 指令加速度 877°/s² 超过上限 720°/s²
2026-08-07 14:47:08,002 ERROR   robot.realtime.motion_streamer [robot-motion-streamer] motion_streamer.py:136 | 关节指令下发失败：关节 1 指令速度 1056.5°/s 超过上限 180.0°/s
2026-08-07 14:47:08,006 ERROR   robot.realtime.motion_streamer [robot-motion-streamer] motion_streamer.py:136 | 关节指令下发失败：关节 1 指令加速度 7119°/s² 超过上限 720°/s²
2026-08-07 14:47:08,011 ERROR   robot.realtime.motion_streamer [robot-motion-streamer] motion_streamer.py:136 | 关节指令下发失败：关节 1 指令加速度 2126°/s² 超过上限 720°/s²
2026-08-07 14:47:08,016 ERROR   robot.realtime.motion_streamer [robot-motion-streamer] motion_streamer.py:136 | 关节指令下发失败：关节 1 指令加速度 995°/s² 超过上限 720°/s²
2026-08-07 14:47:08,526 ERROR   robot.realtime.motion_streamer [robot-motion-streamer] motion_streamer.py:136 | 关节指令下发失败：关节 1 指令加速度 7138°/s² 超过上限 720°/s²
2026-08-07 14:47:08,529 ERROR   robot.realtime.motion_streamer [robot-motion-streamer] motion_streamer.py:136 | 关节指令下发失败：关节 1 指令加速度 3204°/s² 超过上限 720°/s²
2026-08-07 14:47:08,535 ERROR   robot.realtime.motion_streamer [robot-motion-streamer] motion_streamer.py:136 | 关节指令下发失败：关节 1 指令加速度 1415°/s² 超过上限 720°/s²
2026-08-07 14:47:08,541 ERROR   robot.realtime.motion_streamer [robot-motion-streamer] motion_streamer.py:136 | 关节指令下发失败：关节 1 指令加速度 897°/s² 超过上限 720°/s²
2026-08-07 14:47:08,564 ERROR   robot.realtime.motion_streamer [robot-motion-streamer] motion_streamer.py:136 | 关节指令下发失败：关节 1 指令加速度 932°/s² 超过上限 720°/s²
2026-08-07 14:47:08,670 ERROR   robot.realtime.motion_streamer [robot-motion-streamer] motion_streamer.py:136 | 关节指令下发失败：关节 1 指令加速度 1856°/s² 超过上限 720°/s²
2026-08-07 14:47:08,670 ERROR   robot.realtime.motion_streamer [robot-motion-streamer] motion_streamer.py:136 | 关节指令下发失败：关节 1 指令加速度 4736°/s² 超过上限 720°/s²
2026-08-07 14:47:08,674 ERROR   robot.realtime.motion_streamer [robot-motion-streamer] motion_streamer.py:136 | 关节指令下发失败：关节 1 指令加速度 1897°/s² 超过上限 720°/s²
2026-08-07 14:47:08,679 ERROR   robot.realtime.motion_streamer [robot-motion-streamer] motion_streamer.py:136 | 关节指令下发失败：关节 1 指令加速度 1027°/s² 超过上限 720°/s²
2026-08-07 14:47:08,689 ERROR   robot.realtime.motion_streamer [robot-motion-streamer] motion_streamer.py:136 | 关节指令下发失败：关节 1 指令加速度 991°/s² 超过上限 720°/s²
2026-08-07 14:47:08,712 ERROR   robot.realtime.motion_streamer [robot-motion-streamer] motion_streamer.py:136 | 关节指令下发失败：关节 1 指令加速度 1482°/s² 超过上限 720°/s²
2026-08-07 14:47:08,715 ERROR   robot.realtime.motion_streamer [robot-motion-streamer] motion_streamer.py:136 | 关节指令下发失败：关节 1 指令加速度 1003°/s² 超过上限 720°/s²
2026-08-07 14:47:08,735 ERROR   robot.realtime.motion_streamer [robot-motion-streamer] motion_streamer.py:136 | 关节指令下发失败：关节 1 指令加速度 2968°/s² 超过上限 720°/s²
2026-08-07 14:47:08,775 ERROR   robot.realtime.motion_streamer [robot-motion-streamer] motion_streamer.py:136 | 关节指令下发失败：关节 1 指令加速度 1677°/s² 超过上限 720°/s²
2026-08-07 14:47:08,790 ERROR   robot.realtime.motion_streamer [robot-motion-streamer] motion_streamer.py:136 | 关节指令下发失败：关节 1 指令加速度 1094°/s² 超过上限 720°/s²
2026-08-07 14:47:08,856 ERROR   robot.realtime.motion_streamer [robot-motion-streamer] motion_streamer.py:136 | 关节指令下发失败：关节 1 指令速度 562.7°/s 超过上限 180.0°/s
2026-08-07 14:47:08,861 ERROR   robot.realtime.motion_streamer [robot-motion-streamer] motion_streamer.py:136 | 关节指令下发失败：关节 1 指令加速度 3679°/s² 超过上限 720°/s²
2026-08-07 14:47:08,866 ERROR   robot.realtime.motion_streamer [robot-motion-streamer] motion_streamer.py:136 | 关节指令下发失败：关节 1 指令加速度 1529°/s² 超过上限 720°/s²
2026-08-07 14:47:08,876 ERROR   robot.realtime.motion_streamer [robot-motion-streamer] motion_streamer.py:136 | 关节指令下发失败：关节 1 指令加速度 1140°/s² 超过上限 720°/s²
2026-08-07 14:47:08,911 ERROR   robot.realtime.motion_streamer [robot-motion-streamer] motion_streamer.py:136 | 关节指令下发失败：关节 1 指令加速度 913°/s² 超过上限 720°/s²
2026-08-07 14:47:08,934 ERROR   robot.realtime.motion_streamer [robot-motion-streamer] motion_streamer.py:136 | 关节指令下发失败：关节 1 指令加速度 1355°/s² 超过上限 720°/s²
2026-08-07 14:47:08,949 ERROR   robot.realtime.motion_streamer [robot-motion-streamer] motion_streamer.py:136 | 关节指令下发失败：关节 1 指令加速度 1360°/s² 超过上限 720°/s²
2026-08-07 14:47:08,985 ERROR   robot.realtime.motion_streamer [robot-motion-streamer] motion_streamer.py:136 | 关节指令下发失败：关节 1 指令加速度 1778°/s² 超过上限 720°/s²
2026-08-07 14:47:09,165 ERROR   robot.realtime.motion_streamer [robot-motion-streamer] motion_streamer.py:136 | 关节指令下发失败：关节 1 指令加速度 1105°/s² 超过上限 720°/s²
2026-08-07 14:47:09,185 ERROR   robot.realtime.motion_streamer [robot-motion-streamer] motion_streamer.py:136 | 关节指令下发失败：关节 1 指令加速度 983°/s² 超过上限 720°/s²
2026-08-07 14:47:09,190 ERROR   robot.realtime.motion_streamer [robot-motion-streamer] motion_streamer.py:136 | 关节指令下发失败：关节 1 指令加速度 1216°/s² 超过上限 720°/s²
2026-08-07 14:47:09,299 ERROR   robot.realtime.motion_streamer [robot-motion-streamer] motion_streamer.py:136 | 关节指令下发失败：关节 1 指令加速度 1216°/s² 超过上限 720°/s²
2026-08-07 14:47:09,339 ERROR   robot.realtime.motion_streamer [robot-motion-streamer] motion_streamer.py:136 | 关节指令下发失败：关节 1 指令加速度 1347°/s² 超过上限 720°/s²
2026-08-07 14:47:09,360 ERROR   robot.realtime.motion_streamer [robot-motion-streamer] motion_streamer.py:136 | 关节指令下发失败：关节 1 指令加速度 3666°/s² 超过上限 720°/s²
2026-08-07 14:47:09,365 ERROR   robot.realtime.motion_streamer [robot-motion-streamer] motion_streamer.py:136 | 关节指令下发失败：关节 1 指令加速度 865°/s² 超过上限 720°/s²
2026-08-07 14:47:09,390 ERROR   robot.realtime.motion_streamer [robot-motion-streamer] motion_streamer.py:136 | 关节指令下发失败：关节 1 指令加速度 40572°/s² 超过上限 720°/s²
2026-08-07 14:47:09,396 ERROR   robot.realtime.motion_streamer [robot-motion-streamer] motion_streamer.py:136 | 关节指令下发失败：关节 1 指令加速度 1246°/s² 超过上限 720°/s²
2026-08-07 14:47:09,406 ERROR   robot.realtime.motion_streamer [robot-motion-streamer] motion_streamer.py:136 | 关节指令下发失败：关节 1 指令加速度 1081°/s² 超过上限 720°/s²
2026-08-07 14:47:09,419 ERROR   robot.realtime.motion_streamer [robot-motion-streamer] motion_streamer.py:136 | 关节指令下发失败：关节 1 指令加速度 3017°/s² 超过上限 720°/s²
2026-08-07 14:47:09,439 ERROR   robot.realtime.motion_streamer [robot-motion-streamer] motion_streamer.py:136 | 关节指令下发失败：关节 1 指令加速度 1994°/s² 超过上限 720°/s²
2026-08-07 14:47:09,459 ERROR   robot.realtime.motion_streamer [robot-motion-streamer] motion_streamer.py:136 | 关节指令下发失败：关节 1 指令加速度 1741°/s² 超过上限 720°/s²
2026-08-07 14:47:09,480 ERROR   robot.realtime.motion_streamer [robot-motion-streamer] motion_streamer.py:136 | 关节指令下发失败：关节 1 指令加速度 890°/s² 超过上限 720°/s²
2026-08-07 14:47:09,491 ERROR   robot.realtime.motion_streamer [robot-motion-streamer] motion_streamer.py:136 | 关节指令下发失败：关节 1 指令加速度 1148°/s² 超过上限 720°/s²
2026-08-07 14:47:09,501 ERROR   robot.realtime.motion_streamer [robot-motion-streamer] motion_streamer.py:136 | 关节指令下发失败：关节 1 指令速度 799.7°/s 超过上限 180.0°/s
2026-08-07 14:47:09,504 ERROR   robot.realtime.motion_streamer [robot-motion-streamer] motion_streamer.py:136 | 关节指令下发失败：关节 1 指令加速度 15117°/s² 超过上限 720°/s²
2026-08-07 14:47:09,509 ERROR   robot.realtime.motion_streamer [robot-motion-streamer] motion_streamer.py:136 | 关节指令下发失败：关节 1 指令加速度 2082°/s² 超过上限 720°/s²
2026-08-07 14:47:09,514 ERROR   robot.realtime.motion_streamer [robot-motion-streamer] motion_streamer.py:136 | 关节指令下发失败：关节 1 指令加速度 1069°/s² 超过上限 720°/s²
2026-08-07 14:47:09,524 ERROR   robot.realtime.motion_streamer [robot-motion-streamer] motion_streamer.py:136 | 关节指令下发失败：关节 1 指令加速度 1283°/s² 超过上限 720°/s²
2026-08-07 14:47:09,549 ERROR   robot.realtime.motion_streamer [robot-motion-streamer] motion_streamer.py:136 | 关节指令下发失败：关节 1 指令加速度 1128°/s² 超过上限 720°/s²
2026-08-07 14:47:09,612 ERROR   robot.realtime.motion_streamer [robot-motion-streamer] motion_streamer.py:136 | 关节指令下发失败：关节 1 指令加速度 1569°/s² 超过上限 720°/s²
2026-08-07 14:47:09,616 ERROR   robot.realtime.motion_streamer [robot-motion-streamer] motion_streamer.py:136 | 关节指令下发失败：关节 1 指令加速度 946°/s² 超过上限 720°/s²
2026-08-07 14:47:09,616 ERROR   robot.realtime.motion_streamer [robot-motion-streamer] motion_streamer.py:136 | 关节指令下发失败：关节 1 指令加速度 1820°/s² 超过上限 720°/s²
2026-08-07 14:47:09,620 ERROR   robot.realtime.motion_streamer [robot-motion-streamer] motion_streamer.py:136 | 关节指令下发失败：关节 1 指令加速度 1168°/s² 超过上限 720°/s²
2026-08-07 14:47:09,630 ERROR   robot.realtime.motion_streamer [robot-motion-streamer] motion_streamer.py:136 | 关节指令下发失败：关节 1 指令加速度 1258°/s² 超过上限 720°/s²
2026-08-07 14:47:09,687 ERROR   robot.realtime.motion_streamer [robot-motion-streamer] motion_streamer.py:136 | 关节指令下发失败：关节 1 指令速度 1271.9°/s 超过上限 180.0°/s
2026-08-07 14:47:09,687 ERROR   robot.realtime.motion_streamer [robot-motion-streamer] motion_streamer.py:136 | 关节指令下发失败：关节 1 指令速度 603.0°/s 超过上限 180.0°/s
2026-08-07 14:47:09,690 ERROR   robot.realtime.motion_streamer [robot-motion-streamer] motion_streamer.py:136 | 关节指令下发失败：关节 1 指令加速度 20833°/s² 超过上限 720°/s²
2026-08-07 14:47:09,695 ERROR   robot.realtime.motion_streamer [robot-motion-streamer] motion_streamer.py:136 | 关节指令下发失败：关节 1 指令加速度 3717°/s² 超过上限 720°/s²
2026-08-07 14:47:09,700 ERROR   robot.realtime.motion_streamer [robot-motion-streamer] motion_streamer.py:136 | 关节指令下发失败：关节 1 指令加速度 1757°/s² 超过上限 720°/s²
2026-08-07 14:47:09,704 ERROR   robot.realtime.motion_streamer [robot-motion-streamer] motion_streamer.py:136 | 关节指令下发失败：关节 1 指令加速度 1158°/s² 超过上限 720°/s²
2026-08-07 14:47:09,714 ERROR   robot.realtime.motion_streamer [robot-motion-streamer] motion_streamer.py:136 | 关节指令下发失败：关节 1 指令加速度 1630°/s² 超过上限 720°/s²
2026-08-07 14:47:09,734 ERROR   robot.realtime.motion_streamer [robot-motion-streamer] motion_streamer.py:136 | 关节指令下发失败：关节 1 指令加速度 1923°/s² 超过上限 720°/s²
2026-08-07 14:47:09,769 ERROR   robot.realtime.motion_streamer [robot-motion-streamer] motion_streamer.py:136 | 关节指令下发失败：关节 1 指令加速度 1025°/s² 超过上限 720°/s²
2026-08-07 14:47:10,687 WARNING robot.realtime.clock [robot-continuous-jog] clock.py:103 | jog-joint 循环滞后 7.9 ms（超过一个控制周期 5.0 ms）
2026-08-07 14:47:10,702 WARNING robot.realtime.clock [robot-continuous-jog] clock.py:103 | jog-joint 循环滞后 17.9 ms（超过一个控制周期 5.0 ms）
2026-08-07 14:47:10,709 WARNING robot.realtime.clock [robot-continuous-jog] clock.py:103 | jog-joint 循环滞后 19.9 ms（超过一个控制周期 5.0 ms）
2026-08-07 14:47:10,713 WARNING robot.realtime.clock [robot-continuous-jog] clock.py:103 | jog-joint 循环滞后 18.6 ms（超过一个控制周期 5.0 ms）
2026-08-07 14:47:10,713 ERROR   robot.realtime.motion_streamer [robot-motion-streamer] motion_streamer.py:136 | 关节指令下发失败：关节 1 指令加速度 2550°/s² 超过上限 720°/s²
2026-08-07 14:47:10,714 WARNING robot.realtime.clock [robot-continuous-jog] clock.py:103 | jog-joint 循环滞后 15.3 ms（超过一个控制周期 5.0 ms）
2026-08-07 14:47:10,715 ERROR   robot.realtime.motion_streamer [robot-motion-streamer] motion_streamer.py:136 | 关节指令下发失败：关节 1 指令加速度 3084°/s² 超过上限 720°/s²
2026-08-07 14:47:10,716 WARNING robot.realtime.clock [robot-continuous-jog] clock.py:103 | jog-joint 循环滞后 12.1 ms（超过一个控制周期 5.0 ms）
2026-08-07 14:47:10,716 ERROR   robot.realtime.motion_streamer [robot-motion-streamer] motion_streamer.py:136 | 关节指令下发失败：关节 1 指令加速度 2825°/s² 超过上限 720°/s²
2026-08-07 14:47:10,719 WARNING robot.realtime.clock [robot-continuous-jog] clock.py:103 | jog-joint 循环滞后 9.5 ms（超过一个控制周期 5.0 ms）
2026-08-07 14:47:10,719 ERROR   robot.realtime.motion_streamer [robot-motion-streamer] motion_streamer.py:136 | 关节指令下发失败：关节 1 指令加速度 2142°/s² 超过上限 720°/s²
2026-08-07 14:47:10,721 WARNING robot.realtime.clock [robot-continuous-jog] clock.py:103 | jog-joint 循环滞后 7.2 ms（超过一个控制周期 5.0 ms）
2026-08-07 14:47:10,722 ERROR   robot.realtime.motion_streamer [robot-motion-streamer] motion_streamer.py:136 | 关节指令下发失败：关节 1 指令加速度 1562°/s² 超过上限 720°/s²
2026-08-07 14:47:10,727 ERROR   robot.realtime.motion_streamer [robot-motion-streamer] motion_streamer.py:136 | 关节指令下发失败：关节 1 指令速度 1757.3°/s 超过上限 180.0°/s
2026-08-07 14:47:10,727 ERROR   robot.realtime.motion_streamer [robot-motion-streamer] motion_streamer.py:136 | 关节指令下发失败：关节 1 指令速度 1139.1°/s 超过上限 180.0°/s
2026-08-07 14:47:10,731 ERROR   robot.realtime.motion_streamer [robot-motion-streamer] motion_streamer.py:136 | 关节指令下发失败：关节 1 指令加速度 12260°/s² 超过上限 720°/s²
2026-08-07 14:47:10,736 ERROR   robot.realtime.motion_streamer [robot-motion-streamer] motion_streamer.py:136 | 关节指令下发失败：关节 1 指令加速度 1261°/s² 超过上限 720°/s²
2026-08-07 14:47:10,747 ERROR   robot.realtime.motion_streamer [robot-motion-streamer] motion_streamer.py:136 | 关节指令下发失败：关节 1 指令加速度 2506°/s² 超过上限 720°/s²
2026-08-07 14:47:10,752 ERROR   robot.realtime.motion_streamer [robot-motion-streamer] motion_streamer.py:136 | 关节指令下发失败：关节 1 指令加速度 1254°/s² 超过上限 720°/s²
2026-08-07 14:47:10,807 ERROR   robot.realtime.motion_streamer [robot-motion-streamer] motion_streamer.py:136 | 关节指令下发失败：关节 1 指令加速度 5259°/s² 超过上限 720°/s²
2026-08-07 14:47:10,808 ERROR   robot.realtime.motion_streamer [robot-motion-streamer] motion_streamer.py:136 | 关节指令下发失败：关节 1 指令加速度 6679°/s² 超过上限 720°/s²
2026-08-07 14:47:10,812 ERROR   robot.realtime.motion_streamer [robot-motion-streamer] motion_streamer.py:136 | 关节指令下发失败：关节 1 指令加速度 2560°/s² 超过上限 720°/s²
2026-08-07 14:47:10,817 ERROR   robot.realtime.motion_streamer [robot-motion-streamer] motion_streamer.py:136 | 关节指令下发失败：关节 1 指令加速度 1232°/s² 超过上限 720°/s²
2026-08-07 14:47:10,833 ERROR   robot.realtime.motion_streamer [robot-motion-streamer] motion_streamer.py:136 | 关节指令下发失败：关节 1 指令加速度 1061°/s² 超过上限 720°/s²
2026-08-07 14:47:10,857 ERROR   robot.realtime.motion_streamer [robot-motion-streamer] motion_streamer.py:136 | 关节指令下发失败：关节 1 指令加速度 2822°/s² 超过上限 720°/s²
2026-08-07 14:47:10,882 ERROR   robot.realtime.motion_streamer [robot-motion-streamer] motion_streamer.py:136 | 关节指令下发失败：关节 1 指令加速度 4117°/s² 超过上限 720°/s²
2026-08-07 14:47:10,893 ERROR   robot.realtime.motion_streamer [robot-motion-streamer] motion_streamer.py:136 | 关节指令下发失败：关节 1 指令加速度 1092°/s² 超过上限 720°/s²
2026-08-07 14:47:10,902 ERROR   robot.realtime.motion_streamer [robot-motion-streamer] motion_streamer.py:136 | 关节指令下发失败：关节 1 指令加速度 1163°/s² 超过上限 720°/s²
2026-08-07 14:47:10,912 ERROR   robot.realtime.motion_streamer [robot-motion-streamer] motion_streamer.py:136 | 关节指令下发失败：关节 1 指令加速度 867°/s² 超过上限 720°/s²
2026-08-07 14:47:10,926 ERROR   robot.realtime.motion_streamer [robot-motion-streamer] motion_streamer.py:136 | 关节指令下发失败：关节 1 指令加速度 4123°/s² 超过上限 720°/s²
2026-08-07 14:47:10,936 ERROR   robot.realtime.motion_streamer [robot-motion-streamer] motion_streamer.py:136 | 关节指令下发失败：关节 1 指令加速度 876°/s² 超过上限 720°/s²
2026-08-07 14:47:10,999 ERROR   robot.realtime.motion_streamer [robot-motion-streamer] motion_streamer.py:136 | 关节指令下发失败：关节 1 指令加速度 1408°/s² 超过上限 720°/s²
2026-08-07 14:47:11,004 ERROR   robot.realtime.motion_streamer [robot-motion-streamer] motion_streamer.py:136 | 关节指令下发失败：关节 1 指令速度 1336.5°/s 超过上限 180.0°/s
2026-08-07 14:47:11,007 ERROR   robot.realtime.motion_streamer [robot-motion-streamer] motion_streamer.py:136 | 关节指令下发失败：关节 1 指令加速度 17254°/s² 超过上限 720°/s²
2026-08-07 14:47:11,012 ERROR   robot.realtime.motion_streamer [robot-motion-streamer] motion_streamer.py:136 | 关节指令下发失败：关节 1 指令加速度 2282°/s² 超过上限 720°/s²
2026-08-07 14:47:11,022 ERROR   robot.realtime.motion_streamer [robot-motion-streamer] motion_streamer.py:136 | 关节指令下发失败：关节 1 指令加速度 1971°/s² 超过上限 720°/s²
2026-08-07 14:47:11,028 ERROR   robot.realtime.motion_streamer [robot-motion-streamer] motion_streamer.py:136 | 关节指令下发失败：关节 1 指令加速度 991°/s² 超过上限 720°/s²
2026-08-07 14:47:11,037 ERROR   robot.realtime.motion_streamer [robot-motion-streamer] motion_streamer.py:136 | 关节指令下发失败：关节 1 指令加速度 3776°/s² 超过上限 720°/s²
2026-08-07 14:47:11,042 ERROR   robot.realtime.motion_streamer [robot-motion-streamer] motion_streamer.py:136 | 关节指令下发失败：关节 1 指令加速度 1035°/s² 超过上限 720°/s²
2026-08-07 14:47:11,053 ERROR   robot.realtime.motion_streamer [robot-motion-streamer] motion_streamer.py:136 | 关节指令下发失败：关节 1 指令加速度 987°/s² 超过上限 720°/s²
2026-08-07 14:47:11,063 ERROR   robot.realtime.motion_streamer [robot-motion-streamer] motion_streamer.py:136 | 关节指令下发失败：关节 1 指令加速度 993°/s² 超过上限 720°/s²
2026-08-07 14:47:11,087 ERROR   robot.realtime.motion_streamer [robot-motion-streamer] motion_streamer.py:136 | 关节指令下发失败：关节 1 指令加速度 8955°/s² 超过上限 720°/s²
2026-08-07 14:47:11,091 ERROR   robot.realtime.motion_streamer [robot-motion-streamer] motion_streamer.py:136 | 关节指令下发失败：关节 1 指令加速度 1941°/s² 超过上限 720°/s²
2026-08-07 14:47:11,117 ERROR   robot.realtime.motion_streamer [robot-motion-streamer] motion_streamer.py:136 | 关节指令下发失败：关节 1 指令加速度 1353°/s² 超过上限 720°/s²
2026-08-07 14:47:11,146 ERROR   robot.realtime.motion_streamer [robot-motion-streamer] motion_streamer.py:136 | 关节指令下发失败：关节 1 指令加速度 3844°/s² 超过上限 720°/s²
2026-08-07 14:47:11,217 ERROR   robot.realtime.motion_streamer [robot-motion-streamer] motion_streamer.py:136 | 关节指令下发失败：关节 1 指令加速度 1673°/s² 超过上限 720°/s²
2026-08-07 14:47:11,237 ERROR   robot.realtime.motion_streamer [robot-motion-streamer] motion_streamer.py:136 | 关节指令下发失败：关节 1 指令加速度 1024°/s² 超过上限 720°/s²
2026-08-07 14:47:11,256 ERROR   robot.realtime.motion_streamer [robot-motion-streamer] motion_streamer.py:136 | 关节指令下发失败：关节 1 指令加速度 1098°/s² 超过上限 720°/s²
2026-08-07 14:47:11,388 ERROR   robot.realtime.motion_streamer [robot-motion-streamer] motion_streamer.py:136 | 关节指令下发失败：关节 1 指令加速度 1299°/s² 超过上限 720°/s²
2026-08-07 14:47:11,461 ERROR   robot.realtime.motion_streamer [robot-motion-streamer] motion_streamer.py:136 | 关节指令下发失败：关节 1 指令加速度 997°/s² 超过上限 720°/s²
2026-08-07 14:47:11,577 ERROR   robot.realtime.motion_streamer [robot-motion-streamer] motion_streamer.py:136 | 关节指令下发失败：关节 1 指令加速度 873°/s² 超过上限 720°/s²
2026-08-07 14:47:11,593 ERROR   robot.realtime.motion_streamer [robot-motion-streamer] motion_streamer.py:136 | 关节指令下发失败：关节 1 指令加速度 1166°/s² 超过上限 720°/s²
2026-08-07 14:47:11,597 ERROR   robot.realtime.motion_streamer [robot-motion-streamer] motion_streamer.py:136 | 关节指令下发失败：关节 1 指令加速度 6476°/s² 超过上限 720°/s²
2026-08-07 14:47:11,612 WARNING robot.realtime.clock [robot-continuous-jog] clock.py:103 | jog-joint 循环滞后 7.4 ms（超过一个控制周期 5.0 ms）
2026-08-07 14:47:11,624 WARNING robot.realtime.clock [robot-continuous-jog] clock.py:103 | jog-joint 循环滞后 14.5 ms（超过一个控制周期 5.0 ms）
2026-08-07 14:47:11,626 WARNING robot.realtime.clock [robot-continuous-jog] clock.py:103 | jog-joint 循环滞后 12.3 ms（超过一个控制周期 5.0 ms）
2026-08-07 14:47:11,627 ERROR   robot.realtime.motion_streamer [robot-motion-streamer] motion_streamer.py:136 | 关节指令下发失败：关节 1 指令加速度 7646°/s² 超过上限 720°/s²
2026-08-07 14:47:11,631 WARNING robot.realtime.clock [robot-continuous-jog] clock.py:103 | jog-joint 循环滞后 12.3 ms（超过一个控制周期 5.0 ms）
2026-08-07 14:47:11,633 ERROR   robot.realtime.motion_streamer [robot-motion-streamer] motion_streamer.py:136 | 关节指令下发失败：关节 1 指令加速度 1203°/s² 超过上限 720°/s²
2026-08-07 14:47:11,640 WARNING robot.realtime.clock [robot-continuous-jog] clock.py:103 | jog-joint 循环滞后 15.9 ms（超过一个控制周期 5.0 ms）
2026-08-07 14:47:11,642 WARNING robot.realtime.clock [robot-continuous-jog] clock.py:103 | jog-joint 循环滞后 13.2 ms（超过一个控制周期 5.0 ms）
2026-08-07 14:47:11,642 ERROR   robot.realtime.motion_streamer [robot-motion-streamer] motion_streamer.py:136 | 关节指令下发失败：关节 1 指令加速度 8323°/s² 超过上限 720°/s²
2026-08-07 14:47:11,644 WARNING robot.realtime.clock [robot-continuous-jog] clock.py:103 | jog-joint 循环滞后 10.1 ms（超过一个控制周期 5.0 ms）
2026-08-07 14:47:11,644 ERROR   robot.realtime.motion_streamer [robot-motion-streamer] motion_streamer.py:136 | 关节指令下发失败：关节 1 指令加速度 5045°/s² 超过上限 720°/s²
2026-08-07 14:47:11,646 WARNING robot.realtime.clock [robot-continuous-jog] clock.py:103 | jog-joint 循环滞后 6.8 ms（超过一个控制周期 5.0 ms）
2026-08-07 14:47:11,646 ERROR   robot.realtime.motion_streamer [robot-motion-streamer] motion_streamer.py:136 | 关节指令下发失败：关节 1 指令加速度 3924°/s² 超过上限 720°/s²
2026-08-07 14:47:11,653 ERROR   robot.realtime.motion_streamer [robot-motion-streamer] motion_streamer.py:136 | 关节指令下发失败：关节 1 指令速度 965.9°/s 超过上限 180.0°/s
2026-08-07 14:47:11,653 ERROR   robot.realtime.motion_streamer [robot-motion-streamer] motion_streamer.py:136 | 关节指令下发失败：关节 1 指令速度 351.7°/s 超过上限 180.0°/s
2026-08-07 14:47:11,659 ERROR   robot.realtime.motion_streamer [robot-motion-streamer] motion_streamer.py:136 | 关节指令下发失败：关节 1 指令加速度 1964°/s² 超过上限 720°/s²
2026-08-07 14:47:11,667 ERROR   robot.realtime.motion_streamer [robot-motion-streamer] motion_streamer.py:136 | 关节指令下发失败：关节 1 指令加速度 3130°/s² 超过上限 720°/s²
2026-08-07 14:47:11,672 ERROR   robot.realtime.motion_streamer [robot-motion-streamer] motion_streamer.py:136 | 关节指令下发失败：关节 1 指令加速度 1565°/s² 超过上限 720°/s²
2026-08-07 14:47:11,677 ERROR   robot.realtime.motion_streamer [robot-motion-streamer] motion_streamer.py:136 | 关节指令下发失败：关节 1 指令加速度 1043°/s² 超过上限 720°/s²
2026-08-07 14:47:11,733 ERROR   robot.realtime.motion_streamer [robot-motion-streamer] motion_streamer.py:136 | 关节指令下发失败：关节 1 指令速度 707.6°/s 超过上限 180.0°/s
2026-08-07 14:47:11,733 ERROR   robot.realtime.motion_streamer [robot-motion-streamer] motion_streamer.py:136 | 关节指令下发失败：关节 1 指令速度 290.7°/s 超过上限 180.0°/s
2026-08-07 14:47:11,737 ERROR   robot.realtime.motion_streamer [robot-motion-streamer] motion_streamer.py:136 | 关节指令下发失败：关节 1 指令加速度 13882°/s² 超过上限 720°/s²
2026-08-07 14:47:11,741 ERROR   robot.realtime.motion_streamer [robot-motion-streamer] motion_streamer.py:136 | 关节指令下发失败：关节 1 指令加速度 3368°/s² 超过上限 720°/s²
2026-08-07 14:47:11,746 ERROR   robot.realtime.motion_streamer [robot-motion-streamer] motion_streamer.py:136 | 关节指令下发失败：关节 1 指令加速度 1601°/s² 超过上限 720°/s²
2026-08-07 14:47:11,751 ERROR   robot.realtime.motion_streamer [robot-motion-streamer] motion_streamer.py:136 | 关节指令下发失败：关节 1 指令加速度 1003°/s² 超过上限 720°/s²
2026-08-07 14:47:11,762 ERROR   robot.realtime.motion_streamer [robot-motion-streamer] motion_streamer.py:136 | 关节指令下发失败：关节 1 指令加速度 1533°/s² 超过上限 720°/s²
2026-08-07 14:47:11,781 ERROR   robot.realtime.motion_streamer [robot-motion-streamer] motion_streamer.py:136 | 关节指令下发失败：关节 1 指令加速度 1338°/s² 超过上限 720°/s²
2026-08-07 14:47:11,818 ERROR   robot.realtime.motion_streamer [robot-motion-streamer] motion_streamer.py:136 | 关节指令下发失败：关节 1 指令速度 1115.9°/s 超过上限 180.0°/s
2026-08-07 14:47:11,818 ERROR   robot.realtime.motion_streamer [robot-motion-streamer] motion_streamer.py:136 | 关节指令下发失败：关节 1 指令速度 643.6°/s 超过上限 180.0°/s
2026-08-07 14:47:11,822 ERROR   robot.realtime.motion_streamer [robot-motion-streamer] motion_streamer.py:136 | 关节指令下发失败：关节 1 指令加速度 8157°/s² 超过上限 720°/s²
2026-08-07 14:47:11,827 ERROR   robot.realtime.motion_streamer [robot-motion-streamer] motion_streamer.py:136 | 关节指令下发失败：关节 1 指令加速度 2509°/s² 超过上限 720°/s²
2026-08-07 14:47:11,833 ERROR   robot.realtime.motion_streamer [robot-motion-streamer] motion_streamer.py:136 | 关节指令下发失败：关节 1 指令加速度 1276°/s² 超过上限 720°/s²
2026-08-07 14:47:11,837 ERROR   robot.realtime.motion_streamer [robot-motion-streamer] motion_streamer.py:136 | 关节指令下发失败：关节 1 指令加速度 929°/s² 超过上限 720°/s²
2026-08-07 14:47:11,848 ERROR   robot.realtime.motion_streamer [robot-motion-streamer] motion_streamer.py:136 | 关节指令下发失败：关节 1 指令加速度 1288°/s² 超过上限 720°/s²
2026-08-07 14:47:11,877 ERROR   robot.realtime.motion_streamer [robot-motion-streamer] motion_streamer.py:136 | 关节指令下发失败：关节 1 指令加速度 1181°/s² 超过上限 720°/s²
2026-08-07 14:47:11,898 ERROR   robot.realtime.motion_streamer [robot-motion-streamer] motion_streamer.py:136 | 关节指令下发失败：关节 1 指令加速度 2077°/s² 超过上限 720°/s²
2026-08-07 14:47:11,907 ERROR   robot.realtime.motion_streamer [robot-motion-streamer] motion_streamer.py:136 | 关节指令下发失败：关节 1 指令加速度 891°/s² 超过上限 720°/s²
2026-08-07 14:47:11,989 ERROR   robot.realtime.motion_streamer [robot-motion-streamer] motion_streamer.py:136 | 关节指令下发失败：关节 1 指令加速度 85539°/s² 超过上限 720°/s²
2026-08-07 14:47:11,993 ERROR   robot.realtime.motion_streamer [robot-motion-streamer] motion_streamer.py:136 | 关节指令下发失败：关节 1 指令加速度 7070°/s² 超过上限 720°/s²
2026-08-07 14:47:11,999 ERROR   robot.realtime.motion_streamer [robot-motion-streamer] motion_streamer.py:136 | 关节指令下发失败：关节 1 指令加速度 1462°/s² 超过上限 720°/s²
2026-08-07 14:47:12,003 ERROR   robot.realtime.motion_streamer [robot-motion-streamer] motion_streamer.py:136 | 关节指令下发失败：关节 1 指令加速度 892°/s² 超过上限 720°/s²
2026-08-07 14:47:12,510 WARNING robot.realtime.clock [robot-continuous-jog] clock.py:103 | jog-joint 循环滞后 11.1 ms（超过一个控制周期 5.0 ms）
2026-08-07 14:47:12,517 WARNING robot.realtime.clock [robot-continuous-jog] clock.py:103 | jog-joint 循环滞后 13.0 ms（超过一个控制周期 5.0 ms）
2026-08-07 14:47:12,518 ERROR   robot.realtime.motion_streamer [robot-motion-streamer] motion_streamer.py:136 | 关节指令下发失败：关节 1 指令加速度 6837°/s² 超过上限 720°/s²
2026-08-07 14:47:12,522 WARNING robot.realtime.clock [robot-continuous-jog] clock.py:103 | jog-joint 循环滞后 12.2 ms（超过一个控制周期 5.0 ms）
2026-08-07 14:47:12,522 ERROR   robot.realtime.motion_streamer [robot-motion-streamer] motion_streamer.py:136 | 关节指令下发失败：关节 1 指令加速度 2281°/s² 超过上限 720°/s²
2026-08-07 14:47:12,528 WARNING robot.realtime.clock [robot-continuous-jog] clock.py:103 | jog-joint 循环滞后 13.2 ms（超过一个控制周期 5.0 ms）
2026-08-07 14:47:12,528 ERROR   robot.realtime.motion_streamer [robot-motion-streamer] motion_streamer.py:136 | 关节指令下发失败：关节 1 指令加速度 1158°/s² 超过上限 720°/s²
2026-08-07 14:47:12,531 WARNING robot.realtime.clock [robot-continuous-jog] clock.py:103 | jog-joint 循环滞后 12.1 ms（超过一个控制周期 5.0 ms）
2026-08-07 14:47:12,532 ERROR   robot.realtime.motion_streamer [robot-motion-streamer] motion_streamer.py:136 | 关节指令下发失败：关节 1 指令加速度 967°/s² 超过上限 720°/s²
2026-08-07 14:47:12,534 WARNING robot.realtime.clock [robot-continuous-jog] clock.py:103 | jog-joint 循环滞后 9.8 ms（超过一个控制周期 5.0 ms）
2026-08-07 14:47:12,534 ERROR   robot.realtime.motion_streamer [robot-motion-streamer] motion_streamer.py:136 | 关节指令下发失败：关节 1 指令加速度 912°/s² 超过上限 720°/s²
2026-08-07 14:47:12,537 WARNING robot.realtime.clock [robot-continuous-jog] clock.py:103 | jog-joint 循环滞后 7.2 ms（超过一个控制周期 5.0 ms）
2026-08-07 14:47:12,537 ERROR   robot.realtime.motion_streamer [robot-motion-streamer] motion_streamer.py:136 | 关节指令下发失败：关节 1 指令加速度 871°/s² 超过上限 720°/s²
2026-08-07 14:47:12,539 WARNING robot.realtime.clock [robot-continuous-jog] clock.py:103 | jog-joint 循环滞后 5.0 ms（超过一个控制周期 5.0 ms）
2026-08-07 14:47:12,543 ERROR   robot.realtime.motion_streamer [robot-motion-streamer] motion_streamer.py:136 | 关节指令下发失败：关节 1 指令加速度 1789°/s² 超过上限 720°/s²
2026-08-07 14:47:12,543 ERROR   robot.realtime.motion_streamer [robot-motion-streamer] motion_streamer.py:136 | 关节指令下发失败：关节 1 指令加速度 7196°/s² 超过上限 720°/s²
2026-08-07 14:47:12,547 ERROR   robot.realtime.motion_streamer [robot-motion-streamer] motion_streamer.py:136 | 关节指令下发失败：关节 1 指令加速度 1420°/s² 超过上限 720°/s²
2026-08-07 14:47:12,558 ERROR   robot.realtime.motion_streamer [robot-motion-streamer] motion_streamer.py:136 | 关节指令下发失败：关节 1 指令加速度 1974°/s² 超过上限 720°/s²
2026-08-07 14:47:12,562 ERROR   robot.realtime.motion_streamer [robot-motion-streamer] motion_streamer.py:136 | 关节指令下发失败：关节 1 指令加速度 955°/s² 超过上限 720°/s²
2026-08-07 14:47:12,602 ERROR   robot.realtime.motion_streamer [robot-motion-streamer] motion_streamer.py:136 | 关节指令下发失败：关节 1 指令加速度 1056°/s² 超过上限 720°/s²
2026-08-07 14:47:12,624 ERROR   robot.realtime.motion_streamer [robot-motion-streamer] motion_streamer.py:136 | 关节指令下发失败：关节 1 指令速度 1354.0°/s 超过上限 180.0°/s
2026-08-07 14:47:19,041 WARNING robot.realtime.clock [robot-continuous-jog] clock.py:103 | jog-cartesian 循环滞后 25.1 ms（超过一个控制周期 5.0 ms）
2026-08-07 14:47:19,052 WARNING robot.realtime.clock [robot-continuous-jog] clock.py:103 | jog-cartesian 循环滞后 30.7 ms（超过一个控制周期 5.0 ms）
2026-08-07 14:47:19,056 WARNING robot.realtime.clock [robot-continuous-jog] clock.py:103 | jog-cartesian 循环滞后 30.3 ms（超过一个控制周期 5.0 ms）
2026-08-07 14:47:19,060 WARNING robot.realtime.clock [robot-continuous-jog] clock.py:103 | jog-cartesian 循环滞后 29.0 ms（超过一个控制周期 5.0 ms）
2026-08-07 14:47:19,064 WARNING robot.realtime.clock [robot-continuous-jog] clock.py:103 | jog-cartesian 循环滞后 27.6 ms（超过一个控制周期 5.0 ms）
2026-08-07 14:47:19,066 WARNING robot.realtime.clock [robot-continuous-jog] clock.py:103 | jog-cartesian 循环滞后 25.3 ms（超过一个控制周期 5.0 ms）
2026-08-07 14:47:19,066 ERROR   robot.realtime.motion_streamer [robot-motion-streamer] motion_streamer.py:136 | 关节指令下发失败：关节 4 指令加速度 867°/s² 超过上限 720°/s²
2026-08-07 14:47:19,070 WARNING robot.realtime.clock [robot-continuous-jog] clock.py:103 | jog-cartesian 循环滞后 23.9 ms（超过一个控制周期 5.0 ms）
2026-08-07 14:47:19,072 WARNING robot.realtime.clock [robot-continuous-jog] clock.py:103 | jog-cartesian 循环滞后 21.6 ms（超过一个控制周期 5.0 ms）
2026-08-07 14:47:19,075 WARNING robot.realtime.clock [robot-continuous-jog] clock.py:103 | jog-cartesian 循环滞后 19.3 ms（超过一个控制周期 5.0 ms）
2026-08-07 14:47:19,079 WARNING robot.realtime.clock [robot-continuous-jog] clock.py:103 | jog-cartesian 循环滞后 18.0 ms（超过一个控制周期 5.0 ms）
2026-08-07 14:47:19,083 WARNING robot.realtime.clock [robot-continuous-jog] clock.py:103 | jog-cartesian 循环滞后 17.3 ms（超过一个控制周期 5.0 ms）
2026-08-07 14:47:19,086 WARNING robot.realtime.clock [robot-continuous-jog] clock.py:103 | jog-cartesian 循环滞后 15.3 ms（超过一个控制周期 5.0 ms）
2026-08-07 14:47:19,086 ERROR   robot.realtime.motion_streamer [robot-motion-streamer] motion_streamer.py:136 | 关节指令下发失败：关节 4 指令加速度 946°/s² 超过上限 720°/s²
2026-08-07 14:47:19,090 WARNING robot.realtime.clock [robot-continuous-jog] clock.py:103 | jog-cartesian 循环滞后 13.8 ms（超过一个控制周期 5.0 ms）
2026-08-07 14:47:19,094 WARNING robot.realtime.clock [robot-continuous-jog] clock.py:103 | jog-cartesian 循环滞后 12.7 ms（超过一个控制周期 5.0 ms）
2026-08-07 14:47:19,098 WARNING robot.realtime.clock [robot-continuous-jog] clock.py:103 | jog-cartesian 循环滞后 11.9 ms（超过一个控制周期 5.0 ms）
2026-08-07 14:47:19,103 WARNING robot.realtime.clock [robot-continuous-jog] clock.py:103 | jog-cartesian 循环滞后 11.9 ms（超过一个控制周期 5.0 ms）
2026-08-07 14:47:19,107 WARNING robot.realtime.clock [robot-continuous-jog] clock.py:103 | jog-cartesian 循环滞后 10.6 ms（超过一个控制周期 5.0 ms）
2026-08-07 14:47:19,110 WARNING robot.realtime.clock [robot-continuous-jog] clock.py:103 | jog-cartesian 循环滞后 9.0 ms（超过一个控制周期 5.0 ms）
2026-08-07 14:47:19,113 WARNING robot.realtime.clock [robot-continuous-jog] clock.py:103 | jog-cartesian 循环滞后 6.7 ms（超过一个控制周期 5.0 ms）
2026-08-07 14:47:19,129 ERROR   robot.realtime.motion_streamer [robot-motion-streamer] motion_streamer.py:136 | 关节指令下发失败：关节 4 指令加速度 876°/s² 超过上限 720°/s²
2026-08-07 14:47:19,155 ERROR   robot.realtime.motion_streamer [robot-motion-streamer] motion_streamer.py:136 | 关节指令下发失败：关节 4 指令加速度 1423°/s² 超过上限 720°/s²
2026-08-07 14:47:19,271 WARNING robot.realtime.clock [robot-continuous-jog] clock.py:103 | jog-cartesian 循环滞后 5.1 ms（超过一个控制周期 5.0 ms）
2026-08-07 14:47:19,274 ERROR   robot.realtime.motion_streamer [robot-motion-streamer] motion_streamer.py:136 | 关节指令下发失败：关节 4 指令加速度 1473°/s² 超过上限 720°/s²
2026-08-07 14:47:19,368 WARNING robot.realtime.clock [robot-continuous-jog] clock.py:103 | jog-cartesian 循环滞后 12.1 ms（超过一个控制周期 5.0 ms）
2026-08-07 14:47:19,378 WARNING robot.realtime.clock [robot-continuous-jog] clock.py:103 | jog-cartesian 循环滞后 16.8 ms（超过一个控制周期 5.0 ms）
2026-08-07 14:47:19,386 WARNING robot.realtime.clock [robot-continuous-jog] clock.py:103 | jog-cartesian 循环滞后 19.6 ms（超过一个控制周期 5.0 ms）
2026-08-07 14:47:19,391 WARNING robot.realtime.clock [robot-continuous-jog] clock.py:103 | jog-cartesian 循环滞后 19.7 ms（超过一个控制周期 5.0 ms）
2026-08-07 14:47:19,395 WARNING robot.realtime.clock [robot-continuous-jog] clock.py:103 | jog-cartesian 循环滞后 18.6 ms（超过一个控制周期 5.0 ms）
2026-08-07 14:47:19,395 ERROR   robot.realtime.motion_streamer [robot-motion-streamer] motion_streamer.py:136 | 关节指令下发失败：关节 4 指令加速度 974°/s² 超过上限 720°/s²
2026-08-07 14:47:19,398 WARNING robot.realtime.clock [robot-continuous-jog] clock.py:103 | jog-cartesian 循环滞后 16.6 ms（超过一个控制周期 5.0 ms）
2026-08-07 14:47:19,401 WARNING robot.realtime.clock [robot-continuous-jog] clock.py:103 | jog-cartesian 循环滞后 14.6 ms（超过一个控制周期 5.0 ms）
2026-08-07 14:47:19,403 WARNING robot.realtime.clock [robot-continuous-jog] clock.py:103 | jog-cartesian 循环滞后 12.3 ms（超过一个控制周期 5.0 ms）
2026-08-07 14:47:19,406 WARNING robot.realtime.clock [robot-continuous-jog] clock.py:103 | jog-cartesian 循环滞后 10.5 ms（超过一个控制周期 5.0 ms）
2026-08-07 14:47:19,410 WARNING robot.realtime.clock [robot-continuous-jog] clock.py:103 | jog-cartesian 循环滞后 8.9 ms（超过一个控制周期 5.0 ms）
2026-08-07 14:47:19,413 WARNING robot.realtime.clock [robot-continuous-jog] clock.py:103 | jog-cartesian 循环滞后 7.4 ms（超过一个控制周期 5.0 ms）
2026-08-07 14:47:19,416 WARNING robot.realtime.clock [robot-continuous-jog] clock.py:103 | jog-cartesian 循环滞后 5.1 ms（超过一个控制周期 5.0 ms）
2026-08-07 14:47:19,416 ERROR   robot.realtime.motion_streamer [robot-motion-streamer] motion_streamer.py:136 | 关节指令下发失败：关节 4 指令加速度 928°/s² 超过上限 720°/s²
2026-08-07 14:47:20,039 WARNING robot.realtime.clock [robot-continuous-jog] clock.py:103 | jog-cartesian 循环滞后 17.0 ms（超过一个控制周期 5.0 ms）
2026-08-07 14:47:20,051 WARNING robot.realtime.clock [robot-continuous-jog] clock.py:103 | jog-cartesian 循环滞后 24.5 ms（超过一个控制周期 5.0 ms）
2026-08-07 14:47:20,056 WARNING robot.realtime.clock [robot-continuous-jog] clock.py:103 | jog-cartesian 循环滞后 24.7 ms（超过一个控制周期 5.0 ms）
2026-08-07 14:47:20,059 WARNING robot.realtime.clock [robot-continuous-jog] clock.py:103 | jog-cartesian 循环滞后 22.8 ms（超过一个控制周期 5.0 ms）
2026-08-07 14:47:20,060 ERROR   robot.realtime.motion_streamer [robot-motion-streamer] motion_streamer.py:136 | 关节指令下发失败：关节 4 指令加速度 1248°/s² 超过上限 720°/s²
2026-08-07 14:47:20,063 WARNING robot.realtime.clock [robot-continuous-jog] clock.py:103 | jog-cartesian 循环滞后 21.4 ms（超过一个控制周期 5.0 ms）
2026-08-07 14:47:20,066 WARNING robot.realtime.clock [robot-continuous-jog] clock.py:103 | jog-cartesian 循环滞后 19.3 ms（超过一个控制周期 5.0 ms）
2026-08-07 14:47:20,069 WARNING robot.realtime.clock [robot-continuous-jog] clock.py:103 | jog-cartesian 循环滞后 17.0 ms（超过一个控制周期 5.0 ms）
2026-08-07 14:47:20,072 WARNING robot.realtime.clock [robot-continuous-jog] clock.py:103 | jog-cartesian 循环滞后 15.0 ms（超过一个控制周期 5.0 ms）
2026-08-07 14:47:20,075 WARNING robot.realtime.clock [robot-continuous-jog] clock.py:103 | jog-cartesian 循环滞后 12.9 ms（超过一个控制周期 5.0 ms）
2026-08-07 14:47:20,077 WARNING robot.realtime.clock [robot-continuous-jog] clock.py:103 | jog-cartesian 循环滞后 10.6 ms（超过一个控制周期 5.0 ms）
2026-08-07 14:47:20,080 WARNING robot.realtime.clock [robot-continuous-jog] clock.py:103 | jog-cartesian 循环滞后 8.7 ms（超过一个控制周期 5.0 ms）
2026-08-07 14:47:20,084 WARNING robot.realtime.clock [robot-continuous-jog] clock.py:103 | jog-cartesian 循环滞后 7.4 ms（超过一个控制周期 5.0 ms）
2026-08-07 14:47:20,087 WARNING robot.realtime.clock [robot-continuous-jog] clock.py:103 | jog-cartesian 循环滞后 5.1 ms（超过一个控制周期 5.0 ms）
2026-08-07 14:47:20,087 ERROR   robot.realtime.motion_streamer [robot-motion-streamer] motion_streamer.py:136 | 关节指令下发失败：关节 4 指令加速度 1017°/s² 超过上限 720°/s²
2026-08-07 14:47:20,096 ERROR   robot.realtime.motion_streamer [robot-motion-streamer] motion_streamer.py:136 | 关节指令下发失败：关节 4 指令加速度 1128°/s² 超过上限 720°/s²
2026-08-07 14:47:20,170 ERROR   robot.realtime.motion_streamer [robot-motion-streamer] motion_streamer.py:136 | 关节指令下发失败：关节 4 指令加速度 1435°/s² 超过上限 720°/s²
2026-08-07 14:47:20,405 ERROR   robot.realtime.motion_streamer [robot-motion-streamer] motion_streamer.py:136 | 关节指令下发失败：关节 4 指令加速度 1077°/s² 超过上限 720°/s²
2026-08-07 14:47:39,811 WARNING robot.realtime.clock [robot-continuous-jog] clock.py:103 | jog-cartesian 循环滞后 18.2 ms（超过一个控制周期 5.0 ms）
2026-08-07 14:47:39,819 WARNING robot.realtime.clock [robot-continuous-jog] clock.py:103 | jog-cartesian 循环滞后 21.2 ms（超过一个控制周期 5.0 ms）
2026-08-07 14:47:39,823 WARNING robot.realtime.clock [robot-continuous-jog] clock.py:103 | jog-cartesian 循环滞后 20.3 ms（超过一个控制周期 5.0 ms）
2026-08-07 14:47:39,823 ERROR   robot.realtime.motion_streamer [robot-motion-streamer] motion_streamer.py:136 | 关节指令下发失败：关节 4 指令加速度 904°/s² 超过上限 720°/s²
2026-08-07 14:47:39,827 WARNING robot.realtime.clock [robot-continuous-jog] clock.py:103 | jog-cartesian 循环滞后 19.4 ms（超过一个控制周期 5.0 ms）
2026-08-07 14:47:39,831 WARNING robot.realtime.clock [robot-continuous-jog] clock.py:103 | jog-cartesian 循环滞后 18.6 ms（超过一个控制周期 5.0 ms）
2026-08-07 14:47:39,834 WARNING robot.realtime.clock [robot-continuous-jog] clock.py:103 | jog-cartesian 循环滞后 16.5 ms（超过一个控制周期 5.0 ms）
2026-08-07 14:47:39,834 ERROR   robot.realtime.motion_streamer [robot-motion-streamer] motion_streamer.py:136 | 关节指令下发失败：关节 4 指令加速度 1197°/s² 超过上限 720°/s²
2026-08-07 14:47:39,837 WARNING robot.realtime.clock [robot-continuous-jog] clock.py:103 | jog-cartesian 循环滞后 14.5 ms（超过一个控制周期 5.0 ms）
2026-08-07 14:47:39,840 WARNING robot.realtime.clock [robot-continuous-jog] clock.py:103 | jog-cartesian 循环滞后 12.2 ms（超过一个控制周期 5.0 ms）
2026-08-07 14:47:39,843 WARNING robot.realtime.clock [robot-continuous-jog] clock.py:103 | jog-cartesian 循环滞后 10.3 ms（超过一个控制周期 5.0 ms）
2026-08-07 14:47:39,846 WARNING robot.realtime.clock [robot-continuous-jog] clock.py:103 | jog-cartesian 循环滞后 8.7 ms（超过一个控制周期 5.0 ms）
2026-08-07 14:47:39,849 WARNING robot.realtime.clock [robot-continuous-jog] clock.py:103 | jog-cartesian 循环滞后 6.6 ms（超过一个控制周期 5.0 ms）
2026-08-07 14:47:39,866 ERROR   robot.realtime.motion_streamer [robot-motion-streamer] motion_streamer.py:136 | 关节指令下发失败：关节 4 指令加速度 898°/s² 超过上限 720°/s²
2026-08-07 14:47:39,915 WARNING robot.realtime.clock [robot-continuous-jog] clock.py:103 | jog-cartesian 循环滞后 32.1 ms（超过一个控制周期 5.0 ms）
2026-08-07 14:47:39,918 WARNING robot.realtime.clock [robot-continuous-jog] clock.py:103 | jog-cartesian 循环滞后 30.1 ms（超过一个控制周期 5.0 ms）
2026-08-07 14:47:39,918 ERROR   robot.realtime.motion_streamer [robot-motion-streamer] motion_streamer.py:136 | 关节指令下发失败：关节 4 指令加速度 3424°/s² 超过上限 720°/s²
2026-08-07 14:47:39,920 WARNING robot.realtime.clock [robot-continuous-jog] clock.py:103 | jog-cartesian 循环滞后 27.8 ms（超过一个控制周期 5.0 ms）
2026-08-07 14:47:39,921 ERROR   robot.realtime.motion_streamer [robot-motion-streamer] motion_streamer.py:136 | 关节指令下发失败：关节 4 指令加速度 1784°/s² 超过上限 720°/s²
2026-08-07 14:47:39,923 WARNING robot.realtime.clock [robot-continuous-jog] clock.py:103 | jog-cartesian 循环滞后 25.5 ms（超过一个控制周期 5.0 ms）
2026-08-07 14:47:39,923 ERROR   robot.realtime.motion_streamer [robot-motion-streamer] motion_streamer.py:136 | 关节指令下发失败：关节 4 指令加速度 1234°/s² 超过上限 720°/s²
2026-08-07 14:47:39,926 WARNING robot.realtime.clock [robot-continuous-jog] clock.py:103 | jog-cartesian 循环滞后 23.5 ms（超过一个控制周期 5.0 ms）
2026-08-07 14:47:39,926 ERROR   robot.realtime.motion_streamer [robot-motion-streamer] motion_streamer.py:136 | 关节指令下发失败：关节 4 指令加速度 888°/s² 超过上限 720°/s²
2026-08-07 14:47:39,929 WARNING robot.realtime.clock [robot-continuous-jog] clock.py:103 | jog-cartesian 循环滞后 21.4 ms（超过一个控制周期 5.0 ms）
2026-08-07 14:47:39,932 WARNING robot.realtime.clock [robot-continuous-jog] clock.py:103 | jog-cartesian 循环滞后 19.6 ms（超过一个控制周期 5.0 ms）
2026-08-07 14:47:39,935 WARNING robot.realtime.clock [robot-continuous-jog] clock.py:103 | jog-cartesian 循环滞后 17.7 ms（超过一个控制周期 5.0 ms）
2026-08-07 14:47:39,938 WARNING robot.realtime.clock [robot-continuous-jog] clock.py:103 | jog-cartesian 循环滞后 15.5 ms（超过一个控制周期 5.0 ms）
2026-08-07 14:47:39,941 WARNING robot.realtime.clock [robot-continuous-jog] clock.py:103 | jog-cartesian 循环滞后 13.4 ms（超过一个控制周期 5.0 ms）
2026-08-07 14:47:39,944 WARNING robot.realtime.clock [robot-continuous-jog] clock.py:103 | jog-cartesian 循环滞后 11.2 ms（超过一个控制周期 5.0 ms）
2026-08-07 14:47:39,947 WARNING robot.realtime.clock [robot-continuous-jog] clock.py:103 | jog-cartesian 循环滞后 9.5 ms（超过一个控制周期 5.0 ms）
2026-08-07 14:47:40,509 WARNING robot.realtime.clock [robot-continuous-jog] clock.py:103 | jog-cartesian 循环滞后 12.2 ms（超过一个控制周期 5.0 ms）
2026-08-07 14:47:40,518 WARNING robot.realtime.clock [robot-continuous-jog] clock.py:103 | jog-cartesian 循环滞后 15.3 ms（超过一个控制周期 5.0 ms）
2026-08-07 14:47:40,527 WARNING robot.realtime.clock [robot-continuous-jog] clock.py:103 | jog-cartesian 循环滞后 19.6 ms（超过一个控制周期 5.0 ms）
2026-08-07 14:47:40,533 WARNING robot.realtime.clock [robot-continuous-jog] clock.py:103 | jog-cartesian 循环滞后 21.2 ms（超过一个控制周期 5.0 ms）
2026-08-07 14:47:40,538 WARNING robot.realtime.clock [robot-continuous-jog] clock.py:103 | jog-cartesian 循环滞后 20.4 ms（超过一个控制周期 5.0 ms）
2026-08-07 14:47:40,541 WARNING robot.realtime.clock [robot-continuous-jog] clock.py:103 | jog-cartesian 循环滞后 19.0 ms（超过一个控制周期 5.0 ms）
2026-08-07 14:47:40,544 WARNING robot.realtime.clock [robot-continuous-jog] clock.py:103 | jog-cartesian 循环滞后 17.1 ms（超过一个控制周期 5.0 ms）
2026-08-07 14:47:40,547 WARNING robot.realtime.clock [robot-continuous-jog] clock.py:103 | jog-cartesian 循环滞后 14.8 ms（超过一个控制周期 5.0 ms）
2026-08-07 14:47:40,551 WARNING robot.realtime.clock [robot-continuous-jog] clock.py:103 | jog-cartesian 循环滞后 13.4 ms（超过一个控制周期 5.0 ms）
2026-08-07 14:47:40,554 WARNING robot.realtime.clock [robot-continuous-jog] clock.py:103 | jog-cartesian 循环滞后 11.7 ms（超过一个控制周期 5.0 ms）
2026-08-07 14:47:40,557 WARNING robot.realtime.clock [robot-continuous-jog] clock.py:103 | jog-cartesian 循环滞后 9.5 ms（超过一个控制周期 5.0 ms）
2026-08-07 14:47:40,560 WARNING robot.realtime.clock [robot-continuous-jog] clock.py:103 | jog-cartesian 循环滞后 8.1 ms（超过一个控制周期 5.0 ms）
2026-08-07 14:47:40,563 WARNING robot.realtime.clock [robot-continuous-jog] clock.py:103 | jog-cartesian 循环滞后 6.1 ms（超过一个控制周期 5.0 ms）
2026-08-07 14:47:40,628 WARNING robot.realtime.clock [robot-continuous-jog] clock.py:103 | jog-cartesian 循环滞后 6.0 ms（超过一个控制周期 5.0 ms）
2026-08-07 14:47:40,633 WARNING robot.realtime.clock [robot-continuous-jog] clock.py:103 | jog-cartesian 循环滞后 5.5 ms（超过一个控制周期 5.0 ms）
2026-08-07 14:47:40,643 WARNING robot.realtime.clock [robot-continuous-jog] clock.py:103 | jog-cartesian 循环滞后 5.9 ms（超过一个控制周期 5.0 ms）
2026-08-07 14:47:40,650 WARNING robot.realtime.clock [robot-continuous-jog] clock.py:103 | jog-cartesian 循环滞后 8.1 ms（超过一个控制周期 5.0 ms）
2026-08-07 14:47:40,655 WARNING robot.realtime.clock [robot-continuous-jog] clock.py:103 | jog-cartesian 循环滞后 7.7 ms（超过一个控制周期 5.0 ms）
2026-08-07 14:47:40,659 WARNING robot.realtime.clock [robot-continuous-jog] clock.py:103 | jog-cartesian 循环滞后 6.7 ms（超过一个控制周期 5.0 ms）
2026-08-07 14:47:40,663 WARNING robot.realtime.clock [robot-continuous-jog] clock.py:103 | jog-cartesian 循环滞后 5.9 ms（超过一个控制周期 5.0 ms）
2026-08-07 14:47:40,666 ERROR   robot.realtime.motion_streamer [robot-motion-streamer] motion_streamer.py:136 | 关节指令下发失败：关节 4 指令加速度 1018°/s² 超过上限 720°/s²
2026-08-07 14:47:40,671 ERROR   robot.realtime.motion_streamer [robot-motion-streamer] motion_streamer.py:136 | 关节指令下发失败：关节 4 指令加速度 1424°/s² 超过上限 720°/s²
2026-08-07 14:47:40,681 ERROR   robot.realtime.motion_streamer [robot-motion-streamer] motion_streamer.py:136 | 关节指令下发失败：关节 4 指令加速度 901°/s² 超过上限 720°/s²
2026-08-07 14:47:40,712 ERROR   robot.realtime.motion_streamer [robot-motion-streamer] motion_streamer.py:136 | 关节指令下发失败：关节 4 指令加速度 1049°/s² 超过上限 720°/s²
2026-08-07 14:47:40,731 ERROR   robot.realtime.motion_streamer [robot-motion-streamer] motion_streamer.py:136 | 关节指令下发失败：关节 4 指令加速度 1377°/s² 超过上限 720°/s²
2026-08-07 14:47:40,797 ERROR   robot.realtime.motion_streamer [robot-motion-streamer] motion_streamer.py:136 | 关节指令下发失败：关节 4 指令加速度 1133°/s² 超过上限 720°/s²
2026-08-07 14:47:40,936 ERROR   robot.realtime.motion_streamer [robot-motion-streamer] motion_streamer.py:136 | 关节指令下发失败：关节 4 指令加速度 1299°/s² 超过上限 720°/s²
2026-08-07 14:47:41,241 ERROR   robot.realtime.motion_streamer [robot-motion-streamer] motion_streamer.py:136 | 关节指令下发失败：关节 4 指令加速度 926°/s² 超过上限 720°/s²
2026-08-07 14:47:41,353 ERROR   robot.realtime.motion_streamer [robot-motion-streamer] motion_streamer.py:136 | 关节指令下发失败：关节 4 指令加速度 968°/s² 超过上限 720°/s²
2026-08-07 14:47:41,375 ERROR   robot.realtime.motion_streamer [robot-motion-streamer] motion_streamer.py:136 | 关节指令下发失败：关节 4 指令加速度 957°/s² 超过上限 720°/s²
2026-08-07 14:47:41,484 ERROR   robot.realtime.motion_streamer [robot-motion-streamer] motion_streamer.py:136 | 关节指令下发失败：关节 4 指令加速度 900°/s² 超过上限 720°/s²
2026-08-07 14:47:41,491 ERROR   robot.realtime.motion_streamer [robot-motion-streamer] motion_streamer.py:136 | 关节指令下发失败：关节 4 指令加速度 902°/s² 超过上限 720°/s²
2026-08-07 14:47:41,591 WARNING robot.realtime.clock [robot-continuous-jog] clock.py:103 | jog-cartesian 循环滞后 9.0 ms（超过一个控制周期 5.0 ms）
2026-08-07 14:47:41,599 WARNING robot.realtime.clock [robot-continuous-jog] clock.py:103 | jog-cartesian 循环滞后 11.9 ms（超过一个控制周期 5.0 ms）
2026-08-07 14:47:41,603 WARNING robot.realtime.clock [robot-continuous-jog] clock.py:103 | jog-cartesian 循环滞后 10.8 ms（超过一个控制周期 5.0 ms）
2026-08-07 14:47:41,603 ERROR   robot.realtime.motion_streamer [robot-motion-streamer] motion_streamer.py:136 | 关节指令下发失败：关节 4 指令加速度 1037°/s² 超过上限 720°/s²
2026-08-07 14:47:41,609 WARNING robot.realtime.clock [robot-continuous-jog] clock.py:103 | jog-cartesian 循环滞后 11.3 ms（超过一个控制周期 5.0 ms）
2026-08-07 14:47:41,613 WARNING robot.realtime.clock [robot-continuous-jog] clock.py:103 | jog-cartesian 循环滞后 11.2 ms（超过一个控制周期 5.0 ms）
2026-08-07 14:47:41,616 WARNING robot.realtime.clock [robot-continuous-jog] clock.py:103 | jog-cartesian 循环滞后 9.2 ms（超过一个控制周期 5.0 ms）
2026-08-07 14:47:41,616 ERROR   robot.realtime.motion_streamer [robot-motion-streamer] motion_streamer.py:136 | 关节指令下发失败：关节 4 指令加速度 1447°/s² 超过上限 720°/s²
2026-08-07 14:47:41,619 WARNING robot.realtime.clock [robot-continuous-jog] clock.py:103 | jog-cartesian 循环滞后 7.0 ms（超过一个控制周期 5.0 ms）
2026-08-07 14:47:41,635 ERROR   robot.realtime.motion_streamer [robot-motion-streamer] motion_streamer.py:136 | 关节指令下发失败：关节 4 指令加速度 1080°/s² 超过上限 720°/s²
2026-08-07 14:47:41,736 WARNING robot.realtime.clock [robot-continuous-jog] clock.py:103 | jog-cartesian 循环滞后 8.8 ms（超过一个控制周期 5.0 ms）
2026-08-07 14:47:41,745 WARNING robot.realtime.clock [robot-continuous-jog] clock.py:103 | jog-cartesian 循环滞后 12.7 ms（超过一个控制周期 5.0 ms）
2026-08-07 14:47:41,753 WARNING robot.realtime.clock [robot-continuous-jog] clock.py:103 | jog-cartesian 循环滞后 15.6 ms（超过一个控制周期 5.0 ms）
2026-08-07 14:47:41,761 WARNING robot.realtime.clock [robot-continuous-jog] clock.py:103 | jog-cartesian 循环滞后 18.4 ms（超过一个控制周期 5.0 ms）
2026-08-07 14:47:41,765 WARNING robot.realtime.clock [robot-continuous-jog] clock.py:103 | jog-cartesian 循环滞后 17.8 ms（超过一个控制周期 5.0 ms）
2026-08-07 14:47:41,768 WARNING robot.realtime.clock [robot-continuous-jog] clock.py:103 | jog-cartesian 循环滞后 16.0 ms（超过一个控制周期 5.0 ms）
2026-08-07 14:47:41,768 ERROR   robot.realtime.motion_streamer [robot-motion-streamer] motion_streamer.py:136 | 关节指令下发失败：关节 4 指令加速度 904°/s² 超过上限 720°/s²
2026-08-07 14:47:41,771 WARNING robot.realtime.clock [robot-continuous-jog] clock.py:103 | jog-cartesian 循环滞后 14.0 ms（超过一个控制周期 5.0 ms）
2026-08-07 14:47:41,775 WARNING robot.realtime.clock [robot-continuous-jog] clock.py:103 | jog-cartesian 循环滞后 12.5 ms（超过一个控制周期 5.0 ms）
2026-08-07 14:47:41,778 WARNING robot.realtime.clock [robot-continuous-jog] clock.py:103 | jog-cartesian 循环滞后 10.7 ms（超过一个控制周期 5.0 ms）
2026-08-07 14:47:41,781 WARNING robot.realtime.clock [robot-continuous-jog] clock.py:103 | jog-cartesian 循环滞后 8.6 ms（超过一个控制周期 5.0 ms）
2026-08-07 14:47:41,784 WARNING robot.realtime.clock [robot-continuous-jog] clock.py:103 | jog-cartesian 循环滞后 6.4 ms（超过一个控制周期 5.0 ms）
2026-08-07 14:47:41,796 ERROR   robot.realtime.motion_streamer [robot-motion-streamer] motion_streamer.py:136 | 关节指令下发失败：关节 4 指令加速度 1443°/s² 超过上限 720°/s²
2026-08-07 14:47:41,820 ERROR   robot.realtime.motion_streamer [robot-motion-streamer] motion_streamer.py:136 | 关节指令下发失败：关节 4 指令加速度 871°/s² 超过上限 720°/s²
2026-08-07 14:47:41,897 ERROR   robot.realtime.motion_streamer [robot-motion-streamer] motion_streamer.py:136 | 关节指令下发失败：关节 4 指令加速度 1183°/s² 超过上限 720°/s²
2026-08-07 14:47:42,107 ERROR   robot.realtime.motion_streamer [robot-motion-streamer] motion_streamer.py:136 | 关节指令下发失败：关节 4 指令加速度 1691°/s² 超过上限 720°/s²
2026-08-07 14:47:42,127 ERROR   robot.realtime.motion_streamer [robot-motion-streamer] motion_streamer.py:136 | 关节指令下发失败：关节 4 指令加速度 1010°/s² 超过上限 720°/s²
2026-08-07 14:47:42,167 WARNING robot.realtime.clock [robot-continuous-jog] clock.py:103 | jog-cartesian 循环滞后 5.1 ms（超过一个控制周期 5.0 ms）
2026-08-07 14:47:42,174 WARNING robot.realtime.clock [robot-continuous-jog] clock.py:103 | jog-cartesian 循环滞后 7.0 ms（超过一个控制周期 5.0 ms）
2026-08-07 14:47:42,183 WARNING robot.realtime.clock [robot-continuous-jog] clock.py:103 | jog-cartesian 循环滞后 10.6 ms（超过一个控制周期 5.0 ms）
2026-08-07 14:47:42,187 WARNING robot.realtime.clock [robot-continuous-jog] clock.py:103 | jog-cartesian 循环滞后 9.9 ms（超过一个控制周期 5.0 ms）
2026-08-07 14:47:42,187 ERROR   robot.realtime.motion_streamer [robot-motion-streamer] motion_streamer.py:136 | 关节指令下发失败：关节 4 指令加速度 992°/s² 超过上限 720°/s²
2026-08-07 14:47:42,191 WARNING robot.realtime.clock [robot-continuous-jog] clock.py:103 | jog-cartesian 循环滞后 8.5 ms（超过一个控制周期 5.0 ms）
2026-08-07 14:47:42,196 WARNING robot.realtime.clock [robot-continuous-jog] clock.py:103 | jog-cartesian 循环滞后 8.6 ms（超过一个控制周期 5.0 ms）
2026-08-07 14:47:42,201 WARNING robot.realtime.clock [robot-continuous-jog] clock.py:103 | jog-cartesian 循环滞后 8.3 ms（超过一个控制周期 5.0 ms）
2026-08-07 14:47:42,205 WARNING robot.realtime.clock [robot-continuous-jog] clock.py:103 | jog-cartesian 循环滞后 7.9 ms（超过一个控制周期 5.0 ms）
2026-08-07 14:47:42,209 WARNING robot.realtime.clock [robot-continuous-jog] clock.py:103 | jog-cartesian 循环滞后 6.8 ms（超过一个控制周期 5.0 ms）
2026-08-07 14:47:42,215 WARNING robot.realtime.clock [robot-continuous-jog] clock.py:103 | jog-cartesian 循环滞后 8.1 ms（超过一个控制周期 5.0 ms）
2026-08-07 14:47:42,221 WARNING robot.realtime.clock [robot-continuous-jog] clock.py:103 | jog-cartesian 循环滞后 8.8 ms（超过一个控制周期 5.0 ms）
2026-08-07 14:47:42,225 WARNING robot.realtime.clock [robot-continuous-jog] clock.py:103 | jog-cartesian 循环滞后 8.1 ms（超过一个控制周期 5.0 ms）
2026-08-07 14:47:42,230 WARNING robot.realtime.clock [robot-continuous-jog] clock.py:103 | jog-cartesian 循环滞后 7.7 ms（超过一个控制周期 5.0 ms）
2026-08-07 14:47:42,236 WARNING robot.realtime.clock [robot-continuous-jog] clock.py:103 | jog-cartesian 循环滞后 8.8 ms（超过一个控制周期 5.0 ms）
2026-08-07 14:47:42,241 WARNING robot.realtime.clock [robot-continuous-jog] clock.py:103 | jog-cartesian 循环滞后 8.7 ms（超过一个控制周期 5.0 ms）
2026-08-07 14:47:42,245 WARNING robot.realtime.clock [robot-continuous-jog] clock.py:103 | jog-cartesian 循环滞后 7.4 ms（超过一个控制周期 5.0 ms）
2026-08-07 14:47:42,248 WARNING robot.realtime.clock [robot-continuous-jog] clock.py:103 | jog-cartesian 循环滞后 5.3 ms（超过一个控制周期 5.0 ms）
2026-08-07 14:47:42,248 ERROR   robot.realtime.motion_streamer [robot-motion-streamer] motion_streamer.py:136 | 关节指令下发失败：关节 4 指令加速度 895°/s² 超过上限 720°/s²
2026-08-07 14:47:42,260 ERROR   robot.realtime.motion_streamer [robot-motion-streamer] motion_streamer.py:136 | 关节指令下发失败：关节 4 指令加速度 904°/s² 超过上限 720°/s²
2026-08-07 14:47:42,309 WARNING robot.realtime.clock [robot-continuous-jog] clock.py:103 | jog-cartesian 循环滞后 6.3 ms（超过一个控制周期 5.0 ms）
2026-08-07 14:47:42,314 WARNING robot.realtime.clock [robot-continuous-jog] clock.py:103 | jog-cartesian 循环滞后 7.0 ms（超过一个控制周期 5.0 ms）
2026-08-07 14:47:42,320 WARNING robot.realtime.clock [robot-continuous-jog] clock.py:103 | jog-cartesian 循环滞后 7.4 ms（超过一个控制周期 5.0 ms）
2026-08-07 14:47:42,324 WARNING robot.realtime.clock [robot-continuous-jog] clock.py:103 | jog-cartesian 循环滞后 6.8 ms（超过一个控制周期 5.0 ms）
2026-08-07 14:47:42,327 ERROR   robot.realtime.motion_streamer [robot-motion-streamer] motion_streamer.py:136 | 关节指令下发失败：关节 4 指令加速度 1273°/s² 超过上限 720°/s²
2026-08-07 14:47:42,332 ERROR   robot.realtime.motion_streamer [robot-motion-streamer] motion_streamer.py:136 | 关节指令下发失败：关节 4 指令加速度 1339°/s² 超过上限 720°/s²
2026-08-07 14:47:42,340 ERROR   robot.realtime.motion_streamer [robot-motion-streamer] motion_streamer.py:136 | 关节指令下发失败：关节 4 指令加速度 1396°/s² 超过上限 720°/s²
2026-08-07 14:47:42,431 ERROR   robot.realtime.motion_streamer [robot-motion-streamer] motion_streamer.py:136 | 关节指令下发失败：关节 4 指令加速度 2165°/s² 超过上限 720°/s²
2026-08-07 14:47:42,912 ERROR   robot.realtime.motion_streamer [robot-motion-streamer] motion_streamer.py:136 | 关节指令下发失败：关节 4 指令加速度 3325°/s² 超过上限 720°/s²
2026-08-07 14:47:42,915 ERROR   robot.realtime.motion_streamer [robot-motion-streamer] motion_streamer.py:136 | 关节指令下发失败：关节 4 指令加速度 1037°/s² 超过上限 720°/s²
2026-08-07 14:54:14,161 INFO    robot.interfaces.oscilloscope [MainThread] service.py:96 | oscilloscope sampler started at 50.0 Hz for 7 joints
2026-08-07 14:54:14,162 INFO    robot.urdf.catalog [MainThread] catalog.py:86 | 已添加 URDF 搜索目录：/home/liv/zerithWorkSpace/code/e1pro/e1_pro_full
2026-08-07 14:54:15,432 INFO    robot.interfaces.simulator [MainThread] viser_app.py:208 | 已加载机器人 E1-PRO：/home/liv/zerithWorkSpace/code/e1pro/e1_pro_full/marvin6/urdf/E1-PRO_EVT2.0_V12_260730.urdf
2026-08-07 14:54:15,433 INFO    robot.interfaces.simulator [MainThread] viser_app.py:209 | 轨迹速度规划后端：ruckig double-S
2026-08-07 14:54:15,433 INFO    robot.interfaces.simulator [MainThread] viser_app.py:210 | 示教器通信接口：http://127.0.0.1:8765
2026-08-07 15:00:08,177 ERROR   robot.realtime.motion_streamer [robot-motion-streamer] motion_streamer.py:136 | 关节指令下发失败：关节 1 指令加速度 3678°/s² 超过上限 720°/s²
2026-08-07 15:00:08,180 ERROR   robot.realtime.motion_streamer [robot-motion-streamer] motion_streamer.py:136 | 关节指令下发失败：关节 1 指令加速度 2615°/s² 超过上限 720°/s²
2026-08-07 15:00:08,184 ERROR   robot.realtime.motion_streamer [robot-motion-streamer] motion_streamer.py:136 | 关节指令下发失败：关节 1 指令加速度 1775°/s² 超过上限 720°/s²
2026-08-07 15:00:08,190 ERROR   robot.realtime.motion_streamer [robot-motion-streamer] motion_streamer.py:136 | 关节指令下发失败：关节 1 指令加速度 1113°/s² 超过上限 720°/s²
2026-08-07 15:00:08,276 ERROR   robot.realtime.motion_streamer [robot-motion-streamer] motion_streamer.py:136 | 关节指令下发失败：关节 1 指令速度 941.4°/s 超过上限 180.0°/s
2026-08-07 15:00:08,280 ERROR   robot.realtime.motion_streamer [robot-motion-streamer] motion_streamer.py:136 | 关节指令下发失败：关节 1 指令加速度 9283°/s² 超过上限 720°/s²
2026-08-07 15:00:08,285 ERROR   robot.realtime.motion_streamer [robot-motion-streamer] motion_streamer.py:136 | 关节指令下发失败：关节 1 指令加速度 2378°/s² 超过上限 720°/s²
2026-08-07 15:00:08,290 ERROR   robot.realtime.motion_streamer [robot-motion-streamer] motion_streamer.py:136 | 关节指令下发失败：关节 1 指令加速度 1217°/s² 超过上限 720°/s²
2026-08-07 15:00:08,300 ERROR   robot.realtime.motion_streamer [robot-motion-streamer] motion_streamer.py:136 | 关节指令下发失败：关节 1 指令加速度 1060°/s² 超过上限 720°/s²
2026-08-07 15:00:08,316 ERROR   robot.realtime.motion_streamer [robot-motion-streamer] motion_streamer.py:136 | 关节指令下发失败：关节 1 指令加速度 2747°/s² 超过上限 720°/s²
2026-08-07 15:00:08,320 ERROR   robot.realtime.motion_streamer [robot-motion-streamer] motion_streamer.py:136 | 关节指令下发失败：关节 1 指令加速度 1303°/s² 超过上限 720°/s²
2026-08-07 15:00:08,365 ERROR   robot.realtime.motion_streamer [robot-motion-streamer] motion_streamer.py:136 | 关节指令下发失败：关节 1 指令加速度 4462°/s² 超过上限 720°/s²
2026-08-07 15:00:08,375 ERROR   robot.realtime.motion_streamer [robot-motion-streamer] motion_streamer.py:136 | 关节指令下发失败：关节 1 指令加速度 1042°/s² 超过上限 720°/s²
2026-08-07 15:00:08,385 ERROR   robot.realtime.motion_streamer [robot-motion-streamer] motion_streamer.py:136 | 关节指令下发失败：关节 1 指令加速度 1163°/s² 超过上限 720°/s²
2026-08-07 15:00:08,406 ERROR   robot.realtime.motion_streamer [robot-motion-streamer] motion_streamer.py:136 | 关节指令下发失败：关节 1 指令加速度 1282°/s² 超过上限 720°/s²
2026-08-07 15:00:08,476 ERROR   robot.realtime.motion_streamer [robot-motion-streamer] motion_streamer.py:136 | 关节指令下发失败：关节 1 指令加速度 2151°/s² 超过上限 720°/s²
2026-08-07 15:00:08,521 ERROR   robot.realtime.motion_streamer [robot-motion-streamer] motion_streamer.py:136 | 关节指令下发失败：关节 1 指令加速度 1410°/s² 超过上限 720°/s²
2026-08-07 15:00:08,571 ERROR   robot.realtime.motion_streamer [robot-motion-streamer] motion_streamer.py:136 | 关节指令下发失败：关节 1 指令加速度 908°/s² 超过上限 720°/s²
2026-08-07 15:00:08,600 ERROR   robot.realtime.motion_streamer [robot-motion-streamer] motion_streamer.py:136 | 关节指令下发失败：关节 1 指令加速度 1801°/s² 超过上限 720°/s²
2026-08-07 15:00:08,631 ERROR   robot.realtime.motion_streamer [robot-motion-streamer] motion_streamer.py:136 | 关节指令下发失败：关节 1 指令加速度 2018°/s² 超过上限 720°/s²
2026-08-07 15:00:08,636 ERROR   robot.realtime.motion_streamer [robot-motion-streamer] motion_streamer.py:136 | 关节指令下发失败：关节 1 指令加速度 1049°/s² 超过上限 720°/s²
2026-08-07 15:00:08,645 ERROR   robot.realtime.motion_streamer [robot-motion-streamer] motion_streamer.py:136 | 关节指令下发失败：关节 1 指令加速度 869°/s² 超过上限 720°/s²
2026-08-07 15:00:08,680 ERROR   robot.realtime.motion_streamer [robot-motion-streamer] motion_streamer.py:136 | 关节指令下发失败：关节 1 指令加速度 890°/s² 超过上限 720°/s²
2026-08-07 15:00:08,745 ERROR   robot.realtime.motion_streamer [robot-motion-streamer] motion_streamer.py:136 | 关节指令下发失败：关节 1 指令加速度 2474°/s² 超过上限 720°/s²
2026-08-07 15:00:08,776 ERROR   robot.realtime.motion_streamer [robot-motion-streamer] motion_streamer.py:136 | 关节指令下发失败：关节 1 指令加速度 1937°/s² 超过上限 720°/s²
2026-08-07 15:00:08,850 ERROR   robot.realtime.motion_streamer [robot-motion-streamer] motion_streamer.py:136 | 关节指令下发失败：关节 1 指令加速度 3664°/s² 超过上限 720°/s²
2026-08-07 15:00:08,850 ERROR   robot.realtime.motion_streamer [robot-motion-streamer] motion_streamer.py:136 | 关节指令下发失败：关节 1 指令加速度 8960°/s² 超过上限 720°/s²
2026-08-07 15:00:08,855 ERROR   robot.realtime.motion_streamer [robot-motion-streamer] motion_streamer.py:136 | 关节指令下发失败：关节 1 指令加速度 2482°/s² 超过上限 720°/s²
2026-08-07 15:00:08,859 ERROR   robot.realtime.motion_streamer [robot-motion-streamer] motion_streamer.py:136 | 关节指令下发失败：关节 1 指令加速度 1176°/s² 超过上限 720°/s²
2026-08-07 15:00:08,871 ERROR   robot.realtime.motion_streamer [robot-motion-streamer] motion_streamer.py:136 | 关节指令下发失败：关节 1 指令加速度 1691°/s² 超过上限 720°/s²
2026-08-07 15:00:08,950 ERROR   robot.realtime.motion_streamer [robot-motion-streamer] motion_streamer.py:136 | 关节指令下发失败：关节 1 指令加速度 1009°/s² 超过上限 720°/s²
2026-08-07 15:00:09,002 ERROR   robot.realtime.motion_streamer [robot-motion-streamer] motion_streamer.py:136 | 关节指令下发失败：关节 1 指令速度 587.5°/s 超过上限 180.0°/s
2026-08-07 15:00:09,002 ERROR   robot.realtime.motion_streamer [robot-motion-streamer] motion_streamer.py:136 | 关节指令下发失败：关节 1 指令速度 378.5°/s 超过上限 180.0°/s
2026-08-07 15:00:09,005 ERROR   robot.realtime.motion_streamer [robot-motion-streamer] motion_streamer.py:136 | 关节指令下发失败：关节 1 指令加速度 17152°/s² 超过上限 720°/s²
2026-08-07 15:00:09,011 ERROR   robot.realtime.motion_streamer [robot-motion-streamer] motion_streamer.py:136 | 关节指令下发失败：关节 1 指令加速度 3084°/s² 超过上限 720°/s²
2026-08-07 15:00:09,015 ERROR   robot.realtime.motion_streamer [robot-motion-streamer] motion_streamer.py:136 | 关节指令下发失败：关节 1 指令加速度 2148°/s² 超过上限 720°/s²
2026-08-07 15:00:09,019 ERROR   robot.realtime.motion_streamer [robot-motion-streamer] motion_streamer.py:136 | 关节指令下发失败：关节 1 指令加速度 1403°/s² 超过上限 720°/s²
2026-08-07 15:00:09,024 ERROR   robot.realtime.motion_streamer [robot-motion-streamer] motion_streamer.py:136 | 关节指令下发失败：关节 1 指令加速度 955°/s² 超过上限 720°/s²
2026-08-07 15:00:09,035 ERROR   robot.realtime.motion_streamer [robot-motion-streamer] motion_streamer.py:136 | 关节指令下发失败：关节 1 指令加速度 1530°/s² 超过上限 720°/s²
2026-08-07 15:00:09,152 ERROR   robot.realtime.motion_streamer [robot-motion-streamer] motion_streamer.py:136 | 关节指令下发失败：关节 1 指令加速度 894°/s² 超过上限 720°/s²
2026-08-07 15:00:09,161 ERROR   robot.realtime.motion_streamer [robot-motion-streamer] motion_streamer.py:136 | 关节指令下发失败：关节 1 指令加速度 2246°/s² 超过上限 720°/s²
2026-08-07 15:00:09,185 ERROR   robot.realtime.motion_streamer [robot-motion-streamer] motion_streamer.py:136 | 关节指令下发失败：关节 1 指令加速度 951°/s² 超过上限 720°/s²
2026-08-07 15:00:09,306 ERROR   robot.realtime.motion_streamer [robot-motion-streamer] motion_streamer.py:136 | 关节指令下发失败：关节 1 指令加速度 2057°/s² 超过上限 720°/s²
2026-08-07 15:01:58,059 INFO    robot.interfaces.oscilloscope [MainThread] service.py:96 | oscilloscope sampler started at 50.0 Hz for 7 joints
2026-08-07 15:01:58,059 INFO    robot.urdf.catalog [MainThread] catalog.py:86 | 已添加 URDF 搜索目录：/home/liv/zerithWorkSpace/code/e1pro/e1_pro_full
2026-08-07 15:02:26,040 INFO    robot.interfaces.oscilloscope [MainThread] service.py:96 | oscilloscope sampler started at 50.0 Hz for 7 joints
2026-08-07 15:02:26,041 INFO    robot.urdf.catalog [MainThread] catalog.py:86 | 已添加 URDF 搜索目录：/home/liv/zerithWorkSpace/code/e1pro/e1_pro_full
2026-08-07 15:03:19,352 INFO    robot.interfaces.oscilloscope [MainThread] service.py:96 | oscilloscope sampler started at 50.0 Hz for 7 joints
2026-08-07 15:03:19,352 INFO    robot.urdf.catalog [MainThread] catalog.py:86 | 已添加 URDF 搜索目录：/home/liv/zerithWorkSpace/code/e1pro/e1_pro_full
2026-08-07 15:03:20,619 INFO    robot.interfaces.simulator [MainThread] viser_app.py:208 | 已加载机器人 E1-PRO：/home/liv/zerithWorkSpace/code/e1pro/e1_pro_full/marvin6/urdf/E1-PRO_EVT2.0_V12_260730.urdf
2026-08-07 15:03:20,620 INFO    robot.interfaces.simulator [MainThread] viser_app.py:209 | 轨迹速度规划后端：ruckig double-S
2026-08-07 15:03:20,620 INFO    robot.interfaces.simulator [MainThread] viser_app.py:210 | 示教器通信接口：http://127.0.0.1:8765
2026-08-07 15:03:41,771 ERROR   robot.realtime.motion_streamer [robot-motion-streamer] motion_streamer.py:136 | 关节指令下发失败：关节 1 指令加速度 887°/s² 超过上限 720°/s²
2026-08-07 15:03:41,783 ERROR   robot.realtime.motion_streamer [robot-motion-streamer] motion_streamer.py:136 | 关节指令下发失败：关节 1 指令加速度 1091°/s² 超过上限 720°/s²
2026-08-07 15:03:41,839 ERROR   robot.realtime.motion_streamer [robot-motion-streamer] motion_streamer.py:136 | 关节指令下发失败：关节 1 指令加速度 1147°/s² 超过上限 720°/s²
2026-08-07 15:03:41,859 ERROR   robot.realtime.motion_streamer [robot-motion-streamer] motion_streamer.py:136 | 关节指令下发失败：关节 1 指令加速度 1102°/s² 超过上限 720°/s²
2026-08-07 15:03:41,921 ERROR   robot.realtime.motion_streamer [robot-motion-streamer] motion_streamer.py:136 | 关节指令下发失败：关节 1 指令速度 236.0°/s 超过上限 180.0°/s
2026-08-07 15:03:41,925 ERROR   robot.realtime.motion_streamer [robot-motion-streamer] motion_streamer.py:136 | 关节指令下发失败：关节 1 指令加速度 8538°/s² 超过上限 720°/s²
2026-08-07 15:03:41,931 ERROR   robot.realtime.motion_streamer [robot-motion-streamer] motion_streamer.py:136 | 关节指令下发失败：关节 1 指令加速度 1839°/s² 超过上限 720°/s²
2026-08-07 15:03:41,941 ERROR   robot.realtime.motion_streamer [robot-motion-streamer] motion_streamer.py:136 | 关节指令下发失败：关节 1 指令速度 508.2°/s 超过上限 180.0°/s
2026-08-07 15:03:41,946 ERROR   robot.realtime.motion_streamer [robot-motion-streamer] motion_streamer.py:136 | 关节指令下发失败：关节 1 指令加速度 3455°/s² 超过上限 720°/s²
2026-08-07 15:03:41,950 ERROR   robot.realtime.motion_streamer [robot-motion-streamer] motion_streamer.py:136 | 关节指令下发失败：关节 1 指令加速度 1214°/s² 超过上限 720°/s²
2026-08-07 15:03:41,960 ERROR   robot.realtime.motion_streamer [robot-motion-streamer] motion_streamer.py:136 | 关节指令下发失败：关节 1 指令加速度 1621°/s² 超过上限 720°/s²
2026-08-07 15:03:42,034 ERROR   robot.realtime.motion_streamer [robot-motion-streamer] motion_streamer.py:136 | 关节指令下发失败：关节 1 指令加速度 3508°/s² 超过上限 720°/s²
2026-08-07 15:03:42,156 ERROR   robot.realtime.motion_streamer [robot-motion-streamer] motion_streamer.py:136 | 关节指令下发失败：关节 1 指令加速度 1649°/s² 超过上限 720°/s²
2026-08-07 15:03:42,176 ERROR   robot.realtime.motion_streamer [robot-motion-streamer] motion_streamer.py:136 | 关节指令下发失败：关节 1 指令速度 321.3°/s 超过上限 180.0°/s
2026-08-07 15:03:42,181 ERROR   robot.realtime.motion_streamer [robot-motion-streamer] motion_streamer.py:136 | 关节指令下发失败：关节 1 指令加速度 6578°/s² 超过上限 720°/s²
2026-08-07 15:03:42,186 ERROR   robot.realtime.motion_streamer [robot-motion-streamer] motion_streamer.py:136 | 关节指令下发失败：关节 1 指令加速度 1939°/s² 超过上限 720°/s²
2026-08-07 15:03:42,190 ERROR   robot.realtime.motion_streamer [robot-motion-streamer] motion_streamer.py:136 | 关节指令下发失败：关节 1 指令加速度 1254°/s² 超过上限 720°/s²
2026-08-07 15:03:42,200 ERROR   robot.realtime.motion_streamer [robot-motion-streamer] motion_streamer.py:136 | 关节指令下发失败：关节 1 指令加速度 1441°/s² 超过上限 720°/s²
2026-08-07 15:03:42,210 ERROR   robot.realtime.motion_streamer [robot-motion-streamer] motion_streamer.py:136 | 关节指令下发失败：关节 1 指令加速度 1414°/s² 超过上限 720°/s²
2026-08-07 15:03:42,239 ERROR   robot.realtime.motion_streamer [robot-motion-streamer] motion_streamer.py:136 | 关节指令下发失败：关节 1 指令加速度 2005°/s² 超过上限 720°/s²
2026-08-07 15:03:42,265 ERROR   robot.realtime.motion_streamer [robot-motion-streamer] motion_streamer.py:136 | 关节指令下发失败：关节 1 指令加速度 6838°/s² 超过上限 720°/s²
2026-08-07 15:03:42,271 ERROR   robot.realtime.motion_streamer [robot-motion-streamer] motion_streamer.py:136 | 关节指令下发失败：关节 1 指令加速度 1112°/s² 超过上限 720°/s²
2026-08-07 15:03:42,280 ERROR   robot.realtime.motion_streamer [robot-motion-streamer] motion_streamer.py:136 | 关节指令下发失败：关节 1 指令加速度 932°/s² 超过上限 720°/s²
2026-08-07 15:03:42,335 ERROR   robot.realtime.motion_streamer [robot-motion-streamer] motion_streamer.py:136 | 关节指令下发失败：关节 1 指令速度 2394.6°/s 超过上限 180.0°/s
2026-08-07 15:03:42,335 ERROR   robot.realtime.motion_streamer [robot-motion-streamer] motion_streamer.py:136 | 关节指令下发失败：关节 1 指令速度 860.0°/s 超过上限 180.0°/s
2026-08-07 15:03:42,339 ERROR   robot.realtime.motion_streamer [robot-motion-streamer] motion_streamer.py:136 | 关节指令下发失败：关节 1 指令加速度 13714°/s² 超过上限 720°/s²
2026-08-07 15:03:42,345 ERROR   robot.realtime.motion_streamer [robot-motion-streamer] motion_streamer.py:136 | 关节指令下发失败：关节 1 指令加速度 3239°/s² 超过上限 720°/s²
2026-08-07 15:03:42,349 ERROR   robot.realtime.motion_streamer [robot-motion-streamer] motion_streamer.py:136 | 关节指令下发失败：关节 1 指令加速度 1878°/s² 超过上限 720°/s²
2026-08-07 15:03:42,354 ERROR   robot.realtime.motion_streamer [robot-motion-streamer] motion_streamer.py:136 | 关节指令下发失败：关节 1 指令加速度 1154°/s² 超过上限 720°/s²
2026-08-07 15:03:42,364 ERROR   robot.realtime.motion_streamer [robot-motion-streamer] motion_streamer.py:136 | 关节指令下发失败：关节 1 指令加速度 1762°/s² 超过上限 720°/s²
2026-08-07 15:03:42,450 ERROR   robot.realtime.motion_streamer [robot-motion-streamer] motion_streamer.py:136 | 关节指令下发失败：关节 1 指令加速度 940°/s² 超过上限 720°/s²
2026-08-07 15:03:42,472 ERROR   robot.realtime.motion_streamer [robot-motion-streamer] motion_streamer.py:136 | 关节指令下发失败：关节 1 指令加速度 3000°/s² 超过上限 720°/s²
2026-08-07 15:03:42,472 ERROR   robot.realtime.motion_streamer [robot-motion-streamer] motion_streamer.py:136 | 关节指令下发失败：关节 1 指令加速度 8114°/s² 超过上限 720°/s²
2026-08-07 15:03:42,474 ERROR   robot.realtime.motion_streamer [robot-motion-streamer] motion_streamer.py:136 | 关节指令下发失败：关节 1 指令加速度 5458°/s² 超过上限 720°/s²
2026-08-07 15:03:42,480 ERROR   robot.realtime.motion_streamer [robot-motion-streamer] motion_streamer.py:136 | 关节指令下发失败：关节 1 指令加速度 1570°/s² 超过上限 720°/s²
2026-08-07 15:03:42,534 ERROR   robot.realtime.motion_streamer [robot-motion-streamer] motion_streamer.py:136 | 关节指令下发失败：关节 1 指令加速度 2666°/s² 超过上限 720°/s²
2026-08-07 15:03:42,559 ERROR   robot.realtime.motion_streamer [robot-motion-streamer] motion_streamer.py:136 | 关节指令下发失败：关节 1 指令加速度 1787°/s² 超过上限 720°/s²
2026-08-07 15:03:42,630 ERROR   robot.realtime.motion_streamer [robot-motion-streamer] motion_streamer.py:136 | 关节指令下发失败：关节 1 指令加速度 1604°/s² 超过上限 720°/s²
2026-08-07 15:03:42,640 ERROR   robot.realtime.motion_streamer [robot-motion-streamer] motion_streamer.py:136 | 关节指令下发失败：关节 1 指令加速度 868°/s² 超过上限 720°/s²
2026-08-07 15:03:42,651 ERROR   robot.realtime.motion_streamer [robot-motion-streamer] motion_streamer.py:136 | 关节指令下发失败：关节 1 指令加速度 1260°/s² 超过上限 720°/s²
2026-08-07 15:03:42,755 ERROR   robot.realtime.motion_streamer [robot-motion-streamer] motion_streamer.py:136 | 关节指令下发失败：关节 1 指令加速度 1584°/s² 超过上限 720°/s²
2026-08-07 15:03:42,817 ERROR   robot.realtime.motion_streamer [robot-motion-streamer] motion_streamer.py:136 | 关节指令下发失败：关节 1 指令加速度 1001°/s² 超过上限 720°/s²
2026-08-07 15:03:42,825 ERROR   robot.realtime.motion_streamer [robot-motion-streamer] motion_streamer.py:136 | 关节指令下发失败：关节 1 指令加速度 3923°/s² 超过上限 720°/s²
2026-08-07 15:07:03,240 INFO    robot.interfaces.oscilloscope [MainThread] service.py:96 | oscilloscope sampler started at 50.0 Hz for 7 joints
2026-08-07 15:07:03,241 INFO    robot.urdf.catalog [MainThread] catalog.py:86 | 已添加 URDF 搜索目录：/home/liv/zerithWorkSpace/code/e1pro/e1_pro_full
2026-08-07 15:07:04,519 INFO    robot.interfaces.simulator [MainThread] viser_app.py:208 | 已加载机器人 E1-PRO：/home/liv/zerithWorkSpace/code/e1pro/e1_pro_full/marvin6/urdf/E1-PRO_EVT2.0_V12_260730.urdf
2026-08-07 15:07:04,520 INFO    robot.interfaces.simulator [MainThread] viser_app.py:209 | 轨迹速度规划后端：ruckig double-S
2026-08-07 15:07:04,520 INFO    robot.interfaces.simulator [MainThread] viser_app.py:210 | 示教器通信接口：http://127.0.0.1:8765
2026-08-07 15:08:31,221 INFO    robot.interfaces.oscilloscope [MainThread] service.py:96 | oscilloscope sampler started at 50.0 Hz for 7 joints
2026-08-07 15:08:31,221 INFO    robot.urdf.catalog [MainThread] catalog.py:86 | 已添加 URDF 搜索目录：/home/liv/zerithWorkSpace/code/e1pro/e1_pro_full
2026-08-07 15:08:32,614 INFO    robot.interfaces.simulator [MainThread] viser_app.py:208 | 已加载机器人 E1-PRO：/home/liv/zerithWorkSpace/code/e1pro/e1_pro_full/marvin6/urdf/E1-PRO_EVT2.0_V12_260730.urdf
2026-08-07 15:08:32,614 INFO    robot.interfaces.simulator [MainThread] viser_app.py:209 | 轨迹速度规划后端：analytic double-S
2026-08-07 15:08:32,614 INFO    robot.interfaces.simulator [MainThread] viser_app.py:210 | 示教器通信接口：http://127.0.0.1:8765
2026-08-07 15:09:12,019 ERROR   robot.realtime.motion_streamer [robot-motion-streamer] motion_streamer.py:136 | 关节指令下发失败：关节 1 指令加速度 960°/s² 超过上限 720°/s²
2026-08-07 15:09:12,024 ERROR   robot.realtime.motion_streamer [robot-motion-streamer] motion_streamer.py:136 | 关节指令下发失败：关节 1 指令速度 1084.5°/s 超过上限 180.0°/s
2026-08-07 15:09:12,028 ERROR   robot.realtime.motion_streamer [robot-motion-streamer] motion_streamer.py:136 | 关节指令下发失败：关节 1 指令加速度 6301°/s² 超过上限 720°/s²
2026-08-07 15:09:12,049 ERROR   robot.realtime.motion_streamer [robot-motion-streamer] motion_streamer.py:136 | 关节指令下发失败：关节 1 指令速度 759.5°/s 超过上限 180.0°/s
2026-08-07 15:09:12,053 ERROR   robot.realtime.motion_streamer [robot-motion-streamer] motion_streamer.py:136 | 关节指令下发失败：关节 1 指令加速度 9017°/s² 超过上限 720°/s²
2026-08-07 15:09:12,053 ERROR   robot.realtime.motion_streamer [robot-motion-streamer] motion_streamer.py:136 | 关节指令下发失败：关节 1 指令加速度 13204°/s² 超过上限 720°/s²
2026-08-07 15:09:12,053 ERROR   robot.realtime.motion_streamer [robot-motion-streamer] motion_streamer.py:136 | 关节指令下发失败：关节 1 指令加速度 16562°/s² 超过上限 720°/s²
2026-08-07 15:09:12,063 ERROR   robot.realtime.motion_streamer [robot-motion-streamer] motion_streamer.py:136 | 关节指令下发失败：关节 1 指令加速度 1196°/s² 超过上限 720°/s²
2026-08-07 15:09:12,064 ERROR   robot.realtime.motion_streamer [robot-motion-streamer] motion_streamer.py:136 | 关节指令下发失败：关节 1 指令加速度 1462°/s² 超过上限 720°/s²
2026-08-07 15:09:12,067 ERROR   robot.realtime.motion_streamer [robot-motion-streamer] motion_streamer.py:136 | 关节指令下发失败：关节 1 指令加速度 1083°/s² 超过上限 720°/s²
2026-08-07 15:09:12,078 ERROR   robot.realtime.motion_streamer [robot-motion-streamer] motion_streamer.py:136 | 关节指令下发失败：关节 1 指令加速度 1987°/s² 超过上限 720°/s²
2026-08-07 15:09:12,082 ERROR   robot.realtime.motion_streamer [robot-motion-streamer] motion_streamer.py:136 | 关节指令下发失败：关节 1 指令加速度 900°/s² 超过上限 720°/s²
2026-08-07 15:09:12,097 ERROR   robot.realtime.motion_streamer [robot-motion-streamer] motion_streamer.py:136 | 关节指令下发失败：关节 1 指令加速度 918°/s² 超过上限 720°/s²
2026-08-07 15:09:12,106 ERROR   robot.realtime.motion_streamer [robot-motion-streamer] motion_streamer.py:136 | 关节指令下发失败：关节 1 指令加速度 966°/s² 超过上限 720°/s²
2026-08-07 15:09:12,128 ERROR   robot.realtime.motion_streamer [robot-motion-streamer] motion_streamer.py:136 | 关节指令下发失败：关节 1 指令加速度 1022°/s² 超过上限 720°/s²
2026-08-07 15:09:12,207 ERROR   robot.realtime.motion_streamer [robot-motion-streamer] motion_streamer.py:136 | 关节指令下发失败：关节 1 指令速度 795.0°/s 超过上限 180.0°/s
2026-08-07 15:09:12,207 ERROR   robot.realtime.motion_streamer [robot-motion-streamer] motion_streamer.py:136 | 关节指令下发失败：关节 1 指令速度 263.6°/s 超过上限 180.0°/s
2026-08-07 15:09:12,212 ERROR   robot.realtime.motion_streamer [robot-motion-streamer] motion_streamer.py:136 | 关节指令下发失败：关节 1 指令加速度 8018°/s² 超过上限 720°/s²
2026-08-07 15:09:12,218 ERROR   robot.realtime.motion_streamer [robot-motion-streamer] motion_streamer.py:136 | 关节指令下发失败：关节 1 指令加速度 2055°/s² 超过上限 720°/s²
2026-08-07 15:09:12,222 ERROR   robot.realtime.motion_streamer [robot-motion-streamer] motion_streamer.py:136 | 关节指令下发失败：关节 1 指令加速度 1324°/s² 超过上限 720°/s²
2026-08-07 15:09:12,231 ERROR   robot.realtime.motion_streamer [robot-motion-streamer] motion_streamer.py:136 | 关节指令下发失败：关节 1 指令加速度 1213°/s² 超过上限 720°/s²
2026-08-07 15:09:12,287 ERROR   robot.realtime.motion_streamer [robot-motion-streamer] motion_streamer.py:136 | 关节指令下发失败：关节 1 指令速度 645.7°/s 超过上限 180.0°/s
2026-08-07 15:09:12,300 ERROR   robot.realtime.motion_streamer [robot-motion-streamer] motion_streamer.py:136 | 关节指令下发失败：关节 1 指令速度 682.1°/s 超过上限 180.0°/s
2026-08-07 15:09:12,303 ERROR   robot.realtime.motion_streamer [robot-motion-streamer] motion_streamer.py:136 | 关节指令下发失败：关节 1 指令加速度 11268°/s² 超过上限 720°/s²
2026-08-07 15:09:12,307 ERROR   robot.realtime.motion_streamer [robot-motion-streamer] motion_streamer.py:136 | 关节指令下发失败：关节 1 指令加速度 3838°/s² 超过上限 720°/s²
2026-08-07 15:09:12,311 ERROR   robot.realtime.motion_streamer [robot-motion-streamer] motion_streamer.py:136 | 关节指令下发失败：关节 1 指令加速度 1478°/s² 超过上限 720°/s²
2026-08-07 15:09:12,322 ERROR   robot.realtime.motion_streamer [robot-motion-streamer] motion_streamer.py:136 | 关节指令下发失败：关节 1 指令加速度 1750°/s² 超过上限 720°/s²
2026-08-07 15:09:12,346 ERROR   robot.realtime.motion_streamer [robot-motion-streamer] motion_streamer.py:136 | 关节指令下发失败：关节 1 指令加速度 1466°/s² 超过上限 720°/s²
2026-08-07 15:09:12,366 ERROR   robot.realtime.motion_streamer [robot-motion-streamer] motion_streamer.py:136 | 关节指令下发失败：关节 1 指令加速度 1222°/s² 超过上限 720°/s²
2026-08-07 15:09:12,387 ERROR   robot.realtime.motion_streamer [robot-motion-streamer] motion_streamer.py:136 | 关节指令下发失败：关节 1 指令加速度 2011°/s² 超过上限 720°/s²
2026-08-07 15:09:12,407 ERROR   robot.realtime.motion_streamer [robot-motion-streamer] motion_streamer.py:136 | 关节指令下发失败：关节 1 指令加速度 974°/s² 超过上限 720°/s²
2026-08-07 15:09:12,412 ERROR   robot.realtime.motion_streamer [robot-motion-streamer] motion_streamer.py:136 | 关节指令下发失败：关节 1 指令速度 862.3°/s 超过上限 180.0°/s
2026-08-07 15:09:12,416 ERROR   robot.realtime.motion_streamer [robot-motion-streamer] motion_streamer.py:136 | 关节指令下发失败：关节 1 指令加速度 5324°/s² 超过上限 720°/s²
2026-08-07 15:09:12,422 ERROR   robot.realtime.motion_streamer [robot-motion-streamer] motion_streamer.py:136 | 关节指令下发失败：关节 1 指令加速度 1024°/s² 超过上限 720°/s²
2026-08-07 15:09:12,432 ERROR   robot.realtime.motion_streamer [robot-motion-streamer] motion_streamer.py:136 | 关节指令下发失败：关节 1 指令加速度 1352°/s² 超过上限 720°/s²
2026-08-07 15:09:12,447 ERROR   robot.realtime.motion_streamer [robot-motion-streamer] motion_streamer.py:136 | 关节指令下发失败：关节 1 指令加速度 2066°/s² 超过上限 720°/s²
2026-08-07 15:09:12,497 ERROR   robot.realtime.motion_streamer [robot-motion-streamer] motion_streamer.py:136 | 关节指令下发失败：关节 1 指令加速度 971°/s² 超过上限 720°/s²
2026-08-07 15:09:12,546 ERROR   robot.realtime.motion_streamer [robot-motion-streamer] motion_streamer.py:136 | 关节指令下发失败：关节 1 指令加速度 6450°/s² 超过上限 720°/s²
2026-08-07 15:09:12,578 ERROR   robot.realtime.motion_streamer [robot-motion-streamer] motion_streamer.py:136 | 关节指令下发失败：关节 1 指令加速度 1513°/s² 超过上限 720°/s²
2026-08-07 15:09:12,612 ERROR   robot.realtime.motion_streamer [robot-motion-streamer] motion_streamer.py:136 | 关节指令下发失败：关节 1 指令加速度 1593°/s² 超过上限 720°/s²
2026-08-07 15:09:12,631 ERROR   robot.realtime.motion_streamer [robot-motion-streamer] motion_streamer.py:136 | 关节指令下发失败：关节 1 指令加速度 4265°/s² 超过上限 720°/s²
2026-08-07 15:09:12,636 ERROR   robot.realtime.motion_streamer [robot-motion-streamer] motion_streamer.py:136 | 关节指令下发失败：关节 1 指令加速度 1068°/s² 超过上限 720°/s²
2026-08-07 15:09:12,668 ERROR   robot.realtime.motion_streamer [robot-motion-streamer] motion_streamer.py:136 | 关节指令下发失败：关节 1 指令加速度 2974°/s² 超过上限 720°/s²
2026-08-07 15:09:12,732 ERROR   robot.realtime.motion_streamer [robot-motion-streamer] motion_streamer.py:136 | 关节指令下发失败：关节 1 指令加速度 906°/s² 超过上限 720°/s²
2026-08-07 15:09:12,791 ERROR   robot.realtime.motion_streamer [robot-motion-streamer] motion_streamer.py:136 | 关节指令下发失败：关节 1 指令加速度 1065°/s² 超过上限 720°/s²
2026-08-07 15:09:12,818 ERROR   robot.realtime.motion_streamer [robot-motion-streamer] motion_streamer.py:136 | 关节指令下发失败：关节 1 指令速度 665.0°/s 超过上限 180.0°/s
2026-08-07 15:09:12,818 ERROR   robot.realtime.motion_streamer [robot-motion-streamer] motion_streamer.py:136 | 关节指令下发失败：关节 1 指令加速度 289045°/s² 超过上限 720°/s²
2026-08-07 15:09:12,822 ERROR   robot.realtime.motion_streamer [robot-motion-streamer] motion_streamer.py:136 | 关节指令下发失败：关节 1 指令加速度 12775°/s² 超过上限 720°/s²
2026-08-07 15:09:12,827 ERROR   robot.realtime.motion_streamer [robot-motion-streamer] motion_streamer.py:136 | 关节指令下发失败：关节 1 指令加速度 2715°/s² 超过上限 720°/s²
2026-08-07 15:09:12,831 ERROR   robot.realtime.motion_streamer [robot-motion-streamer] motion_streamer.py:136 | 关节指令下发失败：关节 1 指令加速度 1694°/s² 超过上限 720°/s²
2026-08-07 15:09:12,836 ERROR   robot.realtime.motion_streamer [robot-motion-streamer] motion_streamer.py:136 | 关节指令下发失败：关节 1 指令加速度 1097°/s² 超过上限 720°/s²
2026-08-07 15:09:12,846 ERROR   robot.realtime.motion_streamer [robot-motion-streamer] motion_streamer.py:136 | 关节指令下发失败：关节 1 指令加速度 1623°/s² 超过上限 720°/s²
2026-08-07 15:09:12,931 ERROR   robot.realtime.motion_streamer [robot-motion-streamer] motion_streamer.py:136 | 关节指令下发失败：关节 1 指令加速度 3042°/s² 超过上限 720°/s²
2026-08-07 15:09:13,042 ERROR   robot.realtime.motion_streamer [robot-motion-streamer] motion_streamer.py:136 | 关节指令下发失败：关节 1 指令加速度 920°/s² 超过上限 720°/s²
2026-08-07 15:09:13,103 ERROR   robot.realtime.motion_streamer [robot-motion-streamer] motion_streamer.py:136 | 关节指令下发失败：关节 1 指令速度 1067.9°/s 超过上限 180.0°/s
2026-08-07 15:09:13,103 ERROR   robot.realtime.motion_streamer [robot-motion-streamer] motion_streamer.py:136 | 关节指令下发失败：关节 1 指令速度 378.2°/s 超过上限 180.0°/s
2026-08-07 15:09:13,113 ERROR   robot.realtime.motion_streamer [robot-motion-streamer] motion_streamer.py:136 | 关节指令下发失败：关节 1 指令加速度 1591°/s² 超过上限 720°/s²
2026-08-07 15:09:13,118 ERROR   robot.realtime.motion_streamer [robot-motion-streamer] motion_streamer.py:136 | 关节指令下发失败：关节 1 指令加速度 1002°/s² 超过上限 720°/s²
2026-08-07 15:09:13,118 ERROR   robot.realtime.motion_streamer [robot-motion-streamer] motion_streamer.py:136 | 关节指令下发失败：关节 1 指令加速度 1295°/s² 超过上限 720°/s²
2026-08-07 15:09:13,122 ERROR   robot.realtime.motion_streamer [robot-motion-streamer] motion_streamer.py:136 | 关节指令下发失败：关节 1 指令加速度 971°/s² 超过上限 720°/s²
2026-08-07 15:09:13,132 ERROR   robot.realtime.motion_streamer [robot-motion-streamer] motion_streamer.py:136 | 关节指令下发失败：关节 1 指令加速度 1314°/s² 超过上限 720°/s²
2026-08-07 15:09:13,199 ERROR   robot.realtime.motion_streamer [robot-motion-streamer] motion_streamer.py:136 | 关节指令下发失败：关节 1 指令速度 678.4°/s 超过上限 180.0°/s
2026-08-07 15:09:13,203 ERROR   robot.realtime.motion_streamer [robot-motion-streamer] motion_streamer.py:136 | 关节指令下发失败：关节 1 指令加速度 6089°/s² 超过上限 720°/s²
2026-08-07 15:09:13,208 ERROR   robot.realtime.motion_streamer [robot-motion-streamer] motion_streamer.py:136 | 关节指令下发失败：关节 1 指令加速度 1766°/s² 超过上限 720°/s²
2026-08-07 15:09:13,213 ERROR   robot.realtime.motion_streamer [robot-motion-streamer] motion_streamer.py:136 | 关节指令下发失败：关节 1 指令加速度 864°/s² 超过上限 720°/s²
2026-08-07 15:09:13,229 ERROR   robot.realtime.motion_streamer [robot-motion-streamer] motion_streamer.py:136 | 关节指令下发失败：关节 1 指令速度 636.0°/s 超过上限 180.0°/s
2026-08-07 15:09:13,233 ERROR   robot.realtime.motion_streamer [robot-motion-streamer] motion_streamer.py:136 | 关节指令下发失败：关节 1 指令加速度 7670°/s² 超过上限 720°/s²
2026-08-07 15:09:13,233 ERROR   robot.realtime.motion_streamer [robot-motion-streamer] motion_streamer.py:136 | 关节指令下发失败：关节 1 指令加速度 10564°/s² 超过上限 720°/s²
2026-08-07 15:09:13,237 ERROR   robot.realtime.motion_streamer [robot-motion-streamer] motion_streamer.py:136 | 关节指令下发失败：关节 1 指令加速度 3610°/s² 超过上限 720°/s²
2026-08-07 15:09:13,242 ERROR   robot.realtime.motion_streamer [robot-motion-streamer] motion_streamer.py:136 | 关节指令下发失败：关节 1 指令加速度 1392°/s² 超过上限 720°/s²
2026-08-07 15:09:13,252 ERROR   robot.realtime.motion_streamer [robot-motion-streamer] motion_streamer.py:136 | 关节指令下发失败：关节 1 指令加速度 2049°/s² 超过上限 720°/s²
2026-08-07 15:09:13,257 ERROR   robot.realtime.motion_streamer [robot-motion-streamer] motion_streamer.py:136 | 关节指令下发失败：关节 1 指令加速度 993°/s² 超过上限 720°/s²
2026-08-07 15:09:13,283 ERROR   robot.realtime.motion_streamer [robot-motion-streamer] motion_streamer.py:136 | 关节指令下发失败：关节 1 指令速度 741.2°/s 超过上限 180.0°/s
2026-08-07 15:09:13,287 ERROR   robot.realtime.motion_streamer [robot-motion-streamer] motion_streamer.py:136 | 关节指令下发失败：关节 1 指令加速度 6562°/s² 超过上限 720°/s²
2026-08-07 15:09:13,292 ERROR   robot.realtime.motion_streamer [robot-motion-streamer] motion_streamer.py:136 | 关节指令下发失败：关节 1 指令加速度 1818°/s² 超过上限 720°/s²
2026-08-07 15:09:13,297 ERROR   robot.realtime.motion_streamer [robot-motion-streamer] motion_streamer.py:136 | 关节指令下发失败：关节 1 指令加速度 929°/s² 超过上限 720°/s²
2026-08-07 15:09:13,307 ERROR   robot.realtime.motion_streamer [robot-motion-streamer] motion_streamer.py:136 | 关节指令下发失败：关节 1 指令加速度 1081°/s² 超过上限 720°/s²
2026-08-07 15:09:13,358 ERROR   robot.realtime.motion_streamer [robot-motion-streamer] motion_streamer.py:136 | 关节指令下发失败：关节 1 指令速度 559.7°/s 超过上限 180.0°/s
2026-08-07 15:09:13,362 ERROR   robot.realtime.motion_streamer [robot-motion-streamer] motion_streamer.py:136 | 关节指令下发失败：关节 1 指令加速度 8596°/s² 超过上限 720°/s²
2026-08-07 15:09:13,387 WARNING robot.realtime.clock [robot-continuous-jog] clock.py:103 | jog-joint 循环滞后 8.0 ms（超过一个控制周期 5.0 ms）
2026-08-07 15:09:13,391 WARNING robot.realtime.clock [robot-continuous-jog] clock.py:103 | jog-joint 循环滞后 7.4 ms（超过一个控制周期 5.0 ms）
2026-08-07 15:09:13,392 ERROR   robot.realtime.motion_streamer [robot-motion-streamer] motion_streamer.py:136 | 关节指令下发失败：关节 1 指令加速度 1473°/s² 超过上限 720°/s²
2026-08-07 15:09:13,396 WARNING robot.realtime.clock [robot-continuous-jog] clock.py:103 | jog-joint 循环滞后 6.8 ms（超过一个控制周期 5.0 ms）
2026-08-07 15:09:13,401 ERROR   robot.realtime.motion_streamer [robot-motion-streamer] motion_streamer.py:136 | 关节指令下发失败：关节 1 指令速度 1176.6°/s 超过上限 180.0°/s
2026-08-07 15:09:13,401 ERROR   robot.realtime.motion_streamer [robot-motion-streamer] motion_streamer.py:136 | 关节指令下发失败：关节 1 指令速度 543.2°/s 超过上限 180.0°/s
2026-08-07 15:09:13,406 ERROR   robot.realtime.motion_streamer [robot-motion-streamer] motion_streamer.py:136 | 关节指令下发失败：关节 1 指令加速度 6147°/s² 超过上限 720°/s²
2026-08-07 15:09:13,419 ERROR   robot.realtime.motion_streamer [robot-motion-streamer] motion_streamer.py:136 | 关节指令下发失败：关节 1 指令加速度 2054°/s² 超过上限 720°/s²
2026-08-07 15:09:13,426 ERROR   robot.realtime.motion_streamer [robot-motion-streamer] motion_streamer.py:136 | 关节指令下发失败：关节 1 指令加速度 1017°/s² 超过上限 720°/s²
2026-08-07 15:09:13,432 ERROR   robot.realtime.motion_streamer [robot-motion-streamer] motion_streamer.py:136 | 关节指令下发失败：关节 1 指令加速度 2230°/s² 超过上限 720°/s²
2026-08-07 15:09:13,446 ERROR   robot.realtime.motion_streamer [robot-motion-streamer] motion_streamer.py:136 | 关节指令下发失败：关节 1 指令加速度 977°/s² 超过上限 720°/s²
2026-08-07 15:09:13,466 ERROR   robot.realtime.motion_streamer [robot-motion-streamer] motion_streamer.py:136 | 关节指令下发失败：关节 1 指令加速度 1260°/s² 超过上限 720°/s²
2026-08-07 15:09:13,481 ERROR   robot.realtime.motion_streamer [robot-motion-streamer] motion_streamer.py:136 | 关节指令下发失败：关节 1 指令加速度 3189°/s² 超过上限 720°/s²
2026-08-07 15:09:13,501 ERROR   robot.realtime.motion_streamer [robot-motion-streamer] motion_streamer.py:136 | 关节指令下发失败：关节 1 指令加速度 4497°/s² 超过上限 720°/s²
2026-08-07 15:09:13,516 ERROR   robot.realtime.motion_streamer [robot-motion-streamer] motion_streamer.py:136 | 关节指令下发失败：关节 1 指令加速度 935°/s² 超过上限 720°/s²
2026-08-07 15:09:13,567 ERROR   robot.realtime.motion_streamer [robot-motion-streamer] motion_streamer.py:136 | 关节指令下发失败：关节 1 指令加速度 983°/s² 超过上限 720°/s²
2026-08-07 15:09:13,682 ERROR   robot.realtime.motion_streamer [robot-motion-streamer] motion_streamer.py:136 | 关节指令下发失败：关节 1 指令加速度 3609°/s² 超过上限 720°/s²
2026-08-07 15:09:13,687 ERROR   robot.realtime.motion_streamer [robot-motion-streamer] motion_streamer.py:136 | 关节指令下发失败：关节 1 指令加速度 919°/s² 超过上限 720°/s²
2026-08-07 15:09:13,706 ERROR   robot.realtime.motion_streamer [robot-motion-streamer] motion_streamer.py:136 | 关节指令下发失败：关节 1 指令加速度 3709°/s² 超过上限 720°/s²
2026-08-07 15:09:13,726 ERROR   robot.realtime.motion_streamer [robot-motion-streamer] motion_streamer.py:136 | 关节指令下发失败：关节 1 指令加速度 1727°/s² 超过上限 720°/s²
2026-08-07 15:09:13,746 ERROR   robot.realtime.motion_streamer [robot-motion-streamer] motion_streamer.py:136 | 关节指令下发失败：关节 1 指令加速度 1682°/s² 超过上限 720°/s²
2026-08-07 15:09:13,838 ERROR   robot.realtime.motion_streamer [robot-motion-streamer] motion_streamer.py:136 | 关节指令下发失败：关节 1 指令速度 734.2°/s 超过上限 180.0°/s
2026-08-07 15:09:13,842 ERROR   robot.realtime.motion_streamer [robot-motion-streamer] motion_streamer.py:136 | 关节指令下发失败：关节 1 指令加速度 7135°/s² 超过上限 720°/s²
2026-08-07 15:09:13,847 ERROR   robot.realtime.motion_streamer [robot-motion-streamer] motion_streamer.py:136 | 关节指令下发失败：关节 1 指令加速度 2014°/s² 超过上限 720°/s²
2026-08-07 15:09:13,851 ERROR   robot.realtime.motion_streamer [robot-motion-streamer] motion_streamer.py:136 | 关节指令下发失败：关节 1 指令加速度 1173°/s² 超过上限 720°/s²
2026-08-07 15:09:13,883 ERROR   robot.realtime.motion_streamer [robot-motion-streamer] motion_streamer.py:136 | 关节指令下发失败：关节 1 指令加速度 1017°/s² 超过上限 720°/s²
2026-08-07 15:09:13,959 ERROR   robot.realtime.motion_streamer [robot-motion-streamer] motion_streamer.py:136 | 关节指令下发失败：关节 1 指令速度 798.8°/s 超过上限 180.0°/s
2026-08-07 15:09:13,962 ERROR   robot.realtime.motion_streamer [robot-motion-streamer] motion_streamer.py:136 | 关节指令下发失败：关节 1 指令加速度 9231°/s² 超过上限 720°/s²
2026-08-07 15:09:13,967 ERROR   robot.realtime.motion_streamer [robot-motion-streamer] motion_streamer.py:136 | 关节指令下发失败：关节 1 指令加速度 2302°/s² 超过上限 720°/s²
2026-08-07 15:09:14,032 ERROR   robot.realtime.motion_streamer [robot-motion-streamer] motion_streamer.py:136 | 关节指令下发失败：关节 1 指令加速度 2605°/s² 超过上限 720°/s²
2026-08-07 15:09:14,132 ERROR   robot.realtime.motion_streamer [robot-motion-streamer] motion_streamer.py:136 | 关节指令下发失败：关节 1 指令加速度 986°/s² 超过上限 720°/s²
2026-08-07 15:09:14,311 ERROR   robot.realtime.motion_streamer [robot-motion-streamer] motion_streamer.py:136 | 关节指令下发失败：关节 1 指令加速度 1316°/s² 超过上限 720°/s²
2026-08-07 15:09:14,347 ERROR   robot.realtime.motion_streamer [robot-motion-streamer] motion_streamer.py:136 | 关节指令下发失败：关节 1 指令加速度 1055°/s² 超过上限 720°/s²
2026-08-07 15:09:14,358 ERROR   robot.realtime.motion_streamer [robot-motion-streamer] motion_streamer.py:136 | 关节指令下发失败：关节 1 指令速度 896.9°/s 超过上限 180.0°/s
2026-08-07 15:09:14,362 ERROR   robot.realtime.motion_streamer [robot-motion-streamer] motion_streamer.py:136 | 关节指令下发失败：关节 1 指令加速度 6784°/s² 超过上限 720°/s²
2026-08-07 15:09:14,367 ERROR   robot.realtime.motion_streamer [robot-motion-streamer] motion_streamer.py:136 | 关节指令下发失败：关节 1 指令加速度 1765°/s² 超过上限 720°/s²
2026-08-07 15:09:14,371 ERROR   robot.realtime.motion_streamer [robot-motion-streamer] motion_streamer.py:136 | 关节指令下发失败：关节 1 指令加速度 874°/s² 超过上限 720°/s²
2026-08-07 15:09:14,382 ERROR   robot.realtime.motion_streamer [robot-motion-streamer] motion_streamer.py:136 | 关节指令下发失败：关节 1 指令加速度 895°/s² 超过上限 720°/s²
2026-08-07 15:09:14,417 ERROR   robot.realtime.motion_streamer [robot-motion-streamer] motion_streamer.py:136 | 关节指令下发失败：关节 1 指令加速度 943°/s² 超过上限 720°/s²
2026-08-07 15:09:14,452 ERROR   robot.realtime.motion_streamer [robot-motion-streamer] motion_streamer.py:136 | 关节指令下发失败：关节 1 指令加速度 3406°/s² 超过上限 720°/s²
2026-08-07 15:09:14,457 ERROR   robot.realtime.motion_streamer [robot-motion-streamer] motion_streamer.py:136 | 关节指令下发失败：关节 1 指令加速度 901°/s² 超过上限 720°/s²
2026-08-07 15:09:14,492 ERROR   robot.realtime.motion_streamer [robot-motion-streamer] motion_streamer.py:136 | 关节指令下发失败：关节 1 指令加速度 924°/s² 超过上限 720°/s²
2026-08-07 15:09:14,537 ERROR   robot.realtime.motion_streamer [robot-motion-streamer] motion_streamer.py:136 | 关节指令下发失败：关节 1 指令加速度 1422°/s² 超过上限 720°/s²
2026-08-07 15:09:14,578 ERROR   robot.realtime.motion_streamer [robot-motion-streamer] motion_streamer.py:136 | 关节指令下发失败：关节 1 指令加速度 1620°/s² 超过上限 720°/s²
2026-08-07 15:09:14,698 ERROR   robot.realtime.motion_streamer [robot-motion-streamer] motion_streamer.py:136 | 关节指令下发失败：关节 1 指令加速度 1511°/s² 超过上限 720°/s²
2026-08-07 15:09:14,732 ERROR   robot.realtime.motion_streamer [robot-motion-streamer] motion_streamer.py:136 | 关节指令下发失败：关节 1 指令加速度 911°/s² 超过上限 720°/s²
2026-08-07 15:09:14,756 ERROR   robot.realtime.motion_streamer [robot-motion-streamer] motion_streamer.py:136 | 关节指令下发失败：关节 1 指令加速度 905°/s² 超过上限 720°/s²
2026-08-07 15:09:14,782 ERROR   robot.realtime.motion_streamer [robot-motion-streamer] motion_streamer.py:136 | 关节指令下发失败：关节 1 指令加速度 975°/s² 超过上限 720°/s²
2026-08-07 15:09:14,798 ERROR   robot.realtime.motion_streamer [robot-motion-streamer] motion_streamer.py:136 | 关节指令下发失败：关节 1 指令速度 592.7°/s 超过上限 180.0°/s
2026-08-07 15:09:14,802 ERROR   robot.realtime.motion_streamer [robot-motion-streamer] motion_streamer.py:136 | 关节指令下发失败：关节 1 指令加速度 5905°/s² 超过上限 720°/s²
2026-08-07 15:09:14,807 ERROR   robot.realtime.motion_streamer [robot-motion-streamer] motion_streamer.py:136 | 关节指令下发失败：关节 1 指令加速度 1875°/s² 超过上限 720°/s²
2026-08-07 15:09:14,811 ERROR   robot.realtime.motion_streamer [robot-motion-streamer] motion_streamer.py:136 | 关节指令下发失败：关节 1 指令加速度 987°/s² 超过上限 720°/s²
2026-08-07 15:09:14,821 ERROR   robot.realtime.motion_streamer [robot-motion-streamer] motion_streamer.py:136 | 关节指令下发失败：关节 1 指令加速度 917°/s² 超过上限 720°/s²
2026-08-07 15:09:14,849 ERROR   robot.realtime.motion_streamer [robot-motion-streamer] motion_streamer.py:136 | 关节指令下发失败：关节 1 指令速度 561.8°/s 超过上限 180.0°/s
2026-08-07 15:09:14,852 ERROR   robot.realtime.motion_streamer [robot-motion-streamer] motion_streamer.py:136 | 关节指令下发失败：关节 1 指令加速度 8905°/s² 超过上限 720°/s²
2026-08-07 15:09:14,856 ERROR   robot.realtime.motion_streamer [robot-motion-streamer] motion_streamer.py:136 | 关节指令下发失败：关节 1 指令加速度 2654°/s² 超过上限 720°/s²
2026-08-07 15:09:14,861 ERROR   robot.realtime.motion_streamer [robot-motion-streamer] motion_streamer.py:136 | 关节指令下发失败：关节 1 指令加速度 1188°/s² 超过上限 720°/s²
2026-08-07 15:09:14,873 ERROR   robot.realtime.motion_streamer [robot-motion-streamer] motion_streamer.py:136 | 关节指令下发失败：关节 1 指令加速度 1420°/s² 超过上限 720°/s²
2026-08-07 15:09:14,884 ERROR   robot.realtime.motion_streamer [robot-motion-streamer] motion_streamer.py:136 | 关节指令下发失败：关节 1 指令速度 459.1°/s 超过上限 180.0°/s
2026-08-07 15:09:14,888 ERROR   robot.realtime.motion_streamer [robot-motion-streamer] motion_streamer.py:136 | 关节指令下发失败：关节 1 指令加速度 6312°/s² 超过上限 720°/s²
2026-08-07 15:09:14,892 ERROR   robot.realtime.motion_streamer [robot-motion-streamer] motion_streamer.py:136 | 关节指令下发失败：关节 1 指令加速度 2161°/s² 超过上限 720°/s²
2026-08-07 15:09:14,897 ERROR   robot.realtime.motion_streamer [robot-motion-streamer] motion_streamer.py:136 | 关节指令下发失败：关节 1 指令加速度 1053°/s² 超过上限 720°/s²
2026-08-07 15:09:14,907 ERROR   robot.realtime.motion_streamer [robot-motion-streamer] motion_streamer.py:136 | 关节指令下发失败：关节 1 指令加速度 1221°/s² 超过上限 720°/s²
2026-08-07 15:09:14,922 ERROR   robot.realtime.motion_streamer [robot-motion-streamer] motion_streamer.py:136 | 关节指令下发失败：关节 1 指令加速度 2730°/s² 超过上限 720°/s²
2026-08-07 15:09:14,939 WARNING robot.realtime.clock [robot-continuous-jog] clock.py:103 | jog-joint 循环滞后 5.2 ms（超过一个控制周期 5.0 ms）
2026-08-07 15:09:14,945 WARNING robot.realtime.clock [robot-continuous-jog] clock.py:103 | jog-joint 循环滞后 6.3 ms（超过一个控制周期 5.0 ms）
2026-08-07 15:09:14,949 WARNING robot.realtime.clock [robot-continuous-jog] clock.py:103 | jog-joint 循环滞后 5.3 ms（超过一个控制周期 5.0 ms）
2026-08-07 15:09:14,949 ERROR   robot.realtime.motion_streamer [robot-motion-streamer] motion_streamer.py:136 | 关节指令下发失败：关节 1 指令加速度 1650°/s² 超过上限 720°/s²
2026-08-07 15:09:14,956 WARNING robot.realtime.clock [robot-continuous-jog] clock.py:103 | jog-joint 循环滞后 7.0 ms（超过一个控制周期 5.0 ms）
2026-08-07 15:09:14,961 WARNING robot.realtime.clock [robot-continuous-jog] clock.py:103 | jog-joint 循环滞后 7.0 ms（超过一个控制周期 5.0 ms）
2026-08-07 15:09:14,967 WARNING robot.realtime.clock [robot-continuous-jog] clock.py:103 | jog-joint 循环滞后 8.2 ms（超过一个控制周期 5.0 ms）
2026-08-07 15:09:14,972 WARNING robot.realtime.clock [robot-continuous-jog] clock.py:103 | jog-joint 循环滞后 8.4 ms（超过一个控制周期 5.0 ms）
2026-08-07 15:09:14,979 WARNING robot.realtime.clock [robot-continuous-jog] clock.py:103 | jog-joint 循环滞后 9.8 ms（超过一个控制周期 5.0 ms）
2026-08-07 15:09:14,983 WARNING robot.realtime.clock [robot-continuous-jog] clock.py:103 | jog-joint 循环滞后 9.5 ms（超过一个控制周期 5.0 ms）
2026-08-07 15:09:14,987 WARNING robot.realtime.clock [robot-continuous-jog] clock.py:103 | jog-joint 循环滞后 8.3 ms（超过一个控制周期 5.0 ms）
2026-08-07 15:09:14,987 ERROR   robot.realtime.motion_streamer [robot-motion-streamer] motion_streamer.py:136 | 关节指令下发失败：关节 1 指令加速度 1486°/s² 超过上限 720°/s²
2026-08-07 15:09:14,990 WARNING robot.realtime.clock [robot-continuous-jog] clock.py:103 | jog-joint 循环滞后 6.1 ms（超过一个控制周期 5.0 ms）
2026-08-07 15:09:14,990 ERROR   robot.realtime.motion_streamer [robot-motion-streamer] motion_streamer.py:136 | 关节指令下发失败：关节 1 指令加速度 1255°/s² 超过上限 720°/s²
2026-08-07 15:09:14,997 ERROR   robot.realtime.motion_streamer [robot-motion-streamer] motion_streamer.py:136 | 关节指令下发失败：关节 1 指令速度 626.3°/s 超过上限 180.0°/s
2026-08-07 15:09:14,997 ERROR   robot.realtime.motion_streamer [robot-motion-streamer] motion_streamer.py:136 | 关节指令下发失败：关节 1 指令速度 412.9°/s 超过上限 180.0°/s
2026-08-07 15:09:15,002 ERROR   robot.realtime.motion_streamer [robot-motion-streamer] motion_streamer.py:136 | 关节指令下发失败：关节 1 指令加速度 4112°/s² 超过上限 720°/s²
2026-08-07 15:09:15,007 ERROR   robot.realtime.motion_streamer [robot-motion-streamer] motion_streamer.py:136 | 关节指令下发失败：关节 1 指令加速度 1243°/s² 超过上限 720°/s²
2026-08-07 15:09:15,016 ERROR   robot.realtime.motion_streamer [robot-motion-streamer] motion_streamer.py:136 | 关节指令下发失败：关节 1 指令加速度 2116°/s² 超过上限 720°/s²
2026-08-07 15:09:15,022 ERROR   robot.realtime.motion_streamer [robot-motion-streamer] motion_streamer.py:136 | 关节指令下发失败：关节 1 指令加速度 1060°/s² 超过上限 720°/s²
2026-08-07 15:09:15,063 ERROR   robot.realtime.motion_streamer [robot-motion-streamer] motion_streamer.py:136 | 关节指令下发失败：关节 1 指令加速度 1833°/s² 超过上限 720°/s²
2026-08-07 15:09:15,101 ERROR   robot.realtime.motion_streamer [robot-motion-streamer] motion_streamer.py:136 | 关节指令下发失败：关节 1 指令加速度 1980°/s² 超过上限 720°/s²
2026-08-07 15:09:15,141 ERROR   robot.realtime.motion_streamer [robot-motion-streamer] motion_streamer.py:136 | 关节指令下发失败：关节 1 指令加速度 868°/s² 超过上限 720°/s²
2026-08-07 15:09:15,166 ERROR   robot.realtime.motion_streamer [robot-motion-streamer] motion_streamer.py:136 | 关节指令下发失败：关节 1 指令加速度 4082°/s² 超过上限 720°/s²
2026-08-07 15:09:15,226 ERROR   robot.realtime.motion_streamer [robot-motion-streamer] motion_streamer.py:136 | 关节指令下发失败：关节 1 指令加速度 5112°/s² 超过上限 720°/s²
2026-08-07 15:09:15,231 ERROR   robot.realtime.motion_streamer [robot-motion-streamer] motion_streamer.py:136 | 关节指令下发失败：关节 1 指令加速度 1188°/s² 超过上限 720°/s²
2026-08-07 15:09:15,261 ERROR   robot.realtime.motion_streamer [robot-motion-streamer] motion_streamer.py:136 | 关节指令下发失败：关节 1 指令加速度 1556°/s² 超过上限 720°/s²
2026-08-07 15:09:15,311 ERROR   robot.realtime.motion_streamer [robot-motion-streamer] motion_streamer.py:136 | 关节指令下发失败：关节 1 指令加速度 1972°/s² 超过上限 720°/s²
2026-08-07 15:09:15,341 ERROR   robot.realtime.motion_streamer [robot-motion-streamer] motion_streamer.py:136 | 关节指令下发失败：关节 1 指令加速度 994°/s² 超过上限 720°/s²
2026-08-07 15:09:15,386 ERROR   robot.realtime.motion_streamer [robot-motion-streamer] motion_streamer.py:136 | 关节指令下发失败：关节 1 指令加速度 1413°/s² 超过上限 720°/s²
2026-08-07 15:09:15,421 ERROR   robot.realtime.motion_streamer [robot-motion-streamer] motion_streamer.py:136 | 关节指令下发失败：关节 1 指令加速度 2230°/s² 超过上限 720°/s²
2026-08-07 15:09:15,546 ERROR   robot.realtime.motion_streamer [robot-motion-streamer] motion_streamer.py:136 | 关节指令下发失败：关节 1 指令加速度 2844°/s² 超过上限 720°/s²
2026-08-07 15:09:15,581 ERROR   robot.realtime.motion_streamer [robot-motion-streamer] motion_streamer.py:136 | 关节指令下发失败：关节 1 指令加速度 2258°/s² 超过上限 720°/s²
2026-08-07 15:09:15,631 ERROR   robot.realtime.motion_streamer [robot-motion-streamer] motion_streamer.py:136 | 关节指令下发失败：关节 1 指令加速度 1091°/s² 超过上限 720°/s²
2026-08-07 15:09:15,641 ERROR   robot.realtime.motion_streamer [robot-motion-streamer] motion_streamer.py:136 | 关节指令下发失败：关节 1 指令加速度 1803°/s² 超过上限 720°/s²
2026-08-07 15:09:15,706 ERROR   robot.realtime.motion_streamer [robot-motion-streamer] motion_streamer.py:136 | 关节指令下发失败：关节 1 指令加速度 3883°/s² 超过上限 720°/s²
2026-08-07 15:09:15,711 ERROR   robot.realtime.motion_streamer [robot-motion-streamer] motion_streamer.py:136 | 关节指令下发失败：关节 1 指令加速度 868°/s² 超过上限 720°/s²
2026-08-07 15:09:15,821 ERROR   robot.realtime.motion_streamer [robot-motion-streamer] motion_streamer.py:136 | 关节指令下发失败：关节 1 指令加速度 1180°/s² 超过上限 720°/s²
2026-08-07 15:09:15,866 ERROR   robot.realtime.motion_streamer [robot-motion-streamer] motion_streamer.py:136 | 关节指令下发失败：关节 1 指令加速度 2702°/s² 超过上限 720°/s²
2026-08-07 15:09:15,901 ERROR   robot.realtime.motion_streamer [robot-motion-streamer] motion_streamer.py:136 | 关节指令下发失败：关节 1 指令加速度 1918°/s² 超过上限 720°/s²
2026-08-07 15:09:15,981 ERROR   robot.realtime.motion_streamer [robot-motion-streamer] motion_streamer.py:136 | 关节指令下发失败：关节 1 指令加速度 1391°/s² 超过上限 720°/s²
2026-08-07 15:09:16,026 ERROR   robot.realtime.motion_streamer [robot-motion-streamer] motion_streamer.py:136 | 关节指令下发失败：关节 1 指令加速度 1112°/s² 超过上限 720°/s²
2026-08-07 15:09:16,131 ERROR   robot.realtime.motion_streamer [robot-motion-streamer] motion_streamer.py:136 | 关节指令下发失败：关节 1 指令加速度 1551°/s² 超过上限 720°/s²
2026-08-07 15:09:16,141 ERROR   robot.realtime.motion_streamer [robot-motion-streamer] motion_streamer.py:136 | 关节指令下发失败：关节 1 指令加速度 1429°/s² 超过上限 720°/s²
2026-08-07 15:09:19,077 WARNING robot.realtime.clock [robot-continuous-jog] clock.py:103 | jog-joint 循环滞后 8.5 ms（超过一个控制周期 5.0 ms）
2026-08-07 15:09:19,079 WARNING robot.realtime.clock [robot-continuous-jog] clock.py:103 | jog-joint 循环滞后 5.7 ms（超过一个控制周期 5.0 ms）
2026-08-07 15:09:19,080 ERROR   robot.realtime.motion_streamer [robot-motion-streamer] motion_streamer.py:136 | 关节指令下发失败：关节 1 指令加速度 14894°/s² 超过上限 720°/s²
2026-08-07 15:09:19,083 ERROR   robot.realtime.motion_streamer [robot-motion-streamer] motion_streamer.py:136 | 关节指令下发失败：关节 1 指令加速度 4923°/s² 超过上限 720°/s²
2026-08-07 15:09:19,083 ERROR   robot.realtime.motion_streamer [robot-motion-streamer] motion_streamer.py:136 | 关节指令下发失败：关节 1 指令加速度 7018°/s² 超过上限 720°/s²
2026-08-07 15:09:19,086 ERROR   robot.realtime.motion_streamer [robot-motion-streamer] motion_streamer.py:136 | 关节指令下发失败：关节 1 指令加速度 4493°/s² 超过上限 720°/s²
2026-08-07 15:09:19,090 ERROR   robot.realtime.motion_streamer [robot-motion-streamer] motion_streamer.py:136 | 关节指令下发失败：关节 1 指令加速度 2187°/s² 超过上限 720°/s²
2026-08-07 15:09:19,095 ERROR   robot.realtime.motion_streamer [robot-motion-streamer] motion_streamer.py:136 | 关节指令下发失败：关节 1 指令加速度 1377°/s² 超过上限 720°/s²
2026-08-07 15:09:19,100 ERROR   robot.realtime.motion_streamer [robot-motion-streamer] motion_streamer.py:136 | 关节指令下发失败：关节 1 指令加速度 987°/s² 超过上限 720°/s²
2026-08-07 15:09:19,111 ERROR   robot.realtime.motion_streamer [robot-motion-streamer] motion_streamer.py:136 | 关节指令下发失败：关节 1 指令加速度 1275°/s² 超过上限 720°/s²
2026-08-07 15:09:19,218 ERROR   robot.realtime.motion_streamer [robot-motion-streamer] motion_streamer.py:136 | 关节指令下发失败：关节 1 指令加速度 1511°/s² 超过上限 720°/s²
2026-08-07 15:09:19,357 ERROR   robot.realtime.motion_streamer [robot-motion-streamer] motion_streamer.py:136 | 关节指令下发失败：关节 1 指令加速度 3357°/s² 超过上限 720°/s²
2026-08-07 15:09:19,402 ERROR   robot.realtime.motion_streamer [robot-motion-streamer] motion_streamer.py:136 | 关节指令下发失败：关节 1 指令加速度 913°/s² 超过上限 720°/s²
2026-08-07 15:09:19,417 ERROR   robot.realtime.motion_streamer [robot-motion-streamer] motion_streamer.py:136 | 关节指令下发失败：关节 1 指令加速度 1120°/s² 超过上限 720°/s²
2026-08-07 15:09:19,562 ERROR   robot.realtime.motion_streamer [robot-motion-streamer] motion_streamer.py:136 | 关节指令下发失败：关节 1 指令速度 835.5°/s 超过上限 180.0°/s
2026-08-07 15:09:19,567 ERROR   robot.realtime.motion_streamer [robot-motion-streamer] motion_streamer.py:136 | 关节指令下发失败：关节 1 指令加速度 4939°/s² 超过上限 720°/s²
2026-08-07 15:09:19,572 ERROR   robot.realtime.motion_streamer [robot-motion-streamer] motion_streamer.py:136 | 关节指令下发失败：关节 1 指令加速度 1322°/s² 超过上限 720°/s²
2026-08-07 15:09:19,582 ERROR   robot.realtime.motion_streamer [robot-motion-streamer] motion_streamer.py:136 | 关节指令下发失败：关节 1 指令加速度 1486°/s² 超过上限 720°/s²
2026-08-07 15:09:19,596 ERROR   robot.realtime.motion_streamer [robot-motion-streamer] motion_streamer.py:136 | 关节指令下发失败：关节 1 指令加速度 1397°/s² 超过上限 720°/s²
2026-08-07 15:09:19,631 ERROR   robot.realtime.motion_streamer [robot-motion-streamer] motion_streamer.py:136 | 关节指令下发失败：关节 1 指令加速度 1027°/s² 超过上限 720°/s²
2026-08-07 15:09:19,681 ERROR   robot.realtime.motion_streamer [robot-motion-streamer] motion_streamer.py:136 | 关节指令下发失败：关节 1 指令加速度 1221°/s² 超过上限 720°/s²
2026-08-07 15:09:19,742 ERROR   robot.realtime.motion_streamer [robot-motion-streamer] motion_streamer.py:136 | 关节指令下发失败：关节 1 指令加速度 961°/s² 超过上限 720°/s²
2026-08-07 15:09:19,752 ERROR   robot.realtime.motion_streamer [robot-motion-streamer] motion_streamer.py:136 | 关节指令下发失败：关节 1 指令加速度 1051°/s² 超过上限 720°/s²
2026-08-07 15:09:19,847 ERROR   robot.realtime.motion_streamer [robot-motion-streamer] motion_streamer.py:136 | 关节指令下发失败：关节 1 指令加速度 1088°/s² 超过上限 720°/s²
2026-08-07 15:09:19,871 ERROR   robot.realtime.motion_streamer [robot-motion-streamer] motion_streamer.py:136 | 关节指令下发失败：关节 1 指令加速度 1121°/s² 超过上限 720°/s²
2026-08-07 15:09:19,905 ERROR   robot.realtime.motion_streamer [robot-motion-streamer] motion_streamer.py:136 | 关节指令下发失败：关节 1 指令加速度 2365°/s² 超过上限 720°/s²
2026-08-07 15:09:19,992 ERROR   robot.realtime.motion_streamer [robot-motion-streamer] motion_streamer.py:136 | 关节指令下发失败：关节 1 指令加速度 1112°/s² 超过上限 720°/s²
2026-08-07 15:09:20,063 ERROR   robot.realtime.motion_streamer [robot-motion-streamer] motion_streamer.py:136 | 关节指令下发失败：关节 1 指令加速度 1026°/s² 超过上限 720°/s²
2026-08-07 15:09:20,065 ERROR   robot.realtime.motion_streamer [robot-motion-streamer] motion_streamer.py:136 | 关节指令下发失败：关节 1 指令加速度 1609°/s² 超过上限 720°/s²
2026-08-07 15:09:20,089 ERROR   robot.realtime.motion_streamer [robot-motion-streamer] motion_streamer.py:136 | 关节指令下发失败：关节 1 指令速度 631.7°/s 超过上限 180.0°/s
2026-08-07 15:09:20,093 ERROR   robot.realtime.motion_streamer [robot-motion-streamer] motion_streamer.py:136 | 关节指令下发失败：关节 1 指令加速度 5583°/s² 超过上限 720°/s²
2026-08-07 15:09:20,097 ERROR   robot.realtime.motion_streamer [robot-motion-streamer] motion_streamer.py:136 | 关节指令下发失败：关节 1 指令加速度 2666°/s² 超过上限 720°/s²
2026-08-07 15:09:20,112 ERROR   robot.realtime.motion_streamer [robot-motion-streamer] motion_streamer.py:136 | 关节指令下发失败：关节 1 指令加速度 941°/s² 超过上限 720°/s²
2026-08-07 15:09:20,121 ERROR   robot.realtime.motion_streamer [robot-motion-streamer] motion_streamer.py:136 | 关节指令下发失败：关节 1 指令加速度 1554°/s² 超过上限 720°/s²
2026-08-07 15:09:20,486 ERROR   robot.realtime.motion_streamer [robot-motion-streamer] motion_streamer.py:136 | 关节指令下发失败：关节 1 指令加速度 2803°/s² 超过上限 720°/s²
2026-08-07 15:09:20,581 ERROR   robot.realtime.motion_streamer [robot-motion-streamer] motion_streamer.py:136 | 关节指令下发失败：关节 1 指令加速度 1490°/s² 超过上限 720°/s²
2026-08-07 15:09:20,646 ERROR   robot.realtime.motion_streamer [robot-motion-streamer] motion_streamer.py:136 | 关节指令下发失败：关节 1 指令加速度 3170°/s² 超过上限 720°/s²
2026-08-07 15:09:20,657 ERROR   robot.realtime.motion_streamer [robot-motion-streamer] motion_streamer.py:136 | 关节指令下发失败：关节 1 指令加速度 908°/s² 超过上限 720°/s²
2026-08-07 15:09:20,681 ERROR   robot.realtime.motion_streamer [robot-motion-streamer] motion_streamer.py:136 | 关节指令下发失败：关节 1 指令加速度 871°/s² 超过上限 720°/s²
2026-08-07 15:09:20,732 ERROR   robot.realtime.motion_streamer [robot-motion-streamer] motion_streamer.py:136 | 关节指令下发失败：关节 1 指令加速度 1675°/s² 超过上限 720°/s²
2026-08-07 15:09:20,747 ERROR   robot.realtime.motion_streamer [robot-motion-streamer] motion_streamer.py:136 | 关节指令下发失败：关节 1 指令加速度 989°/s² 超过上限 720°/s²
2026-08-07 15:09:20,877 ERROR   robot.realtime.motion_streamer [robot-motion-streamer] motion_streamer.py:136 | 关节指令下发失败：关节 1 指令加速度 1988°/s² 超过上限 720°/s²
2026-08-07 15:09:20,947 ERROR   robot.realtime.motion_streamer [robot-motion-streamer] motion_streamer.py:136 | 关节指令下发失败：关节 1 指令加速度 1662°/s² 超过上限 720°/s²
2026-08-07 15:09:20,976 ERROR   robot.realtime.motion_streamer [robot-motion-streamer] motion_streamer.py:136 | 关节指令下发失败：关节 1 指令加速度 896°/s² 超过上限 720°/s²
2026-08-07 15:09:21,031 ERROR   robot.realtime.motion_streamer [robot-motion-streamer] motion_streamer.py:136 | 关节指令下发失败：关节 1 指令加速度 1332°/s² 超过上限 720°/s²
2026-08-07 15:09:21,166 ERROR   robot.realtime.motion_streamer [robot-motion-streamer] motion_streamer.py:136 | 关节指令下发失败：关节 1 指令加速度 1937°/s² 超过上限 720°/s²
2026-08-07 15:09:21,206 ERROR   robot.realtime.motion_streamer [robot-motion-streamer] motion_streamer.py:136 | 关节指令下发失败：关节 1 指令加速度 1478°/s² 超过上限 720°/s²
2026-08-07 15:09:26,695 WARNING robot.realtime.clock [robot-continuous-jog] clock.py:103 | jog-joint 循环滞后 5.9 ms（超过一个控制周期 5.0 ms）
2026-08-07 15:09:26,700 ERROR   robot.realtime.motion_streamer [robot-motion-streamer] motion_streamer.py:136 | 关节指令下发失败：关节 1 指令加速度 4042°/s² 超过上限 720°/s²
2026-08-07 15:09:26,703 ERROR   robot.realtime.motion_streamer [robot-motion-streamer] motion_streamer.py:136 | 关节指令下发失败：关节 1 指令加速度 3121°/s² 超过上限 720°/s²
2026-08-07 15:09:26,703 ERROR   robot.realtime.motion_streamer [robot-motion-streamer] motion_streamer.py:136 | 关节指令下发失败：关节 1 指令加速度 4454°/s² 超过上限 720°/s²
2026-08-07 15:09:26,706 ERROR   robot.realtime.motion_streamer [robot-motion-streamer] motion_streamer.py:136 | 关节指令下发失败：关节 1 指令加速度 2664°/s² 超过上限 720°/s²
2026-08-07 15:09:26,711 ERROR   robot.realtime.motion_streamer [robot-motion-streamer] motion_streamer.py:136 | 关节指令下发失败：关节 1 指令加速度 1548°/s² 超过上限 720°/s²
2026-08-07 15:09:26,716 ERROR   robot.realtime.motion_streamer [robot-motion-streamer] motion_streamer.py:136 | 关节指令下发失败：关节 1 指令加速度 1078°/s² 超过上限 720°/s²
2026-08-07 15:09:26,728 ERROR   robot.realtime.motion_streamer [robot-motion-streamer] motion_streamer.py:136 | 关节指令下发失败：关节 1 指令加速度 1236°/s² 超过上限 720°/s²
2026-08-07 15:09:26,741 WARNING robot.realtime.clock [robot-continuous-jog] clock.py:103 | jog-joint 循环滞后 6.6 ms（超过一个控制周期 5.0 ms）
2026-08-07 15:09:26,755 WARNING robot.realtime.clock [robot-continuous-jog] clock.py:103 | jog-joint 循环滞后 15.5 ms（超过一个控制周期 5.0 ms）
2026-08-07 15:09:26,761 WARNING robot.realtime.clock [robot-continuous-jog] clock.py:103 | jog-joint 循环滞后 16.7 ms（超过一个控制周期 5.0 ms）
2026-08-07 15:09:26,761 ERROR   robot.realtime.motion_streamer [robot-motion-streamer] motion_streamer.py:136 | 关节指令下发失败：关节 1 指令加速度 1086°/s² 超过上限 720°/s²
2026-08-07 15:09:26,767 WARNING robot.realtime.clock [robot-continuous-jog] clock.py:103 | jog-joint 循环滞后 18.1 ms（超过一个控制周期 5.0 ms）
2026-08-07 15:09:26,783 WARNING robot.realtime.clock [robot-continuous-jog] clock.py:103 | jog-joint 循环滞后 28.6 ms（超过一个控制周期 5.0 ms）
2026-08-07 15:09:26,789 WARNING robot.realtime.clock [robot-continuous-jog] clock.py:103 | jog-joint 循环滞后 30.0 ms（超过一个控制周期 5.0 ms）
2026-08-07 15:09:26,790 ERROR   robot.realtime.motion_streamer [robot-motion-streamer] motion_streamer.py:136 | 关节指令下发失败：关节 1 指令加速度 1103°/s² 超过上限 720°/s²
2026-08-07 15:09:26,792 WARNING robot.realtime.clock [robot-continuous-jog] clock.py:103 | jog-joint 循环滞后 27.6 ms（超过一个控制周期 5.0 ms）
2026-08-07 15:09:26,793 ERROR   robot.realtime.motion_streamer [robot-motion-streamer] motion_streamer.py:136 | 关节指令下发失败：关节 1 指令加速度 968°/s² 超过上限 720°/s²
2026-08-07 15:09:26,797 WARNING robot.realtime.clock [robot-continuous-jog] clock.py:103 | jog-joint 循环滞后 27.6 ms（超过一个控制周期 5.0 ms）
2026-08-07 15:09:26,802 WARNING robot.realtime.clock [robot-continuous-jog] clock.py:103 | jog-joint 循环滞后 27.7 ms（超过一个控制周期 5.0 ms）
2026-08-07 15:09:26,807 WARNING robot.realtime.clock [robot-continuous-jog] clock.py:103 | jog-joint 循环滞后 28.0 ms（超过一个控制周期 5.0 ms）
2026-08-07 15:09:26,811 WARNING robot.realtime.clock [robot-continuous-jog] clock.py:103 | jog-joint 循环滞后 26.6 ms（超过一个控制周期 5.0 ms）
2026-08-07 15:09:26,811 ERROR   robot.realtime.motion_streamer [robot-motion-streamer] motion_streamer.py:136 | 关节指令下发失败：关节 1 指令加速度 1736°/s² 超过上限 720°/s²
2026-08-07 15:09:26,814 WARNING robot.realtime.clock [robot-continuous-jog] clock.py:103 | jog-joint 循环滞后 24.6 ms（超过一个控制周期 5.0 ms）
2026-08-07 15:09:26,817 WARNING robot.realtime.clock [robot-continuous-jog] clock.py:103 | jog-joint 循环滞后 22.6 ms（超过一个控制周期 5.0 ms）
2026-08-07 15:09:26,817 ERROR   robot.realtime.motion_streamer [robot-motion-streamer] motion_streamer.py:136 | 关节指令下发失败：关节 1 指令加速度 8750°/s² 超过上限 720°/s²
2026-08-07 15:09:26,819 WARNING robot.realtime.clock [robot-continuous-jog] clock.py:103 | jog-joint 循环滞后 19.7 ms（超过一个控制周期 5.0 ms）
2026-08-07 15:09:26,819 ERROR   robot.realtime.motion_streamer [robot-motion-streamer] motion_streamer.py:136 | 关节指令下发失败：关节 1 指令加速度 3970°/s² 超过上限 720°/s²
2026-08-07 15:09:26,821 WARNING robot.realtime.clock [robot-continuous-jog] clock.py:103 | jog-joint 循环滞后 16.4 ms（超过一个控制周期 5.0 ms）
2026-08-07 15:09:26,821 ERROR   robot.realtime.motion_streamer [robot-motion-streamer] motion_streamer.py:136 | 关节指令下发失败：关节 1 指令加速度 3125°/s² 超过上限 720°/s²
2026-08-07 15:09:26,823 WARNING robot.realtime.clock [robot-continuous-jog] clock.py:103 | jog-joint 循环滞后 13.1 ms（超过一个控制周期 5.0 ms）
2026-08-07 15:09:26,823 ERROR   robot.realtime.motion_streamer [robot-motion-streamer] motion_streamer.py:136 | 关节指令下发失败：关节 1 指令加速度 2553°/s² 超过上限 720°/s²
2026-08-07 15:09:26,824 WARNING robot.realtime.clock [robot-continuous-jog] clock.py:103 | jog-joint 循环滞后 9.9 ms（超过一个控制周期 5.0 ms）
2026-08-07 15:09:26,824 ERROR   robot.realtime.motion_streamer [robot-motion-streamer] motion_streamer.py:136 | 关节指令下发失败：关节 1 指令加速度 2152°/s² 超过上限 720°/s²
2026-08-07 15:09:26,826 WARNING robot.realtime.clock [robot-continuous-jog] clock.py:103 | jog-joint 循环滞后 6.6 ms（超过一个控制周期 5.0 ms）
2026-08-07 15:09:26,826 ERROR   robot.realtime.motion_streamer [robot-motion-streamer] motion_streamer.py:136 | 关节指令下发失败：关节 1 指令加速度 1875°/s² 超过上限 720°/s²
2026-08-07 15:09:26,829 ERROR   robot.realtime.motion_streamer [robot-motion-streamer] motion_streamer.py:136 | 关节指令下发失败：关节 1 指令加速度 1185°/s² 超过上限 720°/s²
2026-08-07 15:09:26,829 ERROR   robot.realtime.motion_streamer [robot-motion-streamer] motion_streamer.py:136 | 关节指令下发失败：关节 1 指令加速度 1503°/s² 超过上限 720°/s²
2026-08-07 15:09:26,831 ERROR   robot.realtime.motion_streamer [robot-motion-streamer] motion_streamer.py:136 | 关节指令下发失败：关节 1 指令加速度 1393°/s² 超过上限 720°/s²
2026-08-07 15:09:26,841 ERROR   robot.realtime.motion_streamer [robot-motion-streamer] motion_streamer.py:136 | 关节指令下发失败：关节 1 指令加速度 4131°/s² 超过上限 720°/s²
2026-08-07 15:09:26,846 ERROR   robot.realtime.motion_streamer [robot-motion-streamer] motion_streamer.py:136 | 关节指令下发失败：关节 1 指令加速度 2054°/s² 超过上限 720°/s²
2026-08-07 15:09:26,851 ERROR   robot.realtime.motion_streamer [robot-motion-streamer] motion_streamer.py:136 | 关节指令下发失败：关节 1 指令加速度 1365°/s² 超过上限 720°/s²
2026-08-07 15:09:26,857 ERROR   robot.realtime.motion_streamer [robot-motion-streamer] motion_streamer.py:136 | 关节指令下发失败：关节 1 指令加速度 1009°/s² 超过上限 720°/s²
2026-08-07 15:09:26,882 ERROR   robot.realtime.motion_streamer [robot-motion-streamer] motion_streamer.py:136 | 关节指令下发失败：关节 1 指令加速度 1279°/s² 超过上限 720°/s²
2026-08-07 15:09:26,902 ERROR   robot.realtime.motion_streamer [robot-motion-streamer] motion_streamer.py:136 | 关节指令下发失败：关节 1 指令加速度 1731°/s² 超过上限 720°/s²
2026-08-07 15:09:26,922 ERROR   robot.realtime.motion_streamer [robot-motion-streamer] motion_streamer.py:136 | 关节指令下发失败：关节 1 指令加速度 959°/s² 超过上限 720°/s²
2026-08-07 15:09:26,942 ERROR   robot.realtime.motion_streamer [robot-motion-streamer] motion_streamer.py:136 | 关节指令下发失败：关节 1 指令加速度 1499°/s² 超过上限 720°/s²
2026-08-07 15:09:26,964 ERROR   robot.realtime.motion_streamer [robot-motion-streamer] motion_streamer.py:136 | 关节指令下发失败：关节 1 指令加速度 986°/s² 超过上限 720°/s²
2026-08-07 15:09:26,967 ERROR   robot.realtime.motion_streamer [robot-motion-streamer] motion_streamer.py:136 | 关节指令下发失败：关节 1 指令加速度 1138°/s² 超过上限 720°/s²
2026-08-07 15:09:26,982 ERROR   robot.realtime.motion_streamer [robot-motion-streamer] motion_streamer.py:136 | 关节指令下发失败：关节 1 指令加速度 885°/s² 超过上限 720°/s²
2026-08-07 15:09:27,016 ERROR   robot.realtime.motion_streamer [robot-motion-streamer] motion_streamer.py:136 | 关节指令下发失败：关节 1 指令加速度 2600°/s² 超过上限 720°/s²
2026-08-07 15:09:27,038 ERROR   robot.realtime.motion_streamer [robot-motion-streamer] motion_streamer.py:136 | 关节指令下发失败：关节 1 指令加速度 2325°/s² 超过上限 720°/s²
2026-08-07 15:09:27,142 ERROR   robot.realtime.motion_streamer [robot-motion-streamer] motion_streamer.py:136 | 关节指令下发失败：关节 1 指令加速度 926°/s² 超过上限 720°/s²
2026-08-07 15:09:27,177 ERROR   robot.realtime.motion_streamer [robot-motion-streamer] motion_streamer.py:136 | 关节指令下发失败：关节 1 指令加速度 1256°/s² 超过上限 720°/s²
2026-08-07 15:09:27,218 ERROR   robot.realtime.motion_streamer [robot-motion-streamer] motion_streamer.py:136 | 关节指令下发失败：关节 1 指令加速度 1021°/s² 超过上限 720°/s²
2026-08-07 15:09:27,258 ERROR   robot.realtime.motion_streamer [robot-motion-streamer] motion_streamer.py:136 | 关节指令下发失败：关节 1 指令加速度 1772°/s² 超过上限 720°/s²
2026-08-07 15:09:27,287 WARNING robot.realtime.clock [robot-continuous-jog] clock.py:103 | jog-joint 循环滞后 7.7 ms（超过一个控制周期 5.0 ms）
2026-08-07 15:09:27,296 WARNING robot.realtime.clock [robot-continuous-jog] clock.py:103 | jog-joint 循环滞后 11.4 ms（超过一个控制周期 5.0 ms）
2026-08-07 15:09:27,304 WARNING robot.realtime.clock [robot-continuous-jog] clock.py:103 | jog-joint 循环滞后 14.2 ms（超过一个控制周期 5.0 ms）
2026-08-07 15:09:27,309 WARNING robot.realtime.clock [robot-continuous-jog] clock.py:103 | jog-joint 循环滞后 14.8 ms（超过一个控制周期 5.0 ms）
2026-08-07 15:09:27,315 WARNING robot.realtime.clock [robot-continuous-jog] clock.py:103 | jog-joint 循环滞后 15.6 ms（超过一个控制周期 5.0 ms）
2026-08-07 15:09:27,319 WARNING robot.realtime.clock [robot-continuous-jog] clock.py:103 | jog-joint 循环滞后 15.0 ms（超过一个控制周期 5.0 ms）
2026-08-07 15:09:27,322 WARNING robot.realtime.clock [robot-continuous-jog] clock.py:103 | jog-joint 循环滞后 13.0 ms（超过一个控制周期 5.0 ms）
2026-08-07 15:09:27,323 ERROR   robot.realtime.motion_streamer [robot-motion-streamer] motion_streamer.py:136 | 关节指令下发失败：关节 1 指令加速度 2605°/s² 超过上限 720°/s²
2026-08-07 15:09:27,326 WARNING robot.realtime.clock [robot-continuous-jog] clock.py:103 | jog-joint 循环滞后 11.2 ms（超过一个控制周期 5.0 ms）
2026-08-07 15:09:27,329 WARNING robot.realtime.clock [robot-continuous-jog] clock.py:103 | jog-joint 循环滞后 9.4 ms（超过一个控制周期 5.0 ms）
2026-08-07 15:09:27,329 ERROR   robot.realtime.motion_streamer [robot-motion-streamer] motion_streamer.py:136 | 关节指令下发失败：关节 1 指令加速度 7005°/s² 超过上限 720°/s²
2026-08-07 15:09:27,331 WARNING robot.realtime.clock [robot-continuous-jog] clock.py:103 | jog-joint 循环滞后 6.7 ms（超过一个控制周期 5.0 ms）
2026-08-07 15:09:27,331 ERROR   robot.realtime.motion_streamer [robot-motion-streamer] motion_streamer.py:136 | 关节指令下发失败：关节 1 指令加速度 2924°/s² 超过上限 720°/s²
2026-08-07 15:09:27,334 ERROR   robot.realtime.motion_streamer [robot-motion-streamer] motion_streamer.py:136 | 关节指令下发失败：关节 1 指令加速度 1260°/s² 超过上限 720°/s²
2026-08-07 15:09:27,334 ERROR   robot.realtime.motion_streamer [robot-motion-streamer] motion_streamer.py:136 | 关节指令下发失败：关节 1 指令加速度 2522°/s² 超过上限 720°/s²
2026-08-07 15:09:27,336 ERROR   robot.realtime.motion_streamer [robot-motion-streamer] motion_streamer.py:136 | 关节指令下发失败：关节 1 指令加速度 2236°/s² 超过上限 720°/s²
2026-08-07 15:09:27,346 ERROR   robot.realtime.motion_streamer [robot-motion-streamer] motion_streamer.py:136 | 关节指令下发失败：关节 1 指令加速度 3280°/s² 超过上限 720°/s²
2026-08-07 15:09:27,351 ERROR   robot.realtime.motion_streamer [robot-motion-streamer] motion_streamer.py:136 | 关节指令下发失败：关节 1 指令加速度 1636°/s² 超过上限 720°/s²
2026-08-07 15:09:27,357 ERROR   robot.realtime.motion_streamer [robot-motion-streamer] motion_streamer.py:136 | 关节指令下发失败：关节 1 指令加速度 1087°/s² 超过上限 720°/s²
2026-08-07 15:09:27,378 ERROR   robot.realtime.motion_streamer [robot-motion-streamer] motion_streamer.py:136 | 关节指令下发失败：关节 1 指令加速度 2102°/s² 超过上限 720°/s²
2026-08-07 15:09:27,382 ERROR   robot.realtime.motion_streamer [robot-motion-streamer] motion_streamer.py:136 | 关节指令下发失败：关节 1 指令加速度 1085°/s² 超过上限 720°/s²
2026-08-07 15:09:27,394 ERROR   robot.realtime.motion_streamer [robot-motion-streamer] motion_streamer.py:136 | 关节指令下发失败：关节 1 指令加速度 959°/s² 超过上限 720°/s²
2026-08-07 15:09:27,413 ERROR   robot.realtime.motion_streamer [robot-motion-streamer] motion_streamer.py:136 | 关节指令下发失败：关节 1 指令加速度 2886°/s² 超过上限 720°/s²
2026-08-07 15:09:27,418 ERROR   robot.realtime.motion_streamer [robot-motion-streamer] motion_streamer.py:136 | 关节指令下发失败：关节 1 指令速度 782.3°/s 超过上限 180.0°/s
2026-08-07 15:09:27,422 ERROR   robot.realtime.motion_streamer [robot-motion-streamer] motion_streamer.py:136 | 关节指令下发失败：关节 1 指令加速度 6182°/s² 超过上限 720°/s²
2026-08-07 15:09:27,427 ERROR   robot.realtime.motion_streamer [robot-motion-streamer] motion_streamer.py:136 | 关节指令下发失败：关节 1 指令加速度 1013°/s² 超过上限 720°/s²
2026-08-07 15:09:27,437 ERROR   robot.realtime.motion_streamer [robot-motion-streamer] motion_streamer.py:136 | 关节指令下发失败：关节 1 指令加速度 1507°/s² 超过上限 720°/s²
2026-08-07 15:09:27,446 ERROR   robot.realtime.motion_streamer [robot-motion-streamer] motion_streamer.py:136 | 关节指令下发失败：关节 1 指令加速度 2915°/s² 超过上限 720°/s²
2026-08-07 15:09:27,467 ERROR   robot.realtime.motion_streamer [robot-motion-streamer] motion_streamer.py:136 | 关节指令下发失败：关节 1 指令加速度 1399°/s² 超过上限 720°/s²
2026-08-07 15:09:27,502 ERROR   robot.realtime.motion_streamer [robot-motion-streamer] motion_streamer.py:136 | 关节指令下发失败：关节 1 指令加速度 2065°/s² 超过上限 720°/s²
2026-08-07 15:09:27,523 WARNING robot.realtime.clock [robot-continuous-jog] clock.py:103 | jog-joint 循环滞后 8.9 ms（超过一个控制周期 5.0 ms）
2026-08-07 15:09:27,532 WARNING robot.realtime.clock [robot-continuous-jog] clock.py:103 | jog-joint 循环滞后 12.7 ms（超过一个控制周期 5.0 ms）
2026-08-07 15:09:27,536 WARNING robot.realtime.clock [robot-continuous-jog] clock.py:103 | jog-joint 循环滞后 12.1 ms（超过一个控制周期 5.0 ms）
2026-08-07 15:09:27,537 ERROR   robot.realtime.motion_streamer [robot-motion-streamer] motion_streamer.py:136 | 关节指令下发失败：关节 1 指令加速度 1908°/s² 超过上限 720°/s²
2026-08-07 15:09:27,546 WARNING robot.realtime.clock [robot-continuous-jog] clock.py:103 | jog-joint 循环滞后 16.7 ms（超过一个控制周期 5.0 ms）
2026-08-07 15:09:27,551 WARNING robot.realtime.clock [robot-continuous-jog] clock.py:103 | jog-joint 循环滞后 16.5 ms（超过一个控制周期 5.0 ms）
2026-08-07 15:09:27,551 ERROR   robot.realtime.motion_streamer [robot-motion-streamer] motion_streamer.py:136 | 关节指令下发失败：关节 1 指令加速度 1022°/s² 超过上限 720°/s²
2026-08-07 15:09:27,556 WARNING robot.realtime.clock [robot-continuous-jog] clock.py:103 | jog-joint 循环滞后 16.7 ms（超过一个控制周期 5.0 ms）
2026-08-07 15:09:27,560 WARNING robot.realtime.clock [robot-continuous-jog] clock.py:103 | jog-joint 循环滞后 15.2 ms（超过一个控制周期 5.0 ms）
2026-08-07 15:09:27,560 ERROR   robot.realtime.motion_streamer [robot-motion-streamer] motion_streamer.py:136 | 关节指令下发失败：关节 1 指令加速度 1884°/s² 超过上限 720°/s²
2026-08-07 15:09:27,562 WARNING robot.realtime.clock [robot-continuous-jog] clock.py:103 | jog-joint 循环滞后 12.9 ms（超过一个控制周期 5.0 ms）
2026-08-07 15:09:27,562 ERROR   robot.realtime.motion_streamer [robot-motion-streamer] motion_streamer.py:136 | 关节指令下发失败：关节 1 指令加速度 1383°/s² 超过上限 720°/s²
2026-08-07 15:09:27,565 WARNING robot.realtime.clock [robot-continuous-jog] clock.py:103 | jog-joint 循环滞后 10.2 ms（超过一个控制周期 5.0 ms）
2026-08-07 15:09:27,565 ERROR   robot.realtime.motion_streamer [robot-motion-streamer] motion_streamer.py:136 | 关节指令下发失败：关节 1 指令加速度 1352°/s² 超过上限 720°/s²
2026-08-07 15:09:27,566 WARNING robot.realtime.clock [robot-continuous-jog] clock.py:103 | jog-joint 循环滞后 6.9 ms（超过一个控制周期 5.0 ms）
2026-08-07 15:09:27,567 ERROR   robot.realtime.motion_streamer [robot-motion-streamer] motion_streamer.py:136 | 关节指令下发失败：关节 1 指令加速度 1201°/s² 超过上限 720°/s²
2026-08-07 15:09:27,571 ERROR   robot.realtime.motion_streamer [robot-motion-streamer] motion_streamer.py:136 | 关节指令下发失败：关节 1 指令速度 1940.6°/s 超过上限 180.0°/s
2026-08-07 15:09:27,571 ERROR   robot.realtime.motion_streamer [robot-motion-streamer] motion_streamer.py:136 | 关节指令下发失败：关节 1 指令速度 1303.7°/s 超过上限 180.0°/s
2026-08-07 15:09:27,576 ERROR   robot.realtime.motion_streamer [robot-motion-streamer] motion_streamer.py:136 | 关节指令下发失败：关节 1 指令加速度 4856°/s² 超过上限 720°/s²
2026-08-07 15:09:27,587 ERROR   robot.realtime.motion_streamer [robot-motion-streamer] motion_streamer.py:136 | 关节指令下发失败：关节 1 指令加速度 3064°/s² 超过上限 720°/s²
2026-08-07 15:09:27,592 ERROR   robot.realtime.motion_streamer [robot-motion-streamer] motion_streamer.py:136 | 关节指令下发失败：关节 1 指令加速度 1550°/s² 超过上限 720°/s²
2026-08-07 15:09:27,597 ERROR   robot.realtime.motion_streamer [robot-motion-streamer] motion_streamer.py:136 | 关节指令下发失败：关节 1 指令加速度 1040°/s² 超过上限 720°/s²
2026-08-07 15:09:27,612 ERROR   robot.realtime.motion_streamer [robot-motion-streamer] motion_streamer.py:136 | 关节指令下发失败：关节 1 指令加速度 979°/s² 超过上限 720°/s²
2026-08-07 15:09:27,693 ERROR   robot.realtime.motion_streamer [robot-motion-streamer] motion_streamer.py:136 | 关节指令下发失败：关节 1 指令加速度 3616°/s² 超过上限 720°/s²
2026-08-07 15:09:27,698 ERROR   robot.realtime.motion_streamer [robot-motion-streamer] motion_streamer.py:136 | 关节指令下发失败：关节 1 指令加速度 928°/s² 超过上限 720°/s²
2026-08-07 15:09:27,717 ERROR   robot.realtime.motion_streamer [robot-motion-streamer] motion_streamer.py:136 | 关节指令下发失败：关节 1 指令加速度 1583°/s² 超过上限 720°/s²
2026-08-07 15:09:27,733 ERROR   robot.realtime.motion_streamer [robot-motion-streamer] motion_streamer.py:136 | 关节指令下发失败：关节 1 指令加速度 934°/s² 超过上限 720°/s²
2026-08-07 15:09:27,759 ERROR   robot.realtime.motion_streamer [robot-motion-streamer] motion_streamer.py:136 | 关节指令下发失败：关节 1 指令速度 354.3°/s 超过上限 180.0°/s
2026-08-07 15:09:27,767 ERROR   robot.realtime.motion_streamer [robot-motion-streamer] motion_streamer.py:136 | 关节指令下发失败：关节 1 指令加速度 1512°/s² 超过上限 720°/s²
2026-08-07 15:09:27,779 ERROR   robot.realtime.motion_streamer [robot-motion-streamer] motion_streamer.py:136 | 关节指令下发失败：关节 1 指令速度 1197.4°/s 超过上限 180.0°/s
2026-08-07 15:09:27,779 ERROR   robot.realtime.motion_streamer [robot-motion-streamer] motion_streamer.py:136 | 关节指令下发失败：关节 1 指令速度 238.8°/s 超过上限 180.0°/s
2026-08-07 15:09:27,782 ERROR   robot.realtime.motion_streamer [robot-motion-streamer] motion_streamer.py:136 | 关节指令下发失败：关节 1 指令加速度 19969°/s² 超过上限 720°/s²
2026-08-07 15:09:27,787 ERROR   robot.realtime.motion_streamer [robot-motion-streamer] motion_streamer.py:136 | 关节指令下发失败：关节 1 指令加速度 2941°/s² 超过上限 720°/s²
2026-08-07 15:09:27,792 ERROR   robot.realtime.motion_streamer [robot-motion-streamer] motion_streamer.py:136 | 关节指令下发失败：关节 1 指令加速度 1193°/s² 超过上限 720°/s²
2026-08-07 15:09:27,802 ERROR   robot.realtime.motion_streamer [robot-motion-streamer] motion_streamer.py:136 | 关节指令下发失败：关节 1 指令加速度 1845°/s² 超过上限 720°/s²
2026-08-07 15:09:27,807 ERROR   robot.realtime.motion_streamer [robot-motion-streamer] motion_streamer.py:136 | 关节指令下发失败：关节 1 指令加速度 935°/s² 超过上限 720°/s²
2026-08-07 15:09:27,953 ERROR   robot.realtime.motion_streamer [robot-motion-streamer] motion_streamer.py:136 | 关节指令下发失败：关节 1 指令速度 789.7°/s 超过上限 180.0°/s
2026-08-07 15:09:27,953 ERROR   robot.realtime.motion_streamer [robot-motion-streamer] motion_streamer.py:136 | 关节指令下发失败：关节 1 指令速度 377.3°/s 超过上限 180.0°/s
2026-08-07 15:09:27,957 ERROR   robot.realtime.motion_streamer [robot-motion-streamer] motion_streamer.py:136 | 关节指令下发失败：关节 1 指令加速度 11456°/s² 超过上限 720°/s²
2026-08-07 15:09:27,962 ERROR   robot.realtime.motion_streamer [robot-motion-streamer] motion_streamer.py:136 | 关节指令下发失败：关节 1 指令加速度 3037°/s² 超过上限 720°/s²
2026-08-07 15:09:27,967 ERROR   robot.realtime.motion_streamer [robot-motion-streamer] motion_streamer.py:136 | 关节指令下发失败：关节 1 指令加速度 1475°/s² 超过上限 720°/s²
2026-08-07 15:09:27,972 ERROR   robot.realtime.motion_streamer [robot-motion-streamer] motion_streamer.py:136 | 关节指令下发失败：关节 1 指令加速度 912°/s² 超过上限 720°/s²
2026-08-07 15:09:27,982 ERROR   robot.realtime.motion_streamer [robot-motion-streamer] motion_streamer.py:136 | 关节指令下发失败：关节 1 指令加速度 1303°/s² 超过上限 720°/s²
2026-08-07 15:09:28,008 ERROR   robot.realtime.motion_streamer [robot-motion-streamer] motion_streamer.py:136 | 关节指令下发失败：关节 1 指令加速度 1769°/s² 超过上限 720°/s²
2026-08-07 15:09:28,034 ERROR   robot.realtime.motion_streamer [robot-motion-streamer] motion_streamer.py:136 | 关节指令下发失败：关节 1 指令速度 784.3°/s 超过上限 180.0°/s
2026-08-07 15:09:28,038 ERROR   robot.realtime.motion_streamer [robot-motion-streamer] motion_streamer.py:136 | 关节指令下发失败：关节 1 指令加速度 8923°/s² 超过上限 720°/s²
2026-08-07 15:09:28,042 ERROR   robot.realtime.motion_streamer [robot-motion-streamer] motion_streamer.py:136 | 关节指令下发失败：关节 1 指令加速度 2681°/s² 超过上限 720°/s²
2026-08-07 15:09:28,047 ERROR   robot.realtime.motion_streamer [robot-motion-streamer] motion_streamer.py:136 | 关节指令下发失败：关节 1 指令加速度 1292°/s² 超过上限 720°/s²
2026-08-07 15:09:28,059 ERROR   robot.realtime.motion_streamer [robot-motion-streamer] motion_streamer.py:136 | 关节指令下发失败：关节 1 指令加速度 1270°/s² 超过上限 720°/s²
2026-08-07 15:09:28,067 ERROR   robot.realtime.motion_streamer [robot-motion-streamer] motion_streamer.py:136 | 关节指令下发失败：关节 1 指令加速度 4920°/s² 超过上限 720°/s²
2026-08-07 15:09:28,088 ERROR   robot.realtime.motion_streamer [robot-motion-streamer] motion_streamer.py:136 | 关节指令下发失败：关节 1 指令加速度 2129°/s² 超过上限 720°/s²
2026-08-07 15:09:28,092 ERROR   robot.realtime.motion_streamer [robot-motion-streamer] motion_streamer.py:136 | 关节指令下发失败：关节 1 指令加速度 1051°/s² 超过上限 720°/s²
2026-08-07 15:09:28,261 ERROR   robot.realtime.motion_streamer [robot-motion-streamer] motion_streamer.py:136 | 关节指令下发失败：关节 1 指令加速度 1684°/s² 超过上限 720°/s²
2026-08-07 15:09:28,317 ERROR   robot.realtime.motion_streamer [robot-motion-streamer] motion_streamer.py:136 | 关节指令下发失败：关节 1 指令加速度 1632°/s² 超过上限 720°/s²
2026-08-07 15:09:28,412 ERROR   robot.realtime.motion_streamer [robot-motion-streamer] motion_streamer.py:136 | 关节指令下发失败：关节 1 指令加速度 3061°/s² 超过上限 720°/s²
2026-08-07 15:09:28,422 ERROR   robot.realtime.motion_streamer [robot-motion-streamer] motion_streamer.py:136 | 关节指令下发失败：关节 1 指令加速度 1563°/s² 超过上限 720°/s²
2026-08-07 15:09:28,468 ERROR   robot.realtime.motion_streamer [robot-motion-streamer] motion_streamer.py:136 | 关节指令下发失败：关节 1 指令加速度 897°/s² 超过上限 720°/s²
2026-08-07 15:09:28,477 ERROR   robot.realtime.motion_streamer [robot-motion-streamer] motion_streamer.py:136 | 关节指令下发失败：关节 1 指令加速度 1168°/s² 超过上限 720°/s²
2026-08-07 15:09:28,608 ERROR   robot.realtime.motion_streamer [robot-motion-streamer] motion_streamer.py:136 | 关节指令下发失败：关节 1 指令加速度 940°/s² 超过上限 720°/s²
2026-08-07 15:09:28,627 ERROR   robot.realtime.motion_streamer [robot-motion-streamer] motion_streamer.py:136 | 关节指令下发失败：关节 1 指令速度 1589.7°/s 超过上限 180.0°/s
2026-08-07 15:09:28,628 ERROR   robot.realtime.motion_streamer [robot-motion-streamer] motion_streamer.py:136 | 关节指令下发失败：关节 1 指令速度 504.4°/s 超过上限 180.0°/s
2026-08-07 15:09:28,632 ERROR   robot.realtime.motion_streamer [robot-motion-streamer] motion_streamer.py:136 | 关节指令下发失败：关节 1 指令加速度 9116°/s² 超过上限 720°/s²
2026-08-07 15:09:28,637 ERROR   robot.realtime.motion_streamer [robot-motion-streamer] motion_streamer.py:136 | 关节指令下发失败：关节 1 指令加速度 2629°/s² 超过上限 720°/s²
2026-08-07 15:09:28,642 ERROR   robot.realtime.motion_streamer [robot-motion-streamer] motion_streamer.py:136 | 关节指令下发失败：关节 1 指令加速度 1392°/s² 超过上限 720°/s²
2026-08-07 15:09:28,647 ERROR   robot.realtime.motion_streamer [robot-motion-streamer] motion_streamer.py:136 | 关节指令下发失败：关节 1 指令加速度 938°/s² 超过上限 720°/s²
2026-08-07 15:09:28,656 ERROR   robot.realtime.motion_streamer [robot-motion-streamer] motion_streamer.py:136 | 关节指令下发失败：关节 1 指令加速度 1405°/s² 超过上限 720°/s²
2026-08-07 15:09:28,738 ERROR   robot.realtime.motion_streamer [robot-motion-streamer] motion_streamer.py:136 | 关节指令下发失败：关节 1 指令加速度 2928°/s² 超过上限 720°/s²
2026-08-07 15:09:28,805 WARNING robot.realtime.clock [robot-continuous-jog] clock.py:103 | jog-joint 循环滞后 6.0 ms（超过一个控制周期 5.0 ms）
2026-08-07 15:09:28,818 WARNING robot.realtime.clock [robot-continuous-jog] clock.py:103 | jog-joint 循环滞后 13.6 ms（超过一个控制周期 5.0 ms）
2026-08-07 15:09:28,823 WARNING robot.realtime.clock [robot-continuous-jog] clock.py:103 | jog-joint 循环滞后 13.9 ms（超过一个控制周期 5.0 ms）
2026-08-07 15:09:28,824 ERROR   robot.realtime.motion_streamer [robot-motion-streamer] motion_streamer.py:136 | 关节指令下发失败：关节 1 指令加速度 1567°/s² 超过上限 720°/s²
2026-08-07 15:09:28,829 WARNING robot.realtime.clock [robot-continuous-jog] clock.py:103 | jog-joint 循环滞后 14.2 ms（超过一个控制周期 5.0 ms）
2026-08-07 15:09:28,832 WARNING robot.realtime.clock [robot-continuous-jog] clock.py:103 | jog-joint 循环滞后 12.9 ms（超过一个控制周期 5.0 ms）
2026-08-07 15:09:28,832 ERROR   robot.realtime.motion_streamer [robot-motion-streamer] motion_streamer.py:136 | 关节指令下发失败：关节 1 指令加速度 1572°/s² 超过上限 720°/s²
2026-08-07 15:09:28,836 WARNING robot.realtime.clock [robot-continuous-jog] clock.py:103 | jog-joint 循环滞后 11.8 ms（超过一个控制周期 5.0 ms）
2026-08-07 15:09:28,839 WARNING robot.realtime.clock [robot-continuous-jog] clock.py:103 | jog-joint 循环滞后 9.2 ms（超过一个控制周期 5.0 ms）
2026-08-07 15:09:28,839 ERROR   robot.realtime.motion_streamer [robot-motion-streamer] motion_streamer.py:136 | 关节指令下发失败：关节 1 指令加速度 5219°/s² 超过上限 720°/s²
2026-08-07 15:09:28,841 WARNING robot.realtime.clock [robot-continuous-jog] clock.py:103 | jog-joint 循环滞后 6.3 ms（超过一个控制周期 5.0 ms）
2026-08-07 15:09:28,841 ERROR   robot.realtime.motion_streamer [robot-motion-streamer] motion_streamer.py:136 | 关节指令下发失败：关节 1 指令加速度 3013°/s² 超过上限 720°/s²
2026-08-07 15:09:28,843 ERROR   robot.realtime.motion_streamer [robot-motion-streamer] motion_streamer.py:136 | 关节指令下发失败：关节 1 指令加速度 1810°/s² 超过上限 720°/s²
2026-08-07 15:09:28,844 ERROR   robot.realtime.motion_streamer [robot-motion-streamer] motion_streamer.py:136 | 关节指令下发失败：关节 1 指令加速度 2226°/s² 超过上限 720°/s²
2026-08-07 15:09:28,846 ERROR   robot.realtime.motion_streamer [robot-motion-streamer] motion_streamer.py:136 | 关节指令下发失败：关节 1 指令加速度 1981°/s² 超过上限 720°/s²
2026-08-07 15:09:28,856 ERROR   robot.realtime.motion_streamer [robot-motion-streamer] motion_streamer.py:136 | 关节指令下发失败：关节 1 指令加速度 3139°/s² 超过上限 720°/s²
2026-08-07 15:09:28,863 ERROR   robot.realtime.motion_streamer [robot-motion-streamer] motion_streamer.py:136 | 关节指令下发失败：关节 1 指令加速度 1504°/s² 超过上限 720°/s²
2026-08-07 15:09:28,866 ERROR   robot.realtime.motion_streamer [robot-motion-streamer] motion_streamer.py:136 | 关节指令下发失败：关节 1 指令加速度 1046°/s² 超过上限 720°/s²
2026-08-07 15:09:28,883 ERROR   robot.realtime.motion_streamer [robot-motion-streamer] motion_streamer.py:136 | 关节指令下发失败：关节 1 指令加速度 1400°/s² 超过上限 720°/s²
2026-08-07 15:09:28,906 ERROR   robot.realtime.motion_streamer [robot-motion-streamer] motion_streamer.py:136 | 关节指令下发失败：关节 1 指令加速度 3939°/s² 超过上限 720°/s²
2026-08-07 15:09:28,911 ERROR   robot.realtime.motion_streamer [robot-motion-streamer] motion_streamer.py:136 | 关节指令下发失败：关节 1 指令加速度 932°/s² 超过上限 720°/s²
2026-08-07 15:09:28,944 ERROR   robot.realtime.motion_streamer [robot-motion-streamer] motion_streamer.py:136 | 关节指令下发失败：关节 1 指令加速度 1031°/s² 超过上限 720°/s²
2026-08-07 15:09:28,959 ERROR   robot.realtime.motion_streamer [robot-motion-streamer] motion_streamer.py:136 | 关节指令下发失败：关节 1 指令加速度 941°/s² 超过上限 720°/s²
2026-08-07 15:09:28,963 ERROR   robot.realtime.motion_streamer [robot-motion-streamer] motion_streamer.py:136 | 关节指令下发失败：关节 1 指令速度 1077.3°/s 超过上限 180.0°/s
2026-08-07 15:09:28,967 ERROR   robot.realtime.motion_streamer [robot-motion-streamer] motion_streamer.py:136 | 关节指令下发失败：关节 1 指令加速度 7668°/s² 超过上限 720°/s²
2026-08-07 15:09:28,972 ERROR   robot.realtime.motion_streamer [robot-motion-streamer] motion_streamer.py:136 | 关节指令下发失败：关节 1 指令加速度 1792°/s² 超过上限 720°/s²
2026-08-07 15:09:28,976 ERROR   robot.realtime.motion_streamer [robot-motion-streamer] motion_streamer.py:136 | 关节指令下发失败：关节 1 指令加速度 944°/s² 超过上限 720°/s²
2026-08-07 15:09:28,986 ERROR   robot.realtime.motion_streamer [robot-motion-streamer] motion_streamer.py:136 | 关节指令下发失败：关节 1 指令加速度 1275°/s² 超过上限 720°/s²
2026-08-07 15:09:29,017 ERROR   robot.realtime.motion_streamer [robot-motion-streamer] motion_streamer.py:136 | 关节指令下发失败：关节 1 指令加速度 872°/s² 超过上限 720°/s²
2026-08-07 15:09:29,086 ERROR   robot.realtime.motion_streamer [robot-motion-streamer] motion_streamer.py:136 | 关节指令下发失败：关节 1 指令加速度 2127°/s² 超过上限 720°/s²
2026-08-07 15:09:29,087 ERROR   robot.realtime.motion_streamer [robot-motion-streamer] motion_streamer.py:136 | 关节指令下发失败：关节 1 指令加速度 6427°/s² 超过上限 720°/s²
2026-08-07 15:09:29,092 ERROR   robot.realtime.motion_streamer [robot-motion-streamer] motion_streamer.py:136 | 关节指令下发失败：关节 1 指令加速度 1226°/s² 超过上限 720°/s²
2026-08-07 15:09:29,164 ERROR   robot.realtime.motion_streamer [robot-motion-streamer] motion_streamer.py:136 | 关节指令下发失败：关节 1 指令速度 609.1°/s 超过上限 180.0°/s
2026-08-07 15:09:29,168 ERROR   robot.realtime.motion_streamer [robot-motion-streamer] motion_streamer.py:136 | 关节指令下发失败：关节 1 指令加速度 8309°/s² 超过上限 720°/s²
2026-08-07 15:09:29,172 ERROR   robot.realtime.motion_streamer [robot-motion-streamer] motion_streamer.py:136 | 关节指令下发失败：关节 1 指令加速度 2537°/s² 超过上限 720°/s²
2026-08-07 15:09:29,177 ERROR   robot.realtime.motion_streamer [robot-motion-streamer] motion_streamer.py:136 | 关节指令下发失败：关节 1 指令加速度 1159°/s² 超过上限 720°/s²
2026-08-07 15:09:29,187 ERROR   robot.realtime.motion_streamer [robot-motion-streamer] motion_streamer.py:136 | 关节指令下发失败：关节 1 指令加速度 1222°/s² 超过上限 720°/s²
2026-08-07 15:09:29,222 ERROR   robot.realtime.motion_streamer [robot-motion-streamer] motion_streamer.py:136 | 关节指令下发失败：关节 1 指令加速度 890°/s² 超过上限 720°/s²
2026-08-07 15:09:29,228 ERROR   robot.realtime.motion_streamer [robot-motion-streamer] motion_streamer.py:136 | 关节指令下发失败：关节 1 指令加速度 14358°/s² 超过上限 720°/s²
2026-08-07 15:09:29,231 ERROR   robot.realtime.motion_streamer [robot-motion-streamer] motion_streamer.py:136 | 关节指令下发失败：关节 1 指令加速度 4135°/s² 超过上限 720°/s²
2026-08-07 15:09:29,236 ERROR   robot.realtime.motion_streamer [robot-motion-streamer] motion_streamer.py:136 | 关节指令下发失败：关节 1 指令加速度 876°/s² 超过上限 720°/s²
2026-08-07 15:09:29,252 ERROR   robot.realtime.motion_streamer [robot-motion-streamer] motion_streamer.py:136 | 关节指令下发失败：关节 1 指令加速度 1024°/s² 超过上限 720°/s²
2026-08-07 15:09:29,277 ERROR   robot.realtime.motion_streamer [robot-motion-streamer] motion_streamer.py:136 | 关节指令下发失败：关节 1 指令加速度 1068°/s² 超过上限 720°/s²
2026-08-07 15:09:29,393 ERROR   robot.realtime.motion_streamer [robot-motion-streamer] motion_streamer.py:136 | 关节指令下发失败：关节 1 指令加速度 943°/s² 超过上限 720°/s²
2026-08-07 15:09:29,519 ERROR   robot.realtime.motion_streamer [robot-motion-streamer] motion_streamer.py:136 | 关节指令下发失败：关节 1 指令速度 456.8°/s 超过上限 180.0°/s
2026-08-07 15:09:29,522 ERROR   robot.realtime.motion_streamer [robot-motion-streamer] motion_streamer.py:136 | 关节指令下发失败：关节 1 指令加速度 22355°/s² 超过上限 720°/s²
2026-08-07 15:09:29,527 ERROR   robot.realtime.motion_streamer [robot-motion-streamer] motion_streamer.py:136 | 关节指令下发失败：关节 1 指令加速度 2568°/s² 超过上限 720°/s²
2026-08-07 15:09:29,532 ERROR   robot.realtime.motion_streamer [robot-motion-streamer] motion_streamer.py:136 | 关节指令下发失败：关节 1 指令加速度 1319°/s² 超过上限 720°/s²
2026-08-07 15:09:29,542 ERROR   robot.realtime.motion_streamer [robot-motion-streamer] motion_streamer.py:136 | 关节指令下发失败：关节 1 指令加速度 1135°/s² 超过上限 720°/s²
2026-08-07 15:09:29,606 ERROR   robot.realtime.motion_streamer [robot-motion-streamer] motion_streamer.py:136 | 关节指令下发失败：关节 1 指令速度 1260.6°/s 超过上限 180.0°/s
2026-08-07 15:09:29,606 ERROR   robot.realtime.motion_streamer [robot-motion-streamer] motion_streamer.py:136 | 关节指令下发失败：关节 1 指令速度 387.3°/s 超过上限 180.0°/s
2026-08-07 15:09:29,607 ERROR   robot.realtime.motion_streamer [robot-motion-streamer] motion_streamer.py:136 | 关节指令下发失败：关节 1 指令速度 377.4°/s 超过上限 180.0°/s
2026-08-07 15:09:29,614 ERROR   robot.realtime.motion_streamer [robot-motion-streamer] motion_streamer.py:136 | 关节指令下发失败：关节 1 指令加速度 4302°/s² 超过上限 720°/s²
2026-08-07 15:09:29,618 ERROR   robot.realtime.motion_streamer [robot-motion-streamer] motion_streamer.py:136 | 关节指令下发失败：关节 1 指令加速度 2493°/s² 超过上限 720°/s²
2026-08-07 15:09:29,622 ERROR   robot.realtime.motion_streamer [robot-motion-streamer] motion_streamer.py:136 | 关节指令下发失败：关节 1 指令加速度 1525°/s² 超过上限 720°/s²
2026-08-07 15:09:29,627 ERROR   robot.realtime.motion_streamer [robot-motion-streamer] motion_streamer.py:136 | 关节指令下发失败：关节 1 指令加速度 974°/s² 超过上限 720°/s²
2026-08-07 15:09:29,637 ERROR   robot.realtime.motion_streamer [robot-motion-streamer] motion_streamer.py:136 | 关节指令下发失败：关节 1 指令加速度 1539°/s² 超过上限 720°/s²
2026-08-07 15:09:29,656 ERROR   robot.realtime.motion_streamer [robot-motion-streamer] motion_streamer.py:136 | 关节指令下发失败：关节 1 指令加速度 967°/s² 超过上限 720°/s²
2026-08-07 15:09:29,664 ERROR   robot.realtime.motion_streamer [robot-motion-streamer] motion_streamer.py:136 | 关节指令下发失败：关节 1 指令速度 460.8°/s 超过上限 180.0°/s
2026-08-07 15:09:29,664 ERROR   robot.realtime.motion_streamer [robot-motion-streamer] motion_streamer.py:136 | 关节指令下发失败：关节 1 指令速度 281.9°/s 超过上限 180.0°/s
2026-08-07 15:09:29,668 ERROR   robot.realtime.motion_streamer [robot-motion-streamer] motion_streamer.py:136 | 关节指令下发失败：关节 1 指令加速度 10211°/s² 超过上限 720°/s²
2026-08-07 15:09:29,673 ERROR   robot.realtime.motion_streamer [robot-motion-streamer] motion_streamer.py:136 | 关节指令下发失败：关节 1 指令加速度 2190°/s² 超过上限 720°/s²
2026-08-07 15:09:29,677 ERROR   robot.realtime.motion_streamer [robot-motion-streamer] motion_streamer.py:136 | 关节指令下发失败：关节 1 指令加速度 1336°/s² 超过上限 720°/s²
2026-08-07 15:09:29,687 ERROR   robot.realtime.motion_streamer [robot-motion-streamer] motion_streamer.py:136 | 关节指令下发失败：关节 1 指令加速度 1980°/s² 超过上限 720°/s²
2026-08-07 15:09:29,694 ERROR   robot.realtime.motion_streamer [robot-motion-streamer] motion_streamer.py:136 | 关节指令下发失败：关节 1 指令加速度 1030°/s² 超过上限 720°/s²
2026-08-07 15:09:29,707 ERROR   robot.realtime.motion_streamer [robot-motion-streamer] motion_streamer.py:136 | 关节指令下发失败：关节 1 指令加速度 3809°/s² 超过上限 720°/s²
2026-08-07 15:09:29,709 ERROR   robot.realtime.motion_streamer [robot-motion-streamer] motion_streamer.py:136 | 关节指令下发失败：关节 1 指令加速度 2749°/s² 超过上限 720°/s²
2026-08-07 15:09:29,711 ERROR   robot.realtime.motion_streamer [robot-motion-streamer] motion_streamer.py:136 | 关节指令下发失败：关节 1 指令加速度 2290°/s² 超过上限 720°/s²
2026-08-07 15:09:29,717 ERROR   robot.realtime.motion_streamer [robot-motion-streamer] motion_streamer.py:136 | 关节指令下发失败：关节 1 指令加速度 894°/s² 超过上限 720°/s²
2026-08-07 15:09:29,727 ERROR   robot.realtime.motion_streamer [robot-motion-streamer] motion_streamer.py:136 | 关节指令下发失败：关节 1 指令加速度 1200°/s² 超过上限 720°/s²
2026-08-07 15:09:29,741 ERROR   robot.realtime.motion_streamer [robot-motion-streamer] motion_streamer.py:136 | 关节指令下发失败：关节 1 指令加速度 1855°/s² 超过上限 720°/s²
2026-08-07 15:09:29,764 ERROR   robot.realtime.motion_streamer [robot-motion-streamer] motion_streamer.py:136 | 关节指令下发失败：关节 1 指令速度 650.6°/s 超过上限 180.0°/s
2026-08-07 15:09:29,767 ERROR   robot.realtime.motion_streamer [robot-motion-streamer] motion_streamer.py:136 | 关节指令下发失败：关节 1 指令加速度 13156°/s² 超过上限 720°/s²
2026-08-07 15:09:29,772 ERROR   robot.realtime.motion_streamer [robot-motion-streamer] motion_streamer.py:136 | 关节指令下发失败：关节 1 指令加速度 2579°/s² 超过上限 720°/s²
2026-08-07 15:09:29,777 ERROR   robot.realtime.motion_streamer [robot-motion-streamer] motion_streamer.py:136 | 关节指令下发失败：关节 1 指令加速度 1151°/s² 超过上限 720°/s²
2026-08-07 15:09:29,787 ERROR   robot.realtime.motion_streamer [robot-motion-streamer] motion_streamer.py:136 | 关节指令下发失败：关节 1 指令加速度 1195°/s² 超过上限 720°/s²
2026-08-07 15:09:29,813 ERROR   robot.realtime.motion_streamer [robot-motion-streamer] motion_streamer.py:136 | 关节指令下发失败：关节 1 指令加速度 1223°/s² 超过上限 720°/s²
2026-08-07 15:09:29,836 WARNING robot.realtime.clock [robot-continuous-jog] clock.py:103 | jog-joint 循环滞后 6.8 ms（超过一个控制周期 5.0 ms）
2026-08-07 15:09:29,845 WARNING robot.realtime.clock [robot-continuous-jog] clock.py:103 | jog-joint 循环滞后 10.5 ms（超过一个控制周期 5.0 ms）
2026-08-07 15:09:29,849 WARNING robot.realtime.clock [robot-continuous-jog] clock.py:103 | jog-joint 循环滞后 9.5 ms（超过一个控制周期 5.0 ms）
2026-08-07 15:09:29,849 ERROR   robot.realtime.motion_streamer [robot-motion-streamer] motion_streamer.py:136 | 关节指令下发失败：关节 1 指令加速度 2471°/s² 超过上限 720°/s²
2026-08-07 15:09:29,852 WARNING robot.realtime.clock [robot-continuous-jog] clock.py:103 | jog-joint 循环滞后 7.4 ms（超过一个控制周期 5.0 ms）
2026-08-07 15:09:29,852 ERROR   robot.realtime.motion_streamer [robot-motion-streamer] motion_streamer.py:136 | 关节指令下发失败：关节 1 指令加速度 1880°/s² 超过上限 720°/s²
2026-08-07 15:09:29,854 ERROR   robot.realtime.motion_streamer [robot-motion-streamer] motion_streamer.py:136 | 关节指令下发失败：关节 1 指令加速度 1613°/s² 超过上限 720°/s²
2026-08-07 15:09:29,858 ERROR   robot.realtime.motion_streamer [robot-motion-streamer] motion_streamer.py:136 | 关节指令下发失败：关节 1 指令加速度 1033°/s² 超过上限 720°/s²
2026-08-07 15:09:29,873 ERROR   robot.realtime.motion_streamer [robot-motion-streamer] motion_streamer.py:136 | 关节指令下发失败：关节 1 指令速度 817.5°/s 超过上限 180.0°/s
2026-08-07 15:09:29,879 ERROR   robot.realtime.motion_streamer [robot-motion-streamer] motion_streamer.py:136 | 关节指令下发失败：关节 1 指令加速度 2551°/s² 超过上限 720°/s²
2026-08-07 15:09:29,894 ERROR   robot.realtime.motion_streamer [robot-motion-streamer] motion_streamer.py:136 | 关节指令下发失败：关节 1 指令加速度 1357°/s² 超过上限 720°/s²
2026-08-07 15:09:29,902 ERROR   robot.realtime.motion_streamer [robot-motion-streamer] motion_streamer.py:136 | 关节指令下发失败：关节 1 指令加速度 7560°/s² 超过上限 720°/s²
2026-08-07 15:09:29,906 ERROR   robot.realtime.motion_streamer [robot-motion-streamer] motion_streamer.py:136 | 关节指令下发失败：关节 1 指令加速度 1786°/s² 超过上限 720°/s²
2026-08-07 15:09:29,916 ERROR   robot.realtime.motion_streamer [robot-motion-streamer] motion_streamer.py:136 | 关节指令下发失败：关节 1 指令加速度 895°/s² 超过上限 720°/s²
2026-08-07 15:09:29,947 ERROR   robot.realtime.motion_streamer [robot-motion-streamer] motion_streamer.py:136 | 关节指令下发失败：关节 1 指令加速度 1402°/s² 超过上限 720°/s²
2026-08-07 15:09:30,026 ERROR   robot.realtime.motion_streamer [robot-motion-streamer] motion_streamer.py:136 | 关节指令下发失败：关节 1 指令加速度 8059°/s² 超过上限 720°/s²
2026-08-07 15:09:30,032 ERROR   robot.realtime.motion_streamer [robot-motion-streamer] motion_streamer.py:136 | 关节指令下发失败：关节 1 指令加速度 1076°/s² 超过上限 720°/s²
2026-08-07 15:09:30,047 ERROR   robot.realtime.motion_streamer [robot-motion-streamer] motion_streamer.py:136 | 关节指令下发失败：关节 1 指令加速度 1099°/s² 超过上限 720°/s²
2026-08-07 15:09:30,078 ERROR   robot.realtime.motion_streamer [robot-motion-streamer] motion_streamer.py:136 | 关节指令下发失败：关节 1 指令速度 3033.9°/s 超过上限 180.0°/s
2026-08-07 15:09:30,085 ERROR   robot.realtime.motion_streamer [robot-motion-streamer] motion_streamer.py:136 | 关节指令下发失败：关节 1 指令加速度 1305°/s² 超过上限 720°/s²
2026-08-07 15:09:30,087 ERROR   robot.realtime.motion_streamer [robot-motion-streamer] motion_streamer.py:136 | 关节指令下发失败：关节 1 指令加速度 1580°/s² 超过上限 720°/s²
2026-08-07 15:09:30,097 ERROR   robot.realtime.motion_streamer [robot-motion-streamer] motion_streamer.py:136 | 关节指令下发失败：关节 1 指令加速度 1640°/s² 超过上限 720°/s²
2026-08-07 15:09:30,110 WARNING robot.realtime.clock [robot-continuous-jog] clock.py:103 | jog-joint 循环滞后 5.9 ms（超过一个控制周期 5.0 ms）
2026-08-07 15:09:30,116 WARNING robot.realtime.clock [robot-continuous-jog] clock.py:103 | jog-joint 循环滞后 6.7 ms（超过一个控制周期 5.0 ms）
2026-08-07 15:09:30,122 WARNING robot.realtime.clock [robot-continuous-jog] clock.py:103 | jog-joint 循环滞后 7.6 ms（超过一个控制周期 5.0 ms）
2026-08-07 15:09:30,132 WARNING robot.realtime.clock [robot-continuous-jog] clock.py:103 | jog-joint 循环滞后 12.5 ms（超过一个控制周期 5.0 ms）
2026-08-07 15:09:30,137 WARNING robot.realtime.clock [robot-continuous-jog] clock.py:103 | jog-joint 循环滞后 12.9 ms（超过一个控制周期 5.0 ms）
2026-08-07 15:09:30,138 ERROR   robot.realtime.motion_streamer [robot-motion-streamer] motion_streamer.py:136 | 关节指令下发失败：关节 1 指令加速度 1013°/s² 超过上限 720°/s²
2026-08-07 15:09:30,142 WARNING robot.realtime.clock [robot-continuous-jog] clock.py:103 | jog-joint 循环滞后 12.3 ms（超过一个控制周期 5.0 ms）
2026-08-07 15:09:30,146 WARNING robot.realtime.clock [robot-continuous-jog] clock.py:103 | jog-joint 循环滞后 11.6 ms（超过一个控制周期 5.0 ms）
2026-08-07 15:09:30,152 WARNING robot.realtime.clock [robot-continuous-jog] clock.py:103 | jog-joint 循环滞后 12.3 ms（超过一个控制周期 5.0 ms）
2026-08-07 15:09:30,155 WARNING robot.realtime.clock [robot-continuous-jog] clock.py:103 | jog-joint 循环滞后 10.4 ms（超过一个控制周期 5.0 ms）
2026-08-07 15:09:30,155 ERROR   robot.realtime.motion_streamer [robot-motion-streamer] motion_streamer.py:136 | 关节指令下发失败：关节 1 指令加速度 3188°/s² 超过上限 720°/s²
2026-08-07 15:09:30,157 WARNING robot.realtime.clock [robot-continuous-jog] clock.py:103 | jog-joint 循环滞后 8.0 ms（超过一个控制周期 5.0 ms）
2026-08-07 15:09:30,158 ERROR   robot.realtime.motion_streamer [robot-motion-streamer] motion_streamer.py:136 | 关节指令下发失败：关节 1 指令加速度 1963°/s² 超过上限 720°/s²
2026-08-07 15:09:30,160 WARNING robot.realtime.clock [robot-continuous-jog] clock.py:103 | jog-joint 循环滞后 5.3 ms（超过一个控制周期 5.0 ms）
2026-08-07 15:09:30,160 ERROR   robot.realtime.motion_streamer [robot-motion-streamer] motion_streamer.py:136 | 关节指令下发失败：关节 1 指令加速度 1831°/s² 超过上限 720°/s²
2026-08-07 15:09:30,163 ERROR   robot.realtime.motion_streamer [robot-motion-streamer] motion_streamer.py:136 | 关节指令下发失败：关节 1 指令加速度 1185°/s² 超过上限 720°/s²
2026-08-07 15:09:30,163 ERROR   robot.realtime.motion_streamer [robot-motion-streamer] motion_streamer.py:136 | 关节指令下发失败：关节 1 指令加速度 1720°/s² 超过上限 720°/s²
2026-08-07 15:09:30,166 ERROR   robot.realtime.motion_streamer [robot-motion-streamer] motion_streamer.py:136 | 关节指令下发失败：关节 1 指令加速度 1297°/s² 超过上限 720°/s²
2026-08-07 15:09:30,176 ERROR   robot.realtime.motion_streamer [robot-motion-streamer] motion_streamer.py:136 | 关节指令下发失败：关节 1 指令加速度 2481°/s² 超过上限 720°/s²
2026-08-07 15:09:30,181 ERROR   robot.realtime.motion_streamer [robot-motion-streamer] motion_streamer.py:136 | 关节指令下发失败：关节 1 指令加速度 1237°/s² 超过上限 720°/s²
2026-08-07 15:09:30,324 ERROR   robot.realtime.motion_streamer [robot-motion-streamer] motion_streamer.py:136 | 关节指令下发失败：关节 1 指令速度 978.9°/s 超过上限 180.0°/s
2026-08-07 15:09:30,328 ERROR   robot.realtime.motion_streamer [robot-motion-streamer] motion_streamer.py:136 | 关节指令下发失败：关节 1 指令加速度 5301°/s² 超过上限 720°/s²
2026-08-07 15:09:30,332 ERROR   robot.realtime.motion_streamer [robot-motion-streamer] motion_streamer.py:136 | 关节指令下发失败：关节 1 指令加速度 2399°/s² 超过上限 720°/s²
2026-08-07 15:09:30,338 ERROR   robot.realtime.motion_streamer [robot-motion-streamer] motion_streamer.py:136 | 关节指令下发失败：关节 1 指令加速度 1028°/s² 超过上限 720°/s²
2026-08-07 15:09:30,347 ERROR   robot.realtime.motion_streamer [robot-motion-streamer] motion_streamer.py:136 | 关节指令下发失败：关节 1 指令加速度 1316°/s² 超过上限 720°/s²
2026-08-07 15:09:30,363 ERROR   robot.realtime.motion_streamer [robot-motion-streamer] motion_streamer.py:136 | 关节指令下发失败：关节 1 指令加速度 1901°/s² 超过上限 720°/s²
2026-08-07 15:09:30,372 ERROR   robot.realtime.motion_streamer [robot-motion-streamer] motion_streamer.py:136 | 关节指令下发失败：关节 1 指令加速度 887°/s² 超过上限 720°/s²
2026-08-07 15:09:30,428 ERROR   robot.realtime.motion_streamer [robot-motion-streamer] motion_streamer.py:136 | 关节指令下发失败：关节 1 指令加速度 1465°/s² 超过上限 720°/s²
2026-08-07 15:09:30,453 ERROR   robot.realtime.motion_streamer [robot-motion-streamer] motion_streamer.py:136 | 关节指令下发失败：关节 1 指令加速度 867°/s² 超过上限 720°/s²
2026-08-07 15:09:30,463 ERROR   robot.realtime.motion_streamer [robot-motion-streamer] motion_streamer.py:136 | 关节指令下发失败：关节 1 指令加速度 1304°/s² 超过上限 720°/s²
2026-08-07 15:09:30,504 ERROR   robot.realtime.motion_streamer [robot-motion-streamer] motion_streamer.py:136 | 关节指令下发失败：关节 1 指令速度 502.0°/s 超过上限 180.0°/s
2026-08-07 15:09:30,514 ERROR   robot.realtime.motion_streamer [robot-motion-streamer] motion_streamer.py:136 | 关节指令下发失败：关节 1 指令速度 528.5°/s 超过上限 180.0°/s
2026-08-07 15:09:30,519 ERROR   robot.realtime.motion_streamer [robot-motion-streamer] motion_streamer.py:136 | 关节指令下发失败：关节 1 指令加速度 3981°/s² 超过上限 720°/s²
2026-08-07 15:09:30,522 ERROR   robot.realtime.motion_streamer [robot-motion-streamer] motion_streamer.py:136 | 关节指令下发失败：关节 1 指令加速度 1684°/s² 超过上限 720°/s²
2026-08-07 15:09:30,533 ERROR   robot.realtime.motion_streamer [robot-motion-streamer] motion_streamer.py:136 | 关节指令下发失败：关节 1 指令加速度 1806°/s² 超过上限 720°/s²
2026-08-07 15:09:30,557 ERROR   robot.realtime.motion_streamer [robot-motion-streamer] motion_streamer.py:136 | 关节指令下发失败：关节 1 指令加速度 1746°/s² 超过上限 720°/s²
2026-08-07 15:09:30,579 ERROR   robot.realtime.motion_streamer [robot-motion-streamer] motion_streamer.py:136 | 关节指令下发失败：关节 1 指令加速度 1420°/s² 超过上限 720°/s²
2026-08-07 15:09:30,591 ERROR   robot.realtime.motion_streamer [robot-motion-streamer] motion_streamer.py:136 | 关节指令下发失败：关节 1 指令加速度 7844°/s² 超过上限 720°/s²
2026-08-07 15:09:30,603 ERROR   robot.realtime.motion_streamer [robot-motion-streamer] motion_streamer.py:136 | 关节指令下发失败：关节 1 指令加速度 1191°/s² 超过上限 720°/s²
2026-08-07 15:09:30,661 ERROR   robot.realtime.motion_streamer [robot-motion-streamer] motion_streamer.py:136 | 关节指令下发失败：关节 1 指令加速度 1307°/s² 超过上限 720°/s²
2026-08-07 15:09:30,723 ERROR   robot.realtime.motion_streamer [robot-motion-streamer] motion_streamer.py:136 | 关节指令下发失败：关节 1 指令加速度 13916°/s² 超过上限 720°/s²
2026-08-07 15:09:30,727 ERROR   robot.realtime.motion_streamer [robot-motion-streamer] motion_streamer.py:136 | 关节指令下发失败：关节 1 指令加速度 2199°/s² 超过上限 720°/s²
2026-08-07 15:09:30,732 ERROR   robot.realtime.motion_streamer [robot-motion-streamer] motion_streamer.py:136 | 关节指令下发失败：关节 1 指令加速度 911°/s² 超过上限 720°/s²
2026-08-07 15:09:30,742 ERROR   robot.realtime.motion_streamer [robot-motion-streamer] motion_streamer.py:136 | 关节指令下发失败：关节 1 指令加速度 1085°/s² 超过上限 720°/s²
2026-08-07 15:09:30,882 ERROR   robot.realtime.motion_streamer [robot-motion-streamer] motion_streamer.py:136 | 关节指令下发失败：关节 1 指令加速度 2370°/s² 超过上限 720°/s²
2026-08-07 15:09:30,981 ERROR   robot.realtime.motion_streamer [robot-motion-streamer] motion_streamer.py:136 | 关节指令下发失败：关节 1 指令加速度 1288°/s² 超过上限 720°/s²
2026-08-07 15:09:31,027 ERROR   robot.realtime.motion_streamer [robot-motion-streamer] motion_streamer.py:136 | 关节指令下发失败：关节 1 指令速度 945.7°/s 超过上限 180.0°/s
2026-08-07 15:09:31,028 ERROR   robot.realtime.motion_streamer [robot-motion-streamer] motion_streamer.py:136 | 关节指令下发失败：关节 1 指令速度 475.3°/s 超过上限 180.0°/s
2026-08-07 15:09:31,032 ERROR   robot.realtime.motion_streamer [robot-motion-streamer] motion_streamer.py:136 | 关节指令下发失败：关节 1 指令加速度 9968°/s² 超过上限 720°/s²
2026-08-07 15:09:31,037 ERROR   robot.realtime.motion_streamer [robot-motion-streamer] motion_streamer.py:136 | 关节指令下发失败：关节 1 指令加速度 2833°/s² 超过上限 720°/s²
2026-08-07 15:09:31,042 ERROR   robot.realtime.motion_streamer [robot-motion-streamer] motion_streamer.py:136 | 关节指令下发失败：关节 1 指令加速度 1404°/s² 超过上限 720°/s²
2026-08-07 15:09:31,047 ERROR   robot.realtime.motion_streamer [robot-motion-streamer] motion_streamer.py:136 | 关节指令下发失败：关节 1 指令加速度 900°/s² 超过上限 720°/s²
2026-08-07 15:09:31,057 ERROR   robot.realtime.motion_streamer [robot-motion-streamer] motion_streamer.py:136 | 关节指令下发失败：关节 1 指令加速度 1297°/s² 超过上限 720°/s²
2026-08-07 15:09:31,141 ERROR   robot.realtime.motion_streamer [robot-motion-streamer] motion_streamer.py:136 | 关节指令下发失败：关节 1 指令加速度 1078°/s² 超过上限 720°/s²
2026-08-07 15:09:31,167 ERROR   robot.realtime.motion_streamer [robot-motion-streamer] motion_streamer.py:136 | 关节指令下发失败：关节 1 指令加速度 2079°/s² 超过上限 720°/s²
2026-08-07 15:09:31,253 ERROR   robot.realtime.motion_streamer [robot-motion-streamer] motion_streamer.py:136 | 关节指令下发失败：关节 1 指令加速度 915°/s² 超过上限 720°/s²
2026-08-07 15:09:31,272 ERROR   robot.realtime.motion_streamer [robot-motion-streamer] motion_streamer.py:136 | 关节指令下发失败：关节 1 指令加速度 905°/s² 超过上限 720°/s²
2026-08-07 15:09:31,326 ERROR   robot.realtime.motion_streamer [robot-motion-streamer] motion_streamer.py:136 | 关节指令下发失败：关节 1 指令加速度 1260°/s² 超过上限 720°/s²
2026-08-07 15:09:31,347 ERROR   robot.realtime.motion_streamer [robot-motion-streamer] motion_streamer.py:136 | 关节指令下发失败：关节 1 指令加速度 1775°/s² 超过上限 720°/s²
2026-08-07 15:09:31,367 ERROR   robot.realtime.motion_streamer [robot-motion-streamer] motion_streamer.py:136 | 关节指令下发失败：关节 1 指令加速度 1050°/s² 超过上限 720°/s²
2026-08-07 15:09:31,413 ERROR   robot.realtime.motion_streamer [robot-motion-streamer] motion_streamer.py:136 | 关节指令下发失败：关节 1 指令速度 954.3°/s 超过上限 180.0°/s
2026-08-07 15:09:31,417 ERROR   robot.realtime.motion_streamer [robot-motion-streamer] motion_streamer.py:136 | 关节指令下发失败：关节 1 指令加速度 6772°/s² 超过上限 720°/s²
2026-08-07 15:09:31,422 ERROR   robot.realtime.motion_streamer [robot-motion-streamer] motion_streamer.py:136 | 关节指令下发失败：关节 1 指令加速度 1898°/s² 超过上限 720°/s²
2026-08-07 15:09:31,427 ERROR   robot.realtime.motion_streamer [robot-motion-streamer] motion_streamer.py:136 | 关节指令下发失败：关节 1 指令加速度 961°/s² 超过上限 720°/s²
2026-08-07 15:09:31,436 ERROR   robot.realtime.motion_streamer [robot-motion-streamer] motion_streamer.py:136 | 关节指令下发失败：关节 1 指令加速度 985°/s² 超过上限 720°/s²
2026-08-07 15:09:31,462 ERROR   robot.realtime.motion_streamer [robot-motion-streamer] motion_streamer.py:136 | 关节指令下发失败：关节 1 指令加速度 1329°/s² 超过上限 720°/s²
2026-08-07 15:09:31,546 ERROR   robot.realtime.motion_streamer [robot-motion-streamer] motion_streamer.py:136 | 关节指令下发失败：关节 1 指令加速度 4540°/s² 超过上限 720°/s²
2026-08-07 15:09:31,613 ERROR   robot.realtime.motion_streamer [robot-motion-streamer] motion_streamer.py:136 | 关节指令下发失败：关节 1 指令加速度 1230°/s² 超过上限 720°/s²
2026-08-07 15:09:31,631 WARNING robot.realtime.clock [robot-continuous-jog] clock.py:103 | jog-joint 循环滞后 6.8 ms（超过一个控制周期 5.0 ms）
2026-08-07 15:09:31,641 WARNING robot.realtime.clock [robot-continuous-jog] clock.py:103 | jog-joint 循环滞后 11.7 ms（超过一个控制周期 5.0 ms）
2026-08-07 15:09:31,647 WARNING robot.realtime.clock [robot-continuous-jog] clock.py:103 | jog-joint 循环滞后 12.3 ms（超过一个控制周期 5.0 ms）
2026-08-07 15:09:31,647 ERROR   robot.realtime.motion_streamer [robot-motion-streamer] motion_streamer.py:136 | 关节指令下发失败：关节 1 指令加速度 949°/s² 超过上限 720°/s²
2026-08-07 15:09:31,651 WARNING robot.realtime.clock [robot-continuous-jog] clock.py:103 | jog-joint 循环滞后 11.7 ms（超过一个控制周期 5.0 ms）
2026-08-07 15:09:31,657 WARNING robot.realtime.clock [robot-continuous-jog] clock.py:103 | jog-joint 循环滞后 12.9 ms（超过一个控制周期 5.0 ms）
2026-08-07 15:09:31,661 WARNING robot.realtime.clock [robot-continuous-jog] clock.py:103 | jog-joint 循环滞后 12.0 ms（超过一个控制周期 5.0 ms）
2026-08-07 15:09:31,662 ERROR   robot.realtime.motion_streamer [robot-motion-streamer] motion_streamer.py:136 | 关节指令下发失败：关节 1 指令加速度 993°/s² 超过上限 720°/s²
2026-08-07 15:09:31,666 WARNING robot.realtime.clock [robot-continuous-jog] clock.py:103 | jog-joint 循环滞后 11.9 ms（超过一个控制周期 5.0 ms）
2026-08-07 15:09:31,673 WARNING robot.realtime.clock [robot-continuous-jog] clock.py:103 | jog-joint 循环滞后 13.7 ms（超过一个控制周期 5.0 ms）
2026-08-07 15:09:31,679 WARNING robot.realtime.clock [robot-continuous-jog] clock.py:103 | jog-joint 循环滞后 14.6 ms（超过一个控制周期 5.0 ms）
2026-08-07 15:09:31,682 WARNING robot.realtime.clock [robot-continuous-jog] clock.py:103 | jog-joint 循环滞后 12.8 ms（超过一个控制周期 5.0 ms）
2026-08-07 15:09:31,682 ERROR   robot.realtime.motion_streamer [robot-motion-streamer] motion_streamer.py:136 | 关节指令下发失败：关节 1 指令加速度 17445°/s² 超过上限 720°/s²
2026-08-07 15:09:31,685 WARNING robot.realtime.clock [robot-continuous-jog] clock.py:103 | jog-joint 循环滞后 10.9 ms（超过一个控制周期 5.0 ms）
2026-08-07 15:09:31,686 ERROR   robot.realtime.motion_streamer [robot-motion-streamer] motion_streamer.py:136 | 关节指令下发失败：关节 1 指令加速度 3620°/s² 超过上限 720°/s²
2026-08-07 15:09:31,689 WARNING robot.realtime.clock [robot-continuous-jog] clock.py:103 | jog-joint 循环滞后 9.2 ms（超过一个控制周期 5.0 ms）
2026-08-07 15:09:31,689 ERROR   robot.realtime.motion_streamer [robot-motion-streamer] motion_streamer.py:136 | 关节指令下发失败：关节 1 指令加速度 1958°/s² 超过上限 720°/s²
2026-08-07 15:09:31,692 WARNING robot.realtime.clock [robot-continuous-jog] clock.py:103 | jog-joint 循环滞后 7.2 ms（超过一个控制周期 5.0 ms）
2026-08-07 15:09:31,692 ERROR   robot.realtime.motion_streamer [robot-motion-streamer] motion_streamer.py:136 | 关节指令下发失败：关节 1 指令加速度 1455°/s² 超过上限 720°/s²
2026-08-07 15:09:31,697 ERROR   robot.realtime.motion_streamer [robot-motion-streamer] motion_streamer.py:136 | 关节指令下发失败：关节 1 指令速度 1294.6°/s 超过上限 180.0°/s
2026-08-07 15:09:31,697 ERROR   robot.realtime.motion_streamer [robot-motion-streamer] motion_streamer.py:136 | 关节指令下发失败：关节 1 指令速度 894.3°/s 超过上限 180.0°/s
2026-08-07 15:09:31,701 ERROR   robot.realtime.motion_streamer [robot-motion-streamer] motion_streamer.py:136 | 关节指令下发失败：关节 1 指令加速度 9526°/s² 超过上限 720°/s²
2026-08-07 15:09:31,706 ERROR   robot.realtime.motion_streamer [robot-motion-streamer] motion_streamer.py:136 | 关节指令下发失败：关节 1 指令加速度 1274°/s² 超过上限 720°/s²
2026-08-07 15:09:31,716 ERROR   robot.realtime.motion_streamer [robot-motion-streamer] motion_streamer.py:136 | 关节指令下发失败：关节 1 指令加速度 2441°/s² 超过上限 720°/s²
2026-08-07 15:09:31,722 ERROR   robot.realtime.motion_streamer [robot-motion-streamer] motion_streamer.py:136 | 关节指令下发失败：关节 1 指令加速度 1219°/s² 超过上限 720°/s²
2026-08-07 15:09:31,739 ERROR   robot.realtime.motion_streamer [robot-motion-streamer] motion_streamer.py:136 | 关节指令下发失败：关节 1 指令加速度 1052°/s² 超过上限 720°/s²
2026-08-07 15:09:31,762 ERROR   robot.realtime.motion_streamer [robot-motion-streamer] motion_streamer.py:136 | 关节指令下发失败：关节 1 指令加速度 912°/s² 超过上限 720°/s²
2026-08-07 15:09:31,778 ERROR   robot.realtime.motion_streamer [robot-motion-streamer] motion_streamer.py:136 | 关节指令下发失败：关节 1 指令加速度 972°/s² 超过上限 720°/s²
2026-08-07 15:09:31,798 ERROR   robot.realtime.motion_streamer [robot-motion-streamer] motion_streamer.py:136 | 关节指令下发失败：关节 1 指令加速度 2321°/s² 超过上限 720°/s²
2026-08-07 15:09:31,818 ERROR   robot.realtime.motion_streamer [robot-motion-streamer] motion_streamer.py:136 | 关节指令下发失败：关节 1 指令加速度 1340°/s² 超过上限 720°/s²
2026-08-07 15:09:31,941 ERROR   robot.realtime.motion_streamer [robot-motion-streamer] motion_streamer.py:136 | 关节指令下发失败：关节 1 指令加速度 1620°/s² 超过上限 720°/s²
2026-08-07 15:09:32,013 ERROR   robot.realtime.motion_streamer [robot-motion-streamer] motion_streamer.py:136 | 关节指令下发失败：关节 1 指令加速度 1294°/s² 超过上限 720°/s²
2026-08-07 15:09:32,027 ERROR   robot.realtime.motion_streamer [robot-motion-streamer] motion_streamer.py:136 | 关节指令下发失败：关节 1 指令加速度 918°/s² 超过上限 720°/s²
2026-08-07 15:09:32,041 ERROR   robot.realtime.motion_streamer [robot-motion-streamer] motion_streamer.py:136 | 关节指令下发失败：关节 1 指令加速度 995°/s² 超过上限 720°/s²
2026-08-07 15:09:32,047 WARNING robot.realtime.clock [robot-continuous-jog] clock.py:103 | jog-joint 循环滞后 7.3 ms（超过一个控制周期 5.0 ms）
2026-08-07 15:09:32,050 WARNING robot.realtime.clock [robot-continuous-jog] clock.py:103 | jog-joint 循环滞后 5.5 ms（超过一个控制周期 5.0 ms）
2026-08-07 15:09:32,050 ERROR   robot.realtime.motion_streamer [robot-motion-streamer] motion_streamer.py:136 | 关节指令下发失败：关节 1 指令加速度 3339°/s² 超过上限 720°/s²
2026-08-07 15:09:32,054 ERROR   robot.realtime.motion_streamer [robot-motion-streamer] motion_streamer.py:136 | 关节指令下发失败：关节 1 指令加速度 1237°/s² 超过上限 720°/s²
2026-08-07 15:09:32,054 ERROR   robot.realtime.motion_streamer [robot-motion-streamer] motion_streamer.py:136 | 关节指令下发失败：关节 1 指令加速度 2704°/s² 超过上限 720°/s²
2026-08-07 15:09:32,056 ERROR   robot.realtime.motion_streamer [robot-motion-streamer] motion_streamer.py:136 | 关节指令下发失败：关节 1 指令加速度 1862°/s² 超过上限 720°/s²
2026-08-07 15:09:32,061 ERROR   robot.realtime.motion_streamer [robot-motion-streamer] motion_streamer.py:136 | 关节指令下发失败：关节 1 指令加速度 896°/s² 超过上限 720°/s²
2026-08-07 15:09:32,072 ERROR   robot.realtime.motion_streamer [robot-motion-streamer] motion_streamer.py:136 | 关节指令下发失败：关节 1 指令加速度 1328°/s² 超过上限 720°/s²
2026-08-07 15:09:32,091 ERROR   robot.realtime.motion_streamer [robot-motion-streamer] motion_streamer.py:136 | 关节指令下发失败：关节 1 指令加速度 929°/s² 超过上限 720°/s²
2026-08-07 15:09:32,110 WARNING robot.realtime.clock [robot-continuous-jog] clock.py:103 | jog-joint 循环滞后 5.4 ms（超过一个控制周期 5.0 ms）
2026-08-07 15:09:32,122 WARNING robot.realtime.clock [robot-continuous-jog] clock.py:103 | jog-joint 循环滞后 12.4 ms（超过一个控制周期 5.0 ms）
2026-08-07 15:09:32,127 WARNING robot.realtime.clock [robot-continuous-jog] clock.py:103 | jog-joint 循环滞后 12.7 ms（超过一个控制周期 5.0 ms）
2026-08-07 15:09:32,128 ERROR   robot.realtime.motion_streamer [robot-motion-streamer] motion_streamer.py:136 | 关节指令下发失败：关节 1 指令加速度 1318°/s² 超过上限 720°/s²
2026-08-07 15:09:32,141 WARNING robot.realtime.clock [robot-continuous-jog] clock.py:103 | jog-joint 循环滞后 21.8 ms（超过一个控制周期 5.0 ms）
2026-08-07 15:09:32,147 WARNING robot.realtime.clock [robot-continuous-jog] clock.py:103 | jog-joint 循环滞后 22.7 ms（超过一个控制周期 5.0 ms）
2026-08-07 15:09:32,156 WARNING robot.realtime.clock [robot-continuous-jog] clock.py:103 | jog-joint 循环滞后 26.1 ms（超过一个控制周期 5.0 ms）
2026-08-07 15:09:32,164 WARNING robot.realtime.clock [robot-continuous-jog] clock.py:103 | jog-joint 循环滞后 29.7 ms（超过一个控制周期 5.0 ms）
2026-08-07 15:09:32,169 WARNING robot.realtime.clock [robot-continuous-jog] clock.py:103 | jog-joint 循环滞后 29.2 ms（超过一个控制周期 5.0 ms）
2026-08-07 15:09:32,169 ERROR   robot.realtime.motion_streamer [robot-motion-streamer] motion_streamer.py:136 | 关节指令下发失败：关节 1 指令加速度 1717°/s² 超过上限 720°/s²
2026-08-07 15:09:32,172 WARNING robot.realtime.clock [robot-continuous-jog] clock.py:103 | jog-joint 循环滞后 27.5 ms（超过一个控制周期 5.0 ms）
2026-08-07 15:09:32,173 ERROR   robot.realtime.motion_streamer [robot-motion-streamer] motion_streamer.py:136 | 关节指令下发失败：关节 1 指令加速度 1131°/s² 超过上限 720°/s²
2026-08-07 15:09:32,175 WARNING robot.realtime.clock [robot-continuous-jog] clock.py:103 | jog-joint 循环滞后 25.5 ms（超过一个控制周期 5.0 ms）
2026-08-07 15:09:32,175 ERROR   robot.realtime.motion_streamer [robot-motion-streamer] motion_streamer.py:136 | 关节指令下发失败：关节 1 指令加速度 1122°/s² 超过上限 720°/s²
2026-08-07 15:09:32,177 WARNING robot.realtime.clock [robot-continuous-jog] clock.py:103 | jog-joint 循环滞后 22.5 ms（超过一个控制周期 5.0 ms）
2026-08-07 15:09:32,177 ERROR   robot.realtime.motion_streamer [robot-motion-streamer] motion_streamer.py:136 | 关节指令下发失败：关节 1 指令加速度 1173°/s² 超过上限 720°/s²
2026-08-07 15:09:32,179 WARNING robot.realtime.clock [robot-continuous-jog] clock.py:103 | jog-joint 循环滞后 19.2 ms（超过一个控制周期 5.0 ms）
2026-08-07 15:09:32,179 ERROR   robot.realtime.motion_streamer [robot-motion-streamer] motion_streamer.py:136 | 关节指令下发失败：关节 1 指令加速度 1198°/s² 超过上限 720°/s²
2026-08-07 15:09:32,181 WARNING robot.realtime.clock [robot-continuous-jog] clock.py:103 | jog-joint 循环滞后 16.6 ms（超过一个控制周期 5.0 ms）
2026-08-07 15:09:32,181 ERROR   robot.realtime.motion_streamer [robot-motion-streamer] motion_streamer.py:136 | 关节指令下发失败：关节 1 指令加速度 1083°/s² 超过上限 720°/s²
2026-08-07 15:09:32,183 WARNING robot.realtime.clock [robot-continuous-jog] clock.py:103 | jog-joint 循环滞后 13.8 ms（超过一个控制周期 5.0 ms）
2026-08-07 15:09:32,183 ERROR   robot.realtime.motion_streamer [robot-motion-streamer] motion_streamer.py:136 | 关节指令下发失败：关节 1 指令加速度 988°/s² 超过上限 720°/s²
2026-08-07 15:09:32,186 WARNING robot.realtime.clock [robot-continuous-jog] clock.py:103 | jog-joint 循环滞后 11.3 ms（超过一个控制周期 5.0 ms）
2026-08-07 15:09:32,186 ERROR   robot.realtime.motion_streamer [robot-motion-streamer] motion_streamer.py:136 | 关节指令下发失败：关节 1 指令加速度 889°/s² 超过上限 720°/s²
2026-08-07 15:09:32,189 WARNING robot.realtime.clock [robot-continuous-jog] clock.py:103 | jog-joint 循环滞后 9.2 ms（超过一个控制周期 5.0 ms）
2026-08-07 15:09:32,193 WARNING robot.realtime.clock [robot-continuous-jog] clock.py:103 | jog-joint 循环滞后 8.3 ms（超过一个控制周期 5.0 ms）
2026-08-07 15:09:32,194 ERROR   robot.realtime.motion_streamer [robot-motion-streamer] motion_streamer.py:136 | 关节指令下发失败：关节 1 指令加速度 2458°/s² 超过上限 720°/s²
2026-08-07 15:09:32,197 WARNING robot.realtime.clock [robot-continuous-jog] clock.py:103 | jog-joint 循环滞后 7.4 ms（超过一个控制周期 5.0 ms）
2026-08-07 15:09:32,197 ERROR   robot.realtime.motion_streamer [robot-motion-streamer] motion_streamer.py:136 | 关节指令下发失败：关节 1 指令加速度 1085°/s² 超过上限 720°/s²
2026-08-07 15:09:32,199 WARNING robot.realtime.clock [robot-continuous-jog] clock.py:103 | jog-joint 循环滞后 5.0 ms（超过一个控制周期 5.0 ms）
2026-08-07 15:09:32,203 ERROR   robot.realtime.motion_streamer [robot-motion-streamer] motion_streamer.py:136 | 关节指令下发失败：关节 1 指令速度 1830.2°/s 超过上限 180.0°/s
2026-08-07 15:09:32,206 ERROR   robot.realtime.motion_streamer [robot-motion-streamer] motion_streamer.py:136 | 关节指令下发失败：关节 1 指令加速度 10564°/s² 超过上限 720°/s²
2026-08-07 15:09:32,216 ERROR   robot.realtime.motion_streamer [robot-motion-streamer] motion_streamer.py:136 | 关节指令下发失败：关节 1 指令加速度 4578°/s² 超过上限 720°/s²
2026-08-07 15:09:37,654 WARNING robot.realtime.clock [robot-continuous-jog] clock.py:103 | jog-joint 循环滞后 16.7 ms（超过一个控制周期 5.0 ms）
2026-08-07 15:09:37,659 WARNING robot.realtime.clock [robot-continuous-jog] clock.py:103 | jog-joint 循环滞后 16.7 ms（超过一个控制周期 5.0 ms）
2026-08-07 15:09:37,660 ERROR   robot.realtime.motion_streamer [robot-motion-streamer] motion_streamer.py:136 | 关节指令下发失败：关节 1 指令加速度 2944°/s² 超过上限 720°/s²
2026-08-07 15:09:37,667 WARNING robot.realtime.clock [robot-continuous-jog] clock.py:103 | jog-joint 循环滞后 19.4 ms（超过一个控制周期 5.0 ms）
2026-08-07 15:09:37,667 ERROR   robot.realtime.motion_streamer [robot-motion-streamer] motion_streamer.py:136 | 关节指令下发失败：关节 1 指令加速度 930°/s² 超过上限 720°/s²
2026-08-07 15:09:37,672 WARNING robot.realtime.clock [robot-continuous-jog] clock.py:103 | jog-joint 循环滞后 19.3 ms（超过一个控制周期 5.0 ms）
2026-08-07 15:09:37,676 WARNING robot.realtime.clock [robot-continuous-jog] clock.py:103 | jog-joint 循环滞后 18.0 ms（超过一个控制周期 5.0 ms）
2026-08-07 15:09:37,676 ERROR   robot.realtime.motion_streamer [robot-motion-streamer] motion_streamer.py:136 | 关节指令下发失败：关节 1 指令加速度 2087°/s² 超过上限 720°/s²
2026-08-07 15:09:37,680 WARNING robot.realtime.clock [robot-continuous-jog] clock.py:103 | jog-joint 循环滞后 17.6 ms（超过一个控制周期 5.0 ms）
2026-08-07 15:09:37,684 WARNING robot.realtime.clock [robot-continuous-jog] clock.py:103 | jog-joint 循环滞后 16.4 ms（超过一个控制周期 5.0 ms）
2026-08-07 15:09:37,689 WARNING robot.realtime.clock [robot-continuous-jog] clock.py:103 | jog-joint 循环滞后 16.8 ms（超过一个控制周期 5.0 ms）
2026-08-07 15:09:37,693 WARNING robot.realtime.clock [robot-continuous-jog] clock.py:103 | jog-joint 循环滞后 14.9 ms（超过一个控制周期 5.0 ms）
2026-08-07 15:09:37,693 ERROR   robot.realtime.motion_streamer [robot-motion-streamer] motion_streamer.py:136 | 关节指令下发失败：关节 1 指令加速度 2366°/s² 超过上限 720°/s²
2026-08-07 15:09:37,695 WARNING robot.realtime.clock [robot-continuous-jog] clock.py:103 | jog-joint 循环滞后 12.3 ms（超过一个控制周期 5.0 ms）
2026-08-07 15:09:37,695 ERROR   robot.realtime.motion_streamer [robot-motion-streamer] motion_streamer.py:136 | 关节指令下发失败：关节 1 指令加速度 1716°/s² 超过上限 720°/s²
2026-08-07 15:09:37,697 WARNING robot.realtime.clock [robot-continuous-jog] clock.py:103 | jog-joint 循环滞后 9.4 ms（超过一个控制周期 5.0 ms）
2026-08-07 15:09:37,697 ERROR   robot.realtime.motion_streamer [robot-motion-streamer] motion_streamer.py:136 | 关节指令下发失败：关节 1 指令加速度 1534°/s² 超过上限 720°/s²
2026-08-07 15:09:37,699 WARNING robot.realtime.clock [robot-continuous-jog] clock.py:103 | jog-joint 循环滞后 6.2 ms（超过一个控制周期 5.0 ms）
2026-08-07 15:09:37,699 ERROR   robot.realtime.motion_streamer [robot-motion-streamer] motion_streamer.py:136 | 关节指令下发失败：关节 1 指令加速度 1513°/s² 超过上限 720°/s²
2026-08-07 15:09:37,702 ERROR   robot.realtime.motion_streamer [robot-motion-streamer] motion_streamer.py:136 | 关节指令下发失败：关节 1 指令加速度 959°/s² 超过上限 720°/s²
2026-08-07 15:09:37,702 ERROR   robot.realtime.motion_streamer [robot-motion-streamer] motion_streamer.py:136 | 关节指令下发失败：关节 1 指令加速度 1395°/s² 超过上限 720°/s²
2026-08-07 15:09:37,704 ERROR   robot.realtime.motion_streamer [robot-motion-streamer] motion_streamer.py:136 | 关节指令下发失败：关节 1 指令加速度 1246°/s² 超过上限 720°/s²
2026-08-07 15:09:37,714 ERROR   robot.realtime.motion_streamer [robot-motion-streamer] motion_streamer.py:136 | 关节指令下发失败：关节 1 指令加速度 3097°/s² 超过上限 720°/s²
2026-08-07 15:09:37,720 ERROR   robot.realtime.motion_streamer [robot-motion-streamer] motion_streamer.py:136 | 关节指令下发失败：关节 1 指令加速度 1546°/s² 超过上限 720°/s²
2026-08-07 15:09:37,725 ERROR   robot.realtime.motion_streamer [robot-motion-streamer] motion_streamer.py:136 | 关节指令下发失败：关节 1 指令加速度 1030°/s² 超过上限 720°/s²
2026-08-07 15:09:37,802 ERROR   robot.realtime.motion_streamer [robot-motion-streamer] motion_streamer.py:136 | 关节指令下发失败：关节 1 指令加速度 1515°/s² 超过上限 720°/s²
2026-08-07 15:09:37,816 ERROR   robot.realtime.motion_streamer [robot-motion-streamer] motion_streamer.py:136 | 关节指令下发失败：关节 1 指令加速度 943°/s² 超过上限 720°/s²
2026-08-07 15:09:37,881 ERROR   robot.realtime.motion_streamer [robot-motion-streamer] motion_streamer.py:136 | 关节指令下发失败：关节 1 指令加速度 1483°/s² 超过上限 720°/s²
2026-08-07 15:09:37,948 WARNING robot.realtime.clock [robot-continuous-jog] clock.py:103 | jog-joint 循环滞后 5.1 ms（超过一个控制周期 5.0 ms）
2026-08-07 15:09:37,959 ERROR   robot.realtime.motion_streamer [robot-motion-streamer] motion_streamer.py:136 | 关节指令下发失败：关节 1 指令速度 288.0°/s 超过上限 180.0°/s
2026-08-07 15:09:37,962 ERROR   robot.realtime.motion_streamer [robot-motion-streamer] motion_streamer.py:136 | 关节指令下发失败：关节 1 指令加速度 10320°/s² 超过上限 720°/s²
2026-08-07 15:09:37,975 WARNING robot.realtime.clock [robot-continuous-jog] clock.py:103 | jog-joint 循环滞后 12.0 ms（超过一个控制周期 5.0 ms）
2026-08-07 15:09:37,983 WARNING robot.realtime.clock [robot-continuous-jog] clock.py:103 | jog-joint 循环滞后 15.8 ms（超过一个控制周期 5.0 ms）
2026-08-07 15:09:37,988 WARNING robot.realtime.clock [robot-continuous-jog] clock.py:103 | jog-joint 循环滞后 15.3 ms（超过一个控制周期 5.0 ms）
2026-08-07 15:09:37,988 ERROR   robot.realtime.motion_streamer [robot-motion-streamer] motion_streamer.py:136 | 关节指令下发失败：关节 1 指令加速度 2038°/s² 超过上限 720°/s²
2026-08-07 15:09:37,994 WARNING robot.realtime.clock [robot-continuous-jog] clock.py:103 | jog-joint 循环滞后 15.9 ms（超过一个控制周期 5.0 ms）
2026-08-07 15:09:37,997 WARNING robot.realtime.clock [robot-continuous-jog] clock.py:103 | jog-joint 循环滞后 14.7 ms（超过一个控制周期 5.0 ms）
2026-08-07 15:09:37,997 ERROR   robot.realtime.motion_streamer [robot-motion-streamer] motion_streamer.py:136 | 关节指令下发失败：关节 1 指令加速度 1265°/s² 超过上限 720°/s²
2026-08-07 15:09:38,001 WARNING robot.realtime.clock [robot-continuous-jog] clock.py:103 | jog-joint 循环滞后 13.7 ms（超过一个控制周期 5.0 ms）
2026-08-07 15:09:38,006 WARNING robot.realtime.clock [robot-continuous-jog] clock.py:103 | jog-joint 循环滞后 13.0 ms（超过一个控制周期 5.0 ms）
2026-08-07 15:09:38,010 WARNING robot.realtime.clock [robot-continuous-jog] clock.py:103 | jog-joint 循环滞后 12.1 ms（超过一个控制周期 5.0 ms）
2026-08-07 15:09:38,013 WARNING robot.realtime.clock [robot-continuous-jog] clock.py:103 | jog-joint 循环滞后 10.6 ms（超过一个控制周期 5.0 ms）
2026-08-07 15:09:38,013 ERROR   robot.realtime.motion_streamer [robot-motion-streamer] motion_streamer.py:136 | 关节指令下发失败：关节 1 指令加速度 1217°/s² 超过上限 720°/s²
2026-08-07 15:09:38,017 WARNING robot.realtime.clock [robot-continuous-jog] clock.py:103 | jog-joint 循环滞后 9.1 ms（超过一个控制周期 5.0 ms）
2026-08-07 15:09:38,020 WARNING robot.realtime.clock [robot-continuous-jog] clock.py:103 | jog-joint 循环滞后 7.6 ms（超过一个控制周期 5.0 ms）
2026-08-07 15:09:38,024 WARNING robot.realtime.clock [robot-continuous-jog] clock.py:103 | jog-joint 循环滞后 6.5 ms（超过一个控制周期 5.0 ms）
2026-08-07 15:09:38,028 WARNING robot.realtime.clock [robot-continuous-jog] clock.py:103 | jog-joint 循环滞后 5.1 ms（超过一个控制周期 5.0 ms）
2026-08-07 15:09:38,033 ERROR   robot.realtime.motion_streamer [robot-motion-streamer] motion_streamer.py:136 | 关节指令下发失败：关节 1 指令加速度 18691°/s² 超过上限 720°/s²
2026-08-07 15:09:38,035 ERROR   robot.realtime.motion_streamer [robot-motion-streamer] motion_streamer.py:136 | 关节指令下发失败：关节 1 指令加速度 10025°/s² 超过上限 720°/s²
2026-08-07 15:09:38,039 ERROR   robot.realtime.motion_streamer [robot-motion-streamer] motion_streamer.py:136 | 关节指令下发失败：关节 1 指令加速度 1534°/s² 超过上限 720°/s²
2026-08-07 15:09:38,051 ERROR   robot.realtime.motion_streamer [robot-motion-streamer] motion_streamer.py:136 | 关节指令下发失败：关节 1 指令加速度 1947°/s² 超过上限 720°/s²
2026-08-07 15:09:38,056 ERROR   robot.realtime.motion_streamer [robot-motion-streamer] motion_streamer.py:136 | 关节指令下发失败：关节 1 指令加速度 965°/s² 超过上限 720°/s²
2026-08-07 15:09:38,065 ERROR   robot.realtime.motion_streamer [robot-motion-streamer] motion_streamer.py:136 | 关节指令下发失败：关节 1 指令加速度 3610°/s² 超过上限 720°/s²
2026-08-07 15:09:38,076 ERROR   robot.realtime.motion_streamer [robot-motion-streamer] motion_streamer.py:136 | 关节指令下发失败：关节 1 指令加速度 1118°/s² 超过上限 720°/s²
2026-08-07 15:09:38,096 ERROR   robot.realtime.motion_streamer [robot-motion-streamer] motion_streamer.py:136 | 关节指令下发失败：关节 1 指令速度 313.6°/s 超过上限 180.0°/s
2026-08-07 15:09:38,100 ERROR   robot.realtime.motion_streamer [robot-motion-streamer] motion_streamer.py:136 | 关节指令下发失败：关节 1 指令加速度 6706°/s² 超过上限 720°/s²
2026-08-07 15:09:38,105 ERROR   robot.realtime.motion_streamer [robot-motion-streamer] motion_streamer.py:136 | 关节指令下发失败：关节 1 指令加速度 1597°/s² 超过上限 720°/s²
2026-08-07 15:09:38,110 ERROR   robot.realtime.motion_streamer [robot-motion-streamer] motion_streamer.py:136 | 关节指令下发失败：关节 1 指令加速度 959°/s² 超过上限 720°/s²
2026-08-07 15:09:38,152 ERROR   robot.realtime.motion_streamer [robot-motion-streamer] motion_streamer.py:136 | 关节指令下发失败：关节 1 指令速度 1593.2°/s 超过上限 180.0°/s
2026-08-07 15:09:38,156 ERROR   robot.realtime.motion_streamer [robot-motion-streamer] motion_streamer.py:136 | 关节指令下发失败：关节 1 指令加速度 7599°/s² 超过上限 720°/s²
2026-08-07 15:09:38,160 ERROR   robot.realtime.motion_streamer [robot-motion-streamer] motion_streamer.py:136 | 关节指令下发失败：关节 1 指令加速度 2622°/s² 超过上限 720°/s²
2026-08-07 15:09:38,165 ERROR   robot.realtime.motion_streamer [robot-motion-streamer] motion_streamer.py:136 | 关节指令下发失败：关节 1 指令加速度 1359°/s² 超过上限 720°/s²
2026-08-07 15:09:38,175 ERROR   robot.realtime.motion_streamer [robot-motion-streamer] motion_streamer.py:136 | 关节指令下发失败：关节 1 指令加速度 1345°/s² 超过上限 720°/s²
2026-08-07 15:09:38,196 ERROR   robot.realtime.motion_streamer [robot-motion-streamer] motion_streamer.py:136 | 关节指令下发失败：关节 1 指令加速度 1269°/s² 超过上限 720°/s²
2026-08-07 15:09:38,336 ERROR   robot.realtime.motion_streamer [robot-motion-streamer] motion_streamer.py:136 | 关节指令下发失败：关节 1 指令加速度 1055°/s² 超过上限 720°/s²
2026-08-07 15:09:38,345 ERROR   robot.realtime.motion_streamer [robot-motion-streamer] motion_streamer.py:136 | 关节指令下发失败：关节 1 指令加速度 2330°/s² 超过上限 720°/s²
2026-08-07 15:09:38,355 ERROR   robot.realtime.motion_streamer [robot-motion-streamer] motion_streamer.py:136 | 关节指令下发失败：关节 1 指令加速度 1168°/s² 超过上限 720°/s²
2026-08-07 15:09:38,366 ERROR   robot.realtime.motion_streamer [robot-motion-streamer] motion_streamer.py:136 | 关节指令下发失败：关节 1 指令加速度 949°/s² 超过上限 720°/s²
2026-08-07 15:09:38,396 ERROR   robot.realtime.motion_streamer [robot-motion-streamer] motion_streamer.py:136 | 关节指令下发失败：关节 1 指令加速度 1246°/s² 超过上限 720°/s²
2026-08-07 15:09:38,411 ERROR   robot.realtime.motion_streamer [robot-motion-streamer] motion_streamer.py:136 | 关节指令下发失败：关节 1 指令加速度 1173°/s² 超过上限 720°/s²
2026-08-07 15:09:38,460 ERROR   robot.realtime.motion_streamer [robot-motion-streamer] motion_streamer.py:136 | 关节指令下发失败：关节 1 指令加速度 10683°/s² 超过上限 720°/s²
2026-08-07 15:09:38,465 ERROR   robot.realtime.motion_streamer [robot-motion-streamer] motion_streamer.py:136 | 关节指令下发失败：关节 1 指令加速度 1573°/s² 超过上限 720°/s²
2026-08-07 15:09:38,491 ERROR   robot.realtime.motion_streamer [robot-motion-streamer] motion_streamer.py:136 | 关节指令下发失败：关节 1 指令加速度 1497°/s² 超过上限 720°/s²
2026-08-07 15:09:38,505 ERROR   robot.realtime.motion_streamer [robot-motion-streamer] motion_streamer.py:136 | 关节指令下发失败：关节 1 指令加速度 1013°/s² 超过上限 720°/s²
2026-08-07 15:09:38,521 ERROR   robot.realtime.motion_streamer [robot-motion-streamer] motion_streamer.py:136 | 关节指令下发失败：关节 1 指令加速度 3493°/s² 超过上限 720°/s²
2026-08-07 15:09:38,540 ERROR   robot.realtime.motion_streamer [robot-motion-streamer] motion_streamer.py:136 | 关节指令下发失败：关节 1 指令加速度 1100°/s² 超过上限 720°/s²
2026-08-07 15:09:38,560 ERROR   robot.realtime.motion_streamer [robot-motion-streamer] motion_streamer.py:136 | 关节指令下发失败：关节 1 指令加速度 1194°/s² 超过上限 720°/s²
2026-08-07 15:09:38,727 ERROR   robot.realtime.motion_streamer [robot-motion-streamer] motion_streamer.py:136 | 关节指令下发失败：关节 1 指令加速度 1247°/s² 超过上限 720°/s²
2026-08-07 15:09:38,730 ERROR   robot.realtime.motion_streamer [robot-motion-streamer] motion_streamer.py:136 | 关节指令下发失败：关节 1 指令加速度 1203°/s² 超过上限 720°/s²
2026-08-07 15:09:38,741 ERROR   robot.realtime.motion_streamer [robot-motion-streamer] motion_streamer.py:136 | 关节指令下发失败：关节 1 指令加速度 956°/s² 超过上限 720°/s²
2026-08-07 15:09:38,795 ERROR   robot.realtime.motion_streamer [robot-motion-streamer] motion_streamer.py:136 | 关节指令下发失败：关节 1 指令加速度 1379°/s² 超过上限 720°/s²
2026-08-07 15:09:38,831 ERROR   robot.realtime.motion_streamer [robot-motion-streamer] motion_streamer.py:136 | 关节指令下发失败：关节 1 指令加速度 5406°/s² 超过上限 720°/s²
2026-08-07 15:09:38,847 ERROR   robot.realtime.motion_streamer [robot-motion-streamer] motion_streamer.py:136 | 关节指令下发失败：关节 1 指令速度 591.9°/s 超过上限 180.0°/s
2026-08-07 15:09:38,851 ERROR   robot.realtime.motion_streamer [robot-motion-streamer] motion_streamer.py:136 | 关节指令下发失败：关节 1 指令加速度 9003°/s² 超过上限 720°/s²
2026-08-07 15:09:38,855 ERROR   robot.realtime.motion_streamer [robot-motion-streamer] motion_streamer.py:136 | 关节指令下发失败：关节 1 指令加速度 2315°/s² 超过上限 720°/s²
2026-08-07 15:09:38,860 ERROR   robot.realtime.motion_streamer [robot-motion-streamer] motion_streamer.py:136 | 关节指令下发失败：关节 1 指令加速度 1110°/s² 超过上限 720°/s²
2026-08-07 15:09:38,870 ERROR   robot.realtime.motion_streamer [robot-motion-streamer] motion_streamer.py:136 | 关节指令下发失败：关节 1 指令加速度 1340°/s² 超过上限 720°/s²
2026-08-07 15:09:38,911 ERROR   robot.realtime.motion_streamer [robot-motion-streamer] motion_streamer.py:136 | 关节指令下发失败：关节 1 指令加速度 1091°/s² 超过上限 720°/s²
2026-08-07 15:09:38,961 ERROR   robot.realtime.motion_streamer [robot-motion-streamer] motion_streamer.py:136 | 关节指令下发失败：关节 1 指令速度 785.8°/s 超过上限 180.0°/s
2026-08-07 15:09:38,965 ERROR   robot.realtime.motion_streamer [robot-motion-streamer] motion_streamer.py:136 | 关节指令下发失败：关节 1 指令加速度 5666°/s² 超过上限 720°/s²
2026-08-07 15:09:38,970 ERROR   robot.realtime.motion_streamer [robot-motion-streamer] motion_streamer.py:136 | 关节指令下发失败：关节 1 指令加速度 1542°/s² 超过上限 720°/s²
2026-08-07 15:09:38,996 ERROR   robot.realtime.motion_streamer [robot-motion-streamer] motion_streamer.py:136 | 关节指令下发失败：关节 1 指令加速度 1043°/s² 超过上限 720°/s²
2026-08-07 15:09:39,056 ERROR   robot.realtime.motion_streamer [robot-motion-streamer] motion_streamer.py:136 | 关节指令下发失败：关节 1 指令加速度 2693°/s² 超过上限 720°/s²
2026-08-07 15:09:39,057 ERROR   robot.realtime.motion_streamer [robot-motion-streamer] motion_streamer.py:136 | 关节指令下发失败：关节 1 指令加速度 4113°/s² 超过上限 720°/s²
2026-08-07 15:09:39,063 ERROR   robot.realtime.motion_streamer [robot-motion-streamer] motion_streamer.py:136 | 关节指令下发失败：关节 1 指令加速度 1264°/s² 超过上限 720°/s²
2026-08-07 15:09:39,067 ERROR   robot.realtime.motion_streamer [robot-motion-streamer] motion_streamer.py:136 | 关节指令下发失败：关节 1 指令加速度 865°/s² 超过上限 720°/s²
2026-08-07 15:09:39,074 ERROR   robot.realtime.motion_streamer [robot-motion-streamer] motion_streamer.py:136 | 关节指令下发失败：关节 1 指令加速度 876°/s² 超过上限 720°/s²
2026-08-07 15:09:39,091 ERROR   robot.realtime.motion_streamer [robot-motion-streamer] motion_streamer.py:136 | 关节指令下发失败：关节 1 指令加速度 987°/s² 超过上限 720°/s²
2026-08-07 15:09:39,130 ERROR   robot.realtime.motion_streamer [robot-motion-streamer] motion_streamer.py:136 | 关节指令下发失败：关节 1 指令加速度 2501°/s² 超过上限 720°/s²
2026-08-07 15:09:39,164 ERROR   robot.realtime.motion_streamer [robot-motion-streamer] motion_streamer.py:136 | 关节指令下发失败：关节 1 指令加速度 865°/s² 超过上限 720°/s²
2026-08-07 15:09:39,180 ERROR   robot.realtime.motion_streamer [robot-motion-streamer] motion_streamer.py:136 | 关节指令下发失败：关节 1 指令加速度 1315°/s² 超过上限 720°/s²
2026-08-07 15:09:39,210 ERROR   robot.realtime.motion_streamer [robot-motion-streamer] motion_streamer.py:136 | 关节指令下发失败：关节 1 指令加速度 2032°/s² 超过上限 720°/s²
2026-08-07 15:09:39,230 ERROR   robot.realtime.motion_streamer [robot-motion-streamer] motion_streamer.py:136 | 关节指令下发失败：关节 1 指令加速度 1779°/s² 超过上限 720°/s²
2026-08-07 15:09:39,250 ERROR   robot.realtime.motion_streamer [robot-motion-streamer] motion_streamer.py:136 | 关节指令下发失败：关节 1 指令加速度 2390°/s² 超过上限 720°/s²
2026-08-07 15:09:39,325 ERROR   robot.realtime.motion_streamer [robot-motion-streamer] motion_streamer.py:136 | 关节指令下发失败：关节 1 指令加速度 925°/s² 超过上限 720°/s²
2026-08-07 15:09:39,351 ERROR   robot.realtime.motion_streamer [robot-motion-streamer] motion_streamer.py:136 | 关节指令下发失败：关节 1 指令加速度 2075°/s² 超过上限 720°/s²
2026-08-07 15:09:39,396 ERROR   robot.realtime.motion_streamer [robot-motion-streamer] motion_streamer.py:136 | 关节指令下发失败：关节 1 指令加速度 3618°/s² 超过上限 720°/s²
2026-08-07 15:09:39,400 ERROR   robot.realtime.motion_streamer [robot-motion-streamer] motion_streamer.py:136 | 关节指令下发失败：关节 1 指令加速度 1077°/s² 超过上限 720°/s²
2026-08-07 15:09:39,462 ERROR   robot.realtime.motion_streamer [robot-motion-streamer] motion_streamer.py:136 | 关节指令下发失败：关节 1 指令加速度 2043°/s² 超过上限 720°/s²
2026-08-07 15:09:39,465 ERROR   robot.realtime.motion_streamer [robot-motion-streamer] motion_streamer.py:136 | 关节指令下发失败：关节 1 指令加速度 1093°/s² 超过上限 720°/s²
2026-08-07 15:09:39,535 ERROR   robot.realtime.motion_streamer [robot-motion-streamer] motion_streamer.py:136 | 关节指令下发失败：关节 1 指令加速度 15140°/s² 超过上限 720°/s²
2026-08-07 15:09:39,538 ERROR   robot.realtime.motion_streamer [robot-motion-streamer] motion_streamer.py:136 | 关节指令下发失败：关节 1 指令加速度 6002°/s² 超过上限 720°/s²
2026-08-07 15:09:39,545 ERROR   robot.realtime.motion_streamer [robot-motion-streamer] motion_streamer.py:136 | 关节指令下发失败：关节 1 指令加速度 1052°/s² 超过上限 720°/s²
2026-08-07 15:09:39,555 WARNING robot.realtime.clock [robot-continuous-jog] clock.py:103 | jog-joint 循环滞后 7.6 ms（超过一个控制周期 5.0 ms）
2026-08-07 15:09:39,560 WARNING robot.realtime.clock [robot-continuous-jog] clock.py:103 | jog-joint 循环滞后 7.1 ms（超过一个控制周期 5.0 ms）
2026-08-07 15:09:39,565 WARNING robot.realtime.clock [robot-continuous-jog] clock.py:103 | jog-joint 循环滞后 7.1 ms（超过一个控制周期 5.0 ms）
2026-08-07 15:09:39,578 ERROR   robot.realtime.motion_streamer [robot-motion-streamer] motion_streamer.py:136 | 关节指令下发失败：关节 1 指令速度 1124.3°/s 超过上限 180.0°/s
2026-08-07 15:09:39,581 ERROR   robot.realtime.motion_streamer [robot-motion-streamer] motion_streamer.py:136 | 关节指令下发失败：关节 1 指令加速度 15343°/s² 超过上限 720°/s²
2026-08-07 15:09:39,581 ERROR   robot.realtime.motion_streamer [robot-motion-streamer] motion_streamer.py:136 | 关节指令下发失败：关节 1 指令加速度 20674°/s² 超过上限 720°/s²
2026-08-07 15:09:39,581 ERROR   robot.realtime.motion_streamer [robot-motion-streamer] motion_streamer.py:136 | 关节指令下发失败：关节 1 指令加速度 20406°/s² 超过上限 720°/s²
2026-08-07 15:09:39,585 ERROR   robot.realtime.motion_streamer [robot-motion-streamer] motion_streamer.py:136 | 关节指令下发失败：关节 1 指令加速度 6617°/s² 超过上限 720°/s²
2026-08-07 15:09:39,590 ERROR   robot.realtime.motion_streamer [robot-motion-streamer] motion_streamer.py:136 | 关节指令下发失败：关节 1 指令加速度 2455°/s² 超过上限 720°/s²
2026-08-07 15:09:39,596 ERROR   robot.realtime.motion_streamer [robot-motion-streamer] motion_streamer.py:136 | 关节指令下发失败：关节 1 指令加速度 1201°/s² 超过上限 720°/s²
2026-08-07 15:09:39,607 ERROR   robot.realtime.motion_streamer [robot-motion-streamer] motion_streamer.py:136 | 关节指令下发失败：关节 1 指令速度 798.9°/s 超过上限 180.0°/s
2026-08-07 15:09:39,610 ERROR   robot.realtime.motion_streamer [robot-motion-streamer] motion_streamer.py:136 | 关节指令下发失败：关节 1 指令加速度 7815°/s² 超过上限 720°/s²
2026-08-07 15:09:39,615 ERROR   robot.realtime.motion_streamer [robot-motion-streamer] motion_streamer.py:136 | 关节指令下发失败：关节 1 指令加速度 1038°/s² 超过上限 720°/s²
2026-08-07 15:09:39,626 ERROR   robot.realtime.motion_streamer [robot-motion-streamer] motion_streamer.py:136 | 关节指令下发失败：关节 1 指令加速度 1753°/s² 超过上限 720°/s²
2026-08-07 15:09:39,661 ERROR   robot.realtime.motion_streamer [robot-motion-streamer] motion_streamer.py:136 | 关节指令下发失败：关节 1 指令加速度 4597°/s² 超过上限 720°/s²
2026-08-07 15:09:39,665 ERROR   robot.realtime.motion_streamer [robot-motion-streamer] motion_streamer.py:136 | 关节指令下发失败：关节 1 指令加速度 1493°/s² 超过上限 720°/s²
2026-08-07 15:09:39,665 ERROR   robot.realtime.motion_streamer [robot-motion-streamer] motion_streamer.py:136 | 关节指令下发失败：关节 1 指令加速度 3086°/s² 超过上限 720°/s²
2026-08-07 15:09:39,670 ERROR   robot.realtime.motion_streamer [robot-motion-streamer] motion_streamer.py:136 | 关节指令下发失败：关节 1 指令加速度 965°/s² 超过上限 720°/s²
2026-08-07 15:09:39,682 ERROR   robot.realtime.motion_streamer [robot-motion-streamer] motion_streamer.py:136 | 关节指令下发失败：关节 1 指令加速度 1555°/s² 超过上限 720°/s²
2026-08-07 15:09:39,696 ERROR   robot.realtime.motion_streamer [robot-motion-streamer] motion_streamer.py:136 | 关节指令下发失败：关节 1 指令速度 725.9°/s 超过上限 180.0°/s
2026-08-07 15:09:39,696 ERROR   robot.realtime.motion_streamer [robot-motion-streamer] motion_streamer.py:136 | 关节指令下发失败：关节 1 指令速度 234.3°/s 超过上限 180.0°/s
2026-08-07 15:09:39,700 ERROR   robot.realtime.motion_streamer [robot-motion-streamer] motion_streamer.py:136 | 关节指令下发失败：关节 1 指令加速度 10046°/s² 超过上限 720°/s²
2026-08-07 15:09:39,706 ERROR   robot.realtime.motion_streamer [robot-motion-streamer] motion_streamer.py:136 | 关节指令下发失败：关节 1 指令加速度 2029°/s² 超过上限 720°/s²
2026-08-07 15:09:39,712 ERROR   robot.realtime.motion_streamer [robot-motion-streamer] motion_streamer.py:136 | 关节指令下发失败：关节 1 指令加速度 968°/s² 超过上限 720°/s²
2026-08-07 15:09:39,721 ERROR   robot.realtime.motion_streamer [robot-motion-streamer] motion_streamer.py:136 | 关节指令下发失败：关节 1 指令加速度 1218°/s² 超过上限 720°/s²
2026-08-07 15:09:39,742 ERROR   robot.realtime.motion_streamer [robot-motion-streamer] motion_streamer.py:136 | 关节指令下发失败：关节 1 指令加速度 1119°/s² 超过上限 720°/s²
2026-08-07 15:09:39,764 ERROR   robot.realtime.motion_streamer [robot-motion-streamer] motion_streamer.py:136 | 关节指令下发失败：关节 1 指令加速度 1397°/s² 超过上限 720°/s²
2026-08-07 15:09:39,797 ERROR   robot.realtime.motion_streamer [robot-motion-streamer] motion_streamer.py:136 | 关节指令下发失败：关节 1 指令加速度 2223°/s² 超过上限 720°/s²
2026-08-07 15:09:39,831 ERROR   robot.realtime.motion_streamer [robot-motion-streamer] motion_streamer.py:136 | 关节指令下发失败：关节 1 指令加速度 2351°/s² 超过上限 720°/s²
2026-08-07 15:09:39,856 ERROR   robot.realtime.motion_streamer [robot-motion-streamer] motion_streamer.py:136 | 关节指令下发失败：关节 1 指令加速度 2787°/s² 超过上限 720°/s²
2026-08-07 15:09:39,906 ERROR   robot.realtime.motion_streamer [robot-motion-streamer] motion_streamer.py:136 | 关节指令下发失败：关节 1 指令速度 658.9°/s 超过上限 180.0°/s
2026-08-07 15:09:39,907 ERROR   robot.realtime.motion_streamer [robot-motion-streamer] motion_streamer.py:136 | 关节指令下发失败：关节 1 指令速度 300.3°/s 超过上限 180.0°/s
2026-08-07 15:09:39,911 ERROR   robot.realtime.motion_streamer [robot-motion-streamer] motion_streamer.py:136 | 关节指令下发失败：关节 1 指令加速度 7401°/s² 超过上限 720°/s²
2026-08-07 15:09:39,917 ERROR   robot.realtime.motion_streamer [robot-motion-streamer] motion_streamer.py:136 | 关节指令下发失败：关节 1 指令加速度 2188°/s² 超过上限 720°/s²
2026-08-07 15:09:39,921 ERROR   robot.realtime.motion_streamer [robot-motion-streamer] motion_streamer.py:136 | 关节指令下发失败：关节 1 指令加速度 1444°/s² 超过上限 720°/s²
2026-08-07 15:09:39,925 ERROR   robot.realtime.motion_streamer [robot-motion-streamer] motion_streamer.py:136 | 关节指令下发失败：关节 1 指令加速度 947°/s² 超过上限 720°/s²
2026-08-07 15:09:39,935 ERROR   robot.realtime.motion_streamer [robot-motion-streamer] motion_streamer.py:136 | 关节指令下发失败：关节 1 指令加速度 1430°/s² 超过上限 720°/s²
2026-08-07 15:09:39,966 ERROR   robot.realtime.motion_streamer [robot-motion-streamer] motion_streamer.py:136 | 关节指令下发失败：关节 1 指令速度 1339.7°/s 超过上限 180.0°/s
2026-08-07 15:09:39,968 ERROR   robot.realtime.motion_streamer [robot-motion-streamer] motion_streamer.py:136 | 关节指令下发失败：关节 1 指令加速度 29534°/s² 超过上限 720°/s²
2026-08-07 15:09:39,969 ERROR   robot.realtime.motion_streamer [robot-motion-streamer] motion_streamer.py:136 | 关节指令下发失败：关节 1 指令加速度 19944°/s² 超过上限 720°/s²
2026-08-07 15:09:39,971 ERROR   robot.realtime.motion_streamer [robot-motion-streamer] motion_streamer.py:136 | 关节指令下发失败：关节 1 指令加速度 12970°/s² 超过上限 720°/s²
2026-08-07 15:09:39,975 ERROR   robot.realtime.motion_streamer [robot-motion-streamer] motion_streamer.py:136 | 关节指令下发失败：关节 1 指令加速度 4411°/s² 超过上限 720°/s²
2026-08-07 15:09:39,980 ERROR   robot.realtime.motion_streamer [robot-motion-streamer] motion_streamer.py:136 | 关节指令下发失败：关节 1 指令加速度 1903°/s² 超过上限 720°/s²
2026-08-07 15:09:39,985 ERROR   robot.realtime.motion_streamer [robot-motion-streamer] motion_streamer.py:136 | 关节指令下发失败：关节 1 指令加速度 1133°/s² 超过上限 720°/s²
2026-08-07 15:09:39,995 ERROR   robot.realtime.motion_streamer [robot-motion-streamer] motion_streamer.py:136 | 关节指令下发失败：关节 1 指令加速度 2093°/s² 超过上限 720°/s²
2026-08-07 15:09:40,000 ERROR   robot.realtime.motion_streamer [robot-motion-streamer] motion_streamer.py:136 | 关节指令下发失败：关节 1 指令加速度 1036°/s² 超过上限 720°/s²
2026-08-07 15:09:40,014 ERROR   robot.realtime.motion_streamer [robot-motion-streamer] motion_streamer.py:136 | 关节指令下发失败：关节 1 指令加速度 1963°/s² 超过上限 720°/s²
2026-08-07 15:09:40,030 ERROR   robot.realtime.motion_streamer [robot-motion-streamer] motion_streamer.py:136 | 关节指令下发失败：关节 1 指令加速度 1165°/s² 超过上限 720°/s²
2026-08-07 15:09:40,081 ERROR   robot.realtime.motion_streamer [robot-motion-streamer] motion_streamer.py:136 | 关节指令下发失败：关节 1 指令加速度 1855°/s² 超过上限 720°/s²
2026-08-07 15:09:40,097 ERROR   robot.realtime.motion_streamer [robot-motion-streamer] motion_streamer.py:136 | 关节指令下发失败：关节 1 指令速度 641.7°/s 超过上限 180.0°/s
2026-08-07 15:09:40,100 ERROR   robot.realtime.motion_streamer [robot-motion-streamer] motion_streamer.py:136 | 关节指令下发失败：关节 1 指令加速度 10796°/s² 超过上限 720°/s²
2026-08-07 15:09:40,105 ERROR   robot.realtime.motion_streamer [robot-motion-streamer] motion_streamer.py:136 | 关节指令下发失败：关节 1 指令加速度 2536°/s² 超过上限 720°/s²
2026-08-07 15:09:40,110 ERROR   robot.realtime.motion_streamer [robot-motion-streamer] motion_streamer.py:136 | 关节指令下发失败：关节 1 指令加速度 1095°/s² 超过上限 720°/s²
2026-08-07 15:09:40,120 ERROR   robot.realtime.motion_streamer [robot-motion-streamer] motion_streamer.py:136 | 关节指令下发失败：关节 1 指令加速度 1283°/s² 超过上限 720°/s²
2026-08-07 15:09:40,145 ERROR   robot.realtime.motion_streamer [robot-motion-streamer] motion_streamer.py:136 | 关节指令下发失败：关节 1 指令加速度 1046°/s² 超过上限 720°/s²
2026-08-07 15:09:40,176 ERROR   robot.realtime.motion_streamer [robot-motion-streamer] motion_streamer.py:136 | 关节指令下发失败：关节 1 指令加速度 1720°/s² 超过上限 720°/s²
2026-08-07 15:09:40,226 ERROR   robot.realtime.motion_streamer [robot-motion-streamer] motion_streamer.py:136 | 关节指令下发失败：关节 1 指令加速度 1652°/s² 超过上限 720°/s²
2026-08-07 15:09:40,245 ERROR   robot.realtime.motion_streamer [robot-motion-streamer] motion_streamer.py:136 | 关节指令下发失败：关节 1 指令加速度 1073°/s² 超过上限 720°/s²
2026-08-07 15:09:40,275 ERROR   robot.realtime.motion_streamer [robot-motion-streamer] motion_streamer.py:136 | 关节指令下发失败：关节 1 指令加速度 1168°/s² 超过上限 720°/s²
2026-08-07 15:09:40,295 ERROR   robot.realtime.motion_streamer [robot-motion-streamer] motion_streamer.py:136 | 关节指令下发失败：关节 1 指令加速度 4647°/s² 超过上限 720°/s²
2026-08-07 15:09:40,307 ERROR   robot.realtime.motion_streamer [robot-motion-streamer] motion_streamer.py:136 | 关节指令下发失败：关节 1 指令加速度 1003°/s² 超过上限 720°/s²
2026-08-07 15:09:40,315 ERROR   robot.realtime.motion_streamer [robot-motion-streamer] motion_streamer.py:136 | 关节指令下发失败：关节 1 指令加速度 1084°/s² 超过上限 720°/s²
2026-08-07 15:09:40,362 ERROR   robot.realtime.motion_streamer [robot-motion-streamer] motion_streamer.py:136 | 关节指令下发失败：关节 1 指令速度 734.5°/s 超过上限 180.0°/s
2026-08-07 15:09:40,365 ERROR   robot.realtime.motion_streamer [robot-motion-streamer] motion_streamer.py:136 | 关节指令下发失败：关节 1 指令加速度 7957°/s² 超过上限 720°/s²
2026-08-07 15:09:40,371 ERROR   robot.realtime.motion_streamer [robot-motion-streamer] motion_streamer.py:136 | 关节指令下发失败：关节 1 指令加速度 1979°/s² 超过上限 720°/s²
2026-08-07 15:09:40,376 ERROR   robot.realtime.motion_streamer [robot-motion-streamer] motion_streamer.py:136 | 关节指令下发失败：关节 1 指令加速度 995°/s² 超过上限 720°/s²
2026-08-07 15:09:40,501 ERROR   robot.realtime.motion_streamer [robot-motion-streamer] motion_streamer.py:136 | 关节指令下发失败：关节 1 指令加速度 1160°/s² 超过上限 720°/s²
2026-08-07 15:09:40,546 ERROR   robot.realtime.motion_streamer [robot-motion-streamer] motion_streamer.py:136 | 关节指令下发失败：关节 1 指令加速度 1604°/s² 超过上限 720°/s²
2026-08-07 15:09:40,571 ERROR   robot.realtime.motion_streamer [robot-motion-streamer] motion_streamer.py:136 | 关节指令下发失败：关节 1 指令加速度 956°/s² 超过上限 720°/s²
2026-08-07 15:09:40,730 ERROR   robot.realtime.motion_streamer [robot-motion-streamer] motion_streamer.py:136 | 关节指令下发失败：关节 1 指令加速度 2204°/s² 超过上限 720°/s²
2026-08-07 15:09:40,765 ERROR   robot.realtime.motion_streamer [robot-motion-streamer] motion_streamer.py:136 | 关节指令下发失败：关节 1 指令加速度 1329°/s² 超过上限 720°/s²
2026-08-07 15:09:40,781 ERROR   robot.realtime.motion_streamer [robot-motion-streamer] motion_streamer.py:136 | 关节指令下发失败：关节 1 指令加速度 25723°/s² 超过上限 720°/s²
2026-08-07 15:09:40,785 ERROR   robot.realtime.motion_streamer [robot-motion-streamer] motion_streamer.py:136 | 关节指令下发失败：关节 1 指令加速度 2373°/s² 超过上限 720°/s²
2026-08-07 15:09:40,800 ERROR   robot.realtime.motion_streamer [robot-motion-streamer] motion_streamer.py:136 | 关节指令下发失败：关节 1 指令加速度 1288°/s² 超过上限 720°/s²
2026-08-07 15:09:40,845 ERROR   robot.realtime.motion_streamer [robot-motion-streamer] motion_streamer.py:136 | 关节指令下发失败：关节 1 指令加速度 2100°/s² 超过上限 720°/s²
2026-08-07 15:09:54,337 ERROR   robot.realtime.motion_streamer [robot-motion-streamer] motion_streamer.py:136 | 关节指令下发失败：关节 1 指令速度 323.2°/s 超过上限 180.0°/s
2026-08-07 15:09:54,340 ERROR   robot.realtime.motion_streamer [robot-motion-streamer] motion_streamer.py:136 | 关节指令下发失败：关节 1 指令加速度 13663°/s² 超过上限 720°/s²
2026-08-07 15:09:54,344 ERROR   robot.realtime.motion_streamer [robot-motion-streamer] motion_streamer.py:136 | 关节指令下发失败：关节 1 指令加速度 3819°/s² 超过上限 720°/s²
2026-08-07 15:09:54,349 ERROR   robot.realtime.motion_streamer [robot-motion-streamer] motion_streamer.py:136 | 关节指令下发失败：关节 1 指令加速度 1916°/s² 超过上限 720°/s²
2026-08-07 15:09:54,354 ERROR   robot.realtime.motion_streamer [robot-motion-streamer] motion_streamer.py:136 | 关节指令下发失败：关节 1 指令加速度 1228°/s² 超过上限 720°/s²
2026-08-07 15:09:54,359 ERROR   robot.realtime.motion_streamer [robot-motion-streamer] motion_streamer.py:136 | 关节指令下发失败：关节 1 指令加速度 886°/s² 超过上限 720°/s²
2026-08-07 15:09:54,370 ERROR   robot.realtime.motion_streamer [robot-motion-streamer] motion_streamer.py:136 | 关节指令下发失败：关节 1 指令加速度 1046°/s² 超过上限 720°/s²
2026-08-07 15:09:54,416 ERROR   robot.realtime.motion_streamer [robot-motion-streamer] motion_streamer.py:136 | 关节指令下发失败：关节 1 指令速度 810.1°/s 超过上限 180.0°/s
2026-08-07 15:09:54,420 ERROR   robot.realtime.motion_streamer [robot-motion-streamer] motion_streamer.py:136 | 关节指令下发失败：关节 1 指令加速度 9447°/s² 超过上限 720°/s²
2026-08-07 15:09:54,425 ERROR   robot.realtime.motion_streamer [robot-motion-streamer] motion_streamer.py:136 | 关节指令下发失败：关节 1 指令加速度 2330°/s² 超过上限 720°/s²
2026-08-07 15:09:54,429 ERROR   robot.realtime.motion_streamer [robot-motion-streamer] motion_streamer.py:136 | 关节指令下发失败：关节 1 指令加速度 1174°/s² 超过上限 720°/s²
2026-08-07 15:09:54,446 ERROR   robot.realtime.motion_streamer [robot-motion-streamer] motion_streamer.py:136 | 关节指令下发失败：关节 1 指令加速度 1196°/s² 超过上限 720°/s²
2026-08-07 15:09:54,452 ERROR   robot.realtime.motion_streamer [robot-motion-streamer] motion_streamer.py:136 | 关节指令下发失败：关节 1 指令加速度 1302°/s² 超过上限 720°/s²
2026-08-07 15:09:54,477 ERROR   robot.realtime.motion_streamer [robot-motion-streamer] motion_streamer.py:136 | 关节指令下发失败：关节 1 指令加速度 1095°/s² 超过上限 720°/s²
2026-08-07 15:09:54,492 ERROR   robot.realtime.motion_streamer [robot-motion-streamer] motion_streamer.py:136 | 关节指令下发失败：关节 1 指令加速度 883°/s² 超过上限 720°/s²
2026-08-07 15:09:54,495 ERROR   robot.realtime.motion_streamer [robot-motion-streamer] motion_streamer.py:136 | 关节指令下发失败：关节 1 指令速度 964.8°/s 超过上限 180.0°/s
2026-08-07 15:09:54,499 ERROR   robot.realtime.motion_streamer [robot-motion-streamer] motion_streamer.py:136 | 关节指令下发失败：关节 1 指令加速度 4533°/s² 超过上限 720°/s²
2026-08-07 15:09:54,505 ERROR   robot.realtime.motion_streamer [robot-motion-streamer] motion_streamer.py:136 | 关节指令下发失败：关节 1 指令加速度 950°/s² 超过上限 720°/s²
2026-08-07 15:09:54,539 ERROR   robot.realtime.motion_streamer [robot-motion-streamer] motion_streamer.py:136 | 关节指令下发失败：关节 1 指令加速度 929°/s² 超过上限 720°/s²
2026-08-07 15:09:54,560 ERROR   robot.realtime.motion_streamer [robot-motion-streamer] motion_streamer.py:136 | 关节指令下发失败：关节 1 指令加速度 953°/s² 超过上限 720°/s²
2026-08-07 15:09:54,570 ERROR   robot.realtime.motion_streamer [robot-motion-streamer] motion_streamer.py:136 | 关节指令下发失败：关节 1 指令加速度 911°/s² 超过上限 720°/s²
2026-08-07 15:09:54,582 ERROR   robot.realtime.motion_streamer [robot-motion-streamer] motion_streamer.py:136 | 关节指令下发失败：关节 1 指令速度 551.2°/s 超过上限 180.0°/s
2026-08-07 15:09:54,585 ERROR   robot.realtime.motion_streamer [robot-motion-streamer] motion_streamer.py:136 | 关节指令下发失败：关节 1 指令加速度 10559°/s² 超过上限 720°/s²
2026-08-07 15:09:54,590 ERROR   robot.realtime.motion_streamer [robot-motion-streamer] motion_streamer.py:136 | 关节指令下发失败：关节 1 指令加速度 2029°/s² 超过上限 720°/s²
2026-08-07 15:09:54,596 ERROR   robot.realtime.motion_streamer [robot-motion-streamer] motion_streamer.py:136 | 关节指令下发失败：关节 1 指令加速度 878°/s² 超过上限 720°/s²
2026-08-07 15:09:54,605 ERROR   robot.realtime.motion_streamer [robot-motion-streamer] motion_streamer.py:136 | 关节指令下发失败：关节 1 指令加速度 1378°/s² 超过上限 720°/s²
2026-08-07 15:09:54,630 ERROR   robot.realtime.motion_streamer [robot-motion-streamer] motion_streamer.py:136 | 关节指令下发失败：关节 1 指令加速度 2052°/s² 超过上限 720°/s²
2026-08-07 15:09:54,660 ERROR   robot.realtime.motion_streamer [robot-motion-streamer] motion_streamer.py:136 | 关节指令下发失败：关节 1 指令加速度 1721°/s² 超过上限 720°/s²
2026-08-07 15:09:54,671 ERROR   robot.realtime.motion_streamer [robot-motion-streamer] motion_streamer.py:136 | 关节指令下发失败：关节 1 指令加速度 895°/s² 超过上限 720°/s²
2026-08-07 15:09:54,684 ERROR   robot.realtime.motion_streamer [robot-motion-streamer] motion_streamer.py:136 | 关节指令下发失败：关节 1 指令加速度 1316°/s² 超过上限 720°/s²
2026-08-07 15:09:54,686 ERROR   robot.realtime.motion_streamer [robot-motion-streamer] motion_streamer.py:136 | 关节指令下发失败：关节 1 指令加速度 1782°/s² 超过上限 720°/s²
2026-08-07 15:09:54,690 ERROR   robot.realtime.motion_streamer [robot-motion-streamer] motion_streamer.py:136 | 关节指令下发失败：关节 1 指令加速度 1137°/s² 超过上限 720°/s²
2026-08-07 15:09:54,700 ERROR   robot.realtime.motion_streamer [robot-motion-streamer] motion_streamer.py:136 | 关节指令下发失败：关节 1 指令加速度 965°/s² 超过上限 720°/s²
2026-08-07 15:09:54,776 ERROR   robot.realtime.motion_streamer [robot-motion-streamer] motion_streamer.py:136 | 关节指令下发失败：关节 1 指令加速度 1023°/s² 超过上限 720°/s²
2026-08-07 15:09:54,860 ERROR   robot.realtime.motion_streamer [robot-motion-streamer] motion_streamer.py:136 | 关节指令下发失败：关节 1 指令加速度 942°/s² 超过上限 720°/s²
2026-08-07 15:09:54,871 ERROR   robot.realtime.motion_streamer [robot-motion-streamer] motion_streamer.py:136 | 关节指令下发失败：关节 1 指令加速度 1200°/s² 超过上限 720°/s²
2026-08-07 15:09:54,987 ERROR   robot.realtime.motion_streamer [robot-motion-streamer] motion_streamer.py:136 | 关节指令下发失败：关节 1 指令速度 886.9°/s 超过上限 180.0°/s
2026-08-07 15:09:54,991 ERROR   robot.realtime.motion_streamer [robot-motion-streamer] motion_streamer.py:136 | 关节指令下发失败：关节 1 指令加速度 6326°/s² 超过上限 720°/s²
2026-08-07 15:09:54,995 ERROR   robot.realtime.motion_streamer [robot-motion-streamer] motion_streamer.py:136 | 关节指令下发失败：关节 1 指令加速度 2297°/s² 超过上限 720°/s²
2026-08-07 15:09:55,001 ERROR   robot.realtime.motion_streamer [robot-motion-streamer] motion_streamer.py:136 | 关节指令下发失败：关节 1 指令加速度 993°/s² 超过上限 720°/s²
2026-08-07 15:09:55,017 ERROR   robot.realtime.motion_streamer [robot-motion-streamer] motion_streamer.py:136 | 关节指令下发失败：关节 1 指令加速度 1069°/s² 超过上限 720°/s²
2026-08-07 15:09:55,020 ERROR   robot.realtime.motion_streamer [robot-motion-streamer] motion_streamer.py:136 | 关节指令下发失败：关节 1 指令速度 886.3°/s 超过上限 180.0°/s
2026-08-07 15:09:55,025 ERROR   robot.realtime.motion_streamer [robot-motion-streamer] motion_streamer.py:136 | 关节指令下发失败：关节 1 指令加速度 3678°/s² 超过上限 720°/s²
2026-08-07 15:09:55,030 ERROR   robot.realtime.motion_streamer [robot-motion-streamer] motion_streamer.py:136 | 关节指令下发失败：关节 1 指令加速度 1056°/s² 超过上限 720°/s²
2026-08-07 15:09:55,040 ERROR   robot.realtime.motion_streamer [robot-motion-streamer] motion_streamer.py:136 | 关节指令下发失败：关节 1 指令加速度 1024°/s² 超过上限 720°/s²
2026-08-07 15:09:55,112 ERROR   robot.realtime.motion_streamer [robot-motion-streamer] motion_streamer.py:136 | 关节指令下发失败：关节 1 指令速度 724.9°/s 超过上限 180.0°/s
2026-08-07 15:09:55,121 ERROR   robot.realtime.motion_streamer [robot-motion-streamer] motion_streamer.py:136 | 关节指令下发失败：关节 1 指令加速度 889°/s² 超过上限 720°/s²
2026-08-07 15:09:55,122 ERROR   robot.realtime.motion_streamer [robot-motion-streamer] motion_streamer.py:136 | 关节指令下发失败：关节 1 指令加速度 1568°/s² 超过上限 720°/s²
2026-08-07 15:09:55,125 ERROR   robot.realtime.motion_streamer [robot-motion-streamer] motion_streamer.py:136 | 关节指令下发失败：关节 1 指令加速度 1246°/s² 超过上限 720°/s²
2026-08-07 15:09:55,136 ERROR   robot.realtime.motion_streamer [robot-motion-streamer] motion_streamer.py:136 | 关节指令下发失败：关节 1 指令加速度 1451°/s² 超过上限 720°/s²
2026-08-07 15:09:55,180 ERROR   robot.realtime.motion_streamer [robot-motion-streamer] motion_streamer.py:136 | 关节指令下发失败：关节 1 指令加速度 2742°/s² 超过上限 720°/s²
2026-08-07 15:09:55,281 ERROR   robot.realtime.motion_streamer [robot-motion-streamer] motion_streamer.py:136 | 关节指令下发失败：关节 1 指令加速度 1028°/s² 超过上限 720°/s²
2026-08-07 15:09:55,295 ERROR   robot.realtime.motion_streamer [robot-motion-streamer] motion_streamer.py:136 | 关节指令下发失败：关节 1 指令加速度 1109°/s² 超过上限 720°/s²
2026-08-07 15:09:55,326 ERROR   robot.realtime.motion_streamer [robot-motion-streamer] motion_streamer.py:136 | 关节指令下发失败：关节 1 指令加速度 1631°/s² 超过上限 720°/s²
2026-08-07 15:09:55,394 ERROR   robot.realtime.motion_streamer [robot-motion-streamer] motion_streamer.py:136 | 关节指令下发失败：关节 1 指令加速度 966°/s² 超过上限 720°/s²
2026-08-07 15:09:55,411 ERROR   robot.realtime.motion_streamer [robot-motion-streamer] motion_streamer.py:136 | 关节指令下发失败：关节 1 指令加速度 2140°/s² 超过上限 720°/s²
2026-08-07 15:09:55,416 ERROR   robot.realtime.motion_streamer [robot-motion-streamer] motion_streamer.py:136 | 关节指令下发失败：关节 1 指令速度 789.7°/s 超过上限 180.0°/s
2026-08-07 15:09:55,420 ERROR   robot.realtime.motion_streamer [robot-motion-streamer] motion_streamer.py:136 | 关节指令下发失败：关节 1 指令加速度 7877°/s² 超过上限 720°/s²
2026-08-07 15:09:55,424 ERROR   robot.realtime.motion_streamer [robot-motion-streamer] motion_streamer.py:136 | 关节指令下发失败：关节 1 指令加速度 1727°/s² 超过上限 720°/s²
2026-08-07 15:09:55,434 ERROR   robot.realtime.motion_streamer [robot-motion-streamer] motion_streamer.py:136 | 关节指令下发失败：关节 1 指令加速度 1790°/s² 超过上限 720°/s²
2026-08-07 15:09:55,439 ERROR   robot.realtime.motion_streamer [robot-motion-streamer] motion_streamer.py:136 | 关节指令下发失败：关节 1 指令加速度 912°/s² 超过上限 720°/s²
2026-08-07 15:09:55,464 ERROR   robot.realtime.motion_streamer [robot-motion-streamer] motion_streamer.py:136 | 关节指令下发失败：关节 1 指令加速度 1619°/s² 超过上限 720°/s²
2026-08-07 15:09:55,484 ERROR   robot.realtime.motion_streamer [robot-motion-streamer] motion_streamer.py:136 | 关节指令下发失败：关节 1 指令加速度 2238°/s² 超过上限 720°/s²
2026-08-07 15:09:55,532 ERROR   robot.realtime.motion_streamer [robot-motion-streamer] motion_streamer.py:136 | 关节指令下发失败：关节 1 指令速度 496.6°/s 超过上限 180.0°/s
2026-08-07 15:09:55,532 ERROR   robot.realtime.motion_streamer [robot-motion-streamer] motion_streamer.py:136 | 关节指令下发失败：关节 1 指令加速度 4910°/s² 超过上限 720°/s²
2026-08-07 15:09:55,533 ERROR   robot.realtime.motion_streamer [robot-motion-streamer] motion_streamer.py:136 | 关节指令下发失败：关节 1 指令加速度 5860°/s² 超过上限 720°/s²
2026-08-07 15:09:55,548 ERROR   robot.realtime.motion_streamer [robot-motion-streamer] motion_streamer.py:136 | 关节指令下发失败：关节 1 指令加速度 1652°/s² 超过上限 720°/s²
2026-08-07 15:09:55,552 ERROR   robot.realtime.motion_streamer [robot-motion-streamer] motion_streamer.py:136 | 关节指令下发失败：关节 1 指令速度 766.1°/s 超过上限 180.0°/s
2026-08-07 15:09:55,556 ERROR   robot.realtime.motion_streamer [robot-motion-streamer] motion_streamer.py:136 | 关节指令下发失败：关节 1 指令加速度 4514°/s² 超过上限 720°/s²
2026-08-07 15:09:55,565 ERROR   robot.realtime.motion_streamer [robot-motion-streamer] motion_streamer.py:136 | 关节指令下发失败：关节 1 指令加速度 2395°/s² 超过上限 720°/s²
2026-08-07 15:09:55,570 ERROR   robot.realtime.motion_streamer [robot-motion-streamer] motion_streamer.py:136 | 关节指令下发失败：关节 1 指令加速度 1212°/s² 超过上限 720°/s²
2026-08-07 15:09:55,616 ERROR   robot.realtime.motion_streamer [robot-motion-streamer] motion_streamer.py:136 | 关节指令下发失败：关节 1 指令加速度 2174°/s² 超过上限 720°/s²
2026-08-07 15:09:55,698 WARNING robot.realtime.clock [robot-continuous-jog] clock.py:103 | jog-joint 循环滞后 5.9 ms（超过一个控制周期 5.0 ms）
2026-08-07 15:09:55,704 WARNING robot.realtime.clock [robot-continuous-jog] clock.py:103 | jog-joint 循环滞后 6.9 ms（超过一个控制周期 5.0 ms）
2026-08-07 15:09:55,704 ERROR   robot.realtime.motion_streamer [robot-motion-streamer] motion_streamer.py:136 | 关节指令下发失败：关节 1 指令加速度 1093°/s² 超过上限 720°/s²
2026-08-07 15:09:55,710 WARNING robot.realtime.clock [robot-continuous-jog] clock.py:103 | jog-joint 循环滞后 7.6 ms（超过一个控制周期 5.0 ms）
2026-08-07 15:09:55,714 WARNING robot.realtime.clock [robot-continuous-jog] clock.py:103 | jog-joint 循环滞后 6.5 ms（超过一个控制周期 5.0 ms）
2026-08-07 15:09:55,714 ERROR   robot.realtime.motion_streamer [robot-motion-streamer] motion_streamer.py:136 | 关节指令下发失败：关节 1 指令加速度 1824°/s² 超过上限 720°/s²
2026-08-07 15:09:55,718 WARNING robot.realtime.clock [robot-continuous-jog] clock.py:103 | jog-joint 循环滞后 5.5 ms（超过一个控制周期 5.0 ms）
2026-08-07 15:09:55,724 ERROR   robot.realtime.motion_streamer [robot-motion-streamer] motion_streamer.py:136 | 关节指令下发失败：关节 1 指令加速度 1104°/s² 超过上限 720°/s²
2026-08-07 15:09:55,724 ERROR   robot.realtime.motion_streamer [robot-motion-streamer] motion_streamer.py:136 | 关节指令下发失败：关节 1 指令速度 3090.2°/s 超过上限 180.0°/s
2026-08-07 15:09:55,730 ERROR   robot.realtime.motion_streamer [robot-motion-streamer] motion_streamer.py:136 | 关节指令下发失败：关节 1 指令加速度 1021°/s² 超过上限 720°/s²
2026-08-07 15:09:55,741 ERROR   robot.realtime.motion_streamer [robot-motion-streamer] motion_streamer.py:136 | 关节指令下发失败：关节 1 指令加速度 1736°/s² 超过上限 720°/s²
2026-08-07 15:09:55,830 ERROR   robot.realtime.motion_streamer [robot-motion-streamer] motion_streamer.py:136 | 关节指令下发失败：关节 1 指令加速度 1737°/s² 超过上限 720°/s²
2026-08-07 15:09:55,845 ERROR   robot.realtime.motion_streamer [robot-motion-streamer] motion_streamer.py:136 | 关节指令下发失败：关节 1 指令加速度 1674°/s² 超过上限 720°/s²
2026-08-07 15:09:55,892 ERROR   robot.realtime.motion_streamer [robot-motion-streamer] motion_streamer.py:136 | 关节指令下发失败：关节 1 指令速度 785.8°/s 超过上限 180.0°/s
2026-08-07 15:09:55,895 ERROR   robot.realtime.motion_streamer [robot-motion-streamer] motion_streamer.py:136 | 关节指令下发失败：关节 1 指令加速度 8214°/s² 超过上限 720°/s²
2026-08-07 15:09:55,900 ERROR   robot.realtime.motion_streamer [robot-motion-streamer] motion_streamer.py:136 | 关节指令下发失败：关节 1 指令加速度 2243°/s² 超过上限 720°/s²
2026-08-07 15:09:55,905 ERROR   robot.realtime.motion_streamer [robot-motion-streamer] motion_streamer.py:136 | 关节指令下发失败：关节 1 指令加速度 1130°/s² 超过上限 720°/s²
2026-08-07 15:09:55,917 ERROR   robot.realtime.motion_streamer [robot-motion-streamer] motion_streamer.py:136 | 关节指令下发失败：关节 1 指令加速度 1128°/s² 超过上限 720°/s²
2026-08-07 15:09:55,945 ERROR   robot.realtime.motion_streamer [robot-motion-streamer] motion_streamer.py:136 | 关节指令下发失败：关节 1 指令加速度 2150°/s² 超过上限 720°/s²
2026-08-07 15:09:55,960 ERROR   robot.realtime.motion_streamer [robot-motion-streamer] motion_streamer.py:136 | 关节指令下发失败：关节 1 指令加速度 1328°/s² 超过上限 720°/s²
2026-08-07 15:09:56,036 ERROR   robot.realtime.motion_streamer [robot-motion-streamer] motion_streamer.py:136 | 关节指令下发失败：关节 1 指令加速度 1467°/s² 超过上限 720°/s²
2026-08-07 15:09:56,039 ERROR   robot.realtime.motion_streamer [robot-motion-streamer] motion_streamer.py:136 | 关节指令下发失败：关节 1 指令加速度 1294°/s² 超过上限 720°/s²
2026-08-07 15:09:56,061 ERROR   robot.realtime.motion_streamer [robot-motion-streamer] motion_streamer.py:136 | 关节指令下发失败：关节 1 指令速度 920.7°/s 超过上限 180.0°/s
2026-08-07 15:09:56,064 ERROR   robot.realtime.motion_streamer [robot-motion-streamer] motion_streamer.py:136 | 关节指令下发失败：关节 1 指令加速度 11494°/s² 超过上限 720°/s²
2026-08-07 15:09:56,070 ERROR   robot.realtime.motion_streamer [robot-motion-streamer] motion_streamer.py:136 | 关节指令下发失败：关节 1 指令加速度 2156°/s² 超过上限 720°/s²
2026-08-07 15:09:56,082 ERROR   robot.realtime.motion_streamer [robot-motion-streamer] motion_streamer.py:136 | 关节指令下发失败：关节 1 指令加速度 465453°/s² 超过上限 720°/s²
2026-08-07 15:09:56,087 ERROR   robot.realtime.motion_streamer [robot-motion-streamer] motion_streamer.py:136 | 关节指令下发失败：关节 1 指令加速度 3159°/s² 超过上限 720°/s²
2026-08-07 15:09:56,091 ERROR   robot.realtime.motion_streamer [robot-motion-streamer] motion_streamer.py:136 | 关节指令下发失败：关节 1 指令加速度 1022°/s² 超过上限 720°/s²
2026-08-07 15:09:56,105 ERROR   robot.realtime.motion_streamer [robot-motion-streamer] motion_streamer.py:136 | 关节指令下发失败：关节 1 指令加速度 1016°/s² 超过上限 720°/s²
2026-08-07 15:09:56,145 ERROR   robot.realtime.motion_streamer [robot-motion-streamer] motion_streamer.py:136 | 关节指令下发失败：关节 1 指令加速度 1014°/s² 超过上限 720°/s²
2026-08-07 15:09:56,167 ERROR   robot.realtime.motion_streamer [robot-motion-streamer] motion_streamer.py:136 | 关节指令下发失败：关节 1 指令速度 249.7°/s 超过上限 180.0°/s
2026-08-07 15:09:56,170 ERROR   robot.realtime.motion_streamer [robot-motion-streamer] motion_streamer.py:136 | 关节指令下发失败：关节 1 指令加速度 8128°/s² 超过上限 720°/s²
2026-08-07 15:09:56,175 ERROR   robot.realtime.motion_streamer [robot-motion-streamer] motion_streamer.py:136 | 关节指令下发失败：关节 1 指令加速度 1679°/s² 超过上限 720°/s²
2026-08-07 15:09:56,185 ERROR   robot.realtime.motion_streamer [robot-motion-streamer] motion_streamer.py:136 | 关节指令下发失败：关节 1 指令加速度 1281°/s² 超过上限 720°/s²
2026-08-07 15:09:56,295 ERROR   robot.realtime.motion_streamer [robot-motion-streamer] motion_streamer.py:136 | 关节指令下发失败：关节 1 指令加速度 1521°/s² 超过上限 720°/s²
2026-08-07 15:09:56,305 ERROR   robot.realtime.motion_streamer [robot-motion-streamer] motion_streamer.py:136 | 关节指令下发失败：关节 1 指令加速度 1977°/s² 超过上限 720°/s²
2026-08-07 15:09:56,395 ERROR   robot.realtime.motion_streamer [robot-motion-streamer] motion_streamer.py:136 | 关节指令下发失败：关节 1 指令加速度 990°/s² 超过上限 720°/s²
2026-08-07 15:09:56,405 ERROR   robot.realtime.motion_streamer [robot-motion-streamer] motion_streamer.py:136 | 关节指令下发失败：关节 1 指令加速度 1200°/s² 超过上限 720°/s²
2026-08-07 15:09:56,661 ERROR   robot.realtime.motion_streamer [robot-motion-streamer] motion_streamer.py:136 | 关节指令下发失败：关节 1 指令加速度 1668°/s² 超过上限 720°/s²
2026-08-07 15:09:56,737 ERROR   robot.realtime.motion_streamer [robot-motion-streamer] motion_streamer.py:136 | 关节指令下发失败：关节 1 指令速度 738.5°/s 超过上限 180.0°/s
2026-08-07 15:09:56,741 ERROR   robot.realtime.motion_streamer [robot-motion-streamer] motion_streamer.py:136 | 关节指令下发失败：关节 1 指令加速度 5201°/s² 超过上限 720°/s²
2026-08-07 15:09:56,746 ERROR   robot.realtime.motion_streamer [robot-motion-streamer] motion_streamer.py:136 | 关节指令下发失败：关节 1 指令加速度 2001°/s² 超过上限 720°/s²
2026-08-07 15:09:56,750 ERROR   robot.realtime.motion_streamer [robot-motion-streamer] motion_streamer.py:136 | 关节指令下发失败：关节 1 指令加速度 1051°/s² 超过上限 720°/s²
2026-08-07 15:09:56,774 ERROR   robot.realtime.motion_streamer [robot-motion-streamer] motion_streamer.py:136 | 关节指令下发失败：关节 1 指令速度 985.6°/s 超过上限 180.0°/s
2026-08-07 15:09:56,775 ERROR   robot.realtime.motion_streamer [robot-motion-streamer] motion_streamer.py:136 | 关节指令下发失败：关节 1 指令加速度 44471°/s² 超过上限 720°/s²
2026-08-07 15:09:56,776 ERROR   robot.realtime.motion_streamer [robot-motion-streamer] motion_streamer.py:136 | 关节指令下发失败：关节 1 指令加速度 57333°/s² 超过上限 720°/s²
2026-08-07 15:09:56,779 ERROR   robot.realtime.motion_streamer [robot-motion-streamer] motion_streamer.py:136 | 关节指令下发失败：关节 1 指令加速度 8256°/s² 超过上限 720°/s²
2026-08-07 15:09:56,784 ERROR   robot.realtime.motion_streamer [robot-motion-streamer] motion_streamer.py:136 | 关节指令下发失败：关节 1 指令加速度 2823°/s² 超过上限 720°/s²
2026-08-07 15:09:56,789 ERROR   robot.realtime.motion_streamer [robot-motion-streamer] motion_streamer.py:136 | 关节指令下发失败：关节 1 指令加速度 1553°/s² 超过上限 720°/s²
2026-08-07 15:09:56,795 ERROR   robot.realtime.motion_streamer [robot-motion-streamer] motion_streamer.py:136 | 关节指令下发失败：关节 1 指令加速度 979°/s² 超过上限 720°/s²
2026-08-07 15:09:56,805 ERROR   robot.realtime.motion_streamer [robot-motion-streamer] motion_streamer.py:136 | 关节指令下发失败：关节 1 指令加速度 1612°/s² 超过上限 720°/s²
2026-08-07 15:09:56,872 ERROR   robot.realtime.motion_streamer [robot-motion-streamer] motion_streamer.py:136 | 关节指令下发失败：关节 1 指令加速度 872°/s² 超过上限 720°/s²
2026-08-07 15:09:56,880 ERROR   robot.realtime.motion_streamer [robot-motion-streamer] motion_streamer.py:136 | 关节指令下发失败：关节 1 指令加速度 1308°/s² 超过上限 720°/s²
2026-08-07 15:09:56,929 ERROR   robot.realtime.motion_streamer [robot-motion-streamer] motion_streamer.py:136 | 关节指令下发失败：关节 1 指令加速度 1001°/s² 超过上限 720°/s²
2026-08-07 15:09:57,182 ERROR   robot.realtime.motion_streamer [robot-motion-streamer] motion_streamer.py:136 | 关节指令下发失败：关节 1 指令速度 468.8°/s 超过上限 180.0°/s
2026-08-07 15:09:57,186 ERROR   robot.realtime.motion_streamer [robot-motion-streamer] motion_streamer.py:136 | 关节指令下发失败：关节 1 指令加速度 8417°/s² 超过上限 720°/s²
2026-08-07 15:09:57,190 ERROR   robot.realtime.motion_streamer [robot-motion-streamer] motion_streamer.py:136 | 关节指令下发失败：关节 1 指令加速度 2156°/s² 超过上限 720°/s²
2026-08-07 15:09:57,195 ERROR   robot.realtime.motion_streamer [robot-motion-streamer] motion_streamer.py:136 | 关节指令下发失败：关节 1 指令加速度 1143°/s² 超过上限 720°/s²
2026-08-07 15:09:57,211 ERROR   robot.realtime.motion_streamer [robot-motion-streamer] motion_streamer.py:136 | 关节指令下发失败：关节 1 指令加速度 1173°/s² 超过上限 720°/s²
2026-08-07 15:09:57,216 ERROR   robot.realtime.motion_streamer [robot-motion-streamer] motion_streamer.py:136 | 关节指令下发失败：关节 1 指令速度 829.9°/s 超过上限 180.0°/s
2026-08-07 15:09:57,221 ERROR   robot.realtime.motion_streamer [robot-motion-streamer] motion_streamer.py:136 | 关节指令下发失败：关节 1 指令加速度 2778°/s² 超过上限 720°/s²
2026-08-07 15:09:57,226 ERROR   robot.realtime.motion_streamer [robot-motion-streamer] motion_streamer.py:136 | 关节指令下发失败：关节 1 指令加速度 1055°/s² 超过上限 720°/s²
2026-08-07 15:09:57,236 ERROR   robot.realtime.motion_streamer [robot-motion-streamer] motion_streamer.py:136 | 关节指令下发失败：关节 1 指令加速度 1543°/s² 超过上限 720°/s²
2026-08-07 15:09:57,261 ERROR   robot.realtime.motion_streamer [robot-motion-streamer] motion_streamer.py:136 | 关节指令下发失败：关节 1 指令加速度 1626°/s² 超过上限 720°/s²
2026-08-07 15:09:57,324 ERROR   robot.realtime.motion_streamer [robot-motion-streamer] motion_streamer.py:136 | 关节指令下发失败：关节 1 指令速度 964.0°/s 超过上限 180.0°/s
2026-08-07 15:09:57,324 ERROR   robot.realtime.motion_streamer [robot-motion-streamer] motion_streamer.py:136 | 关节指令下发失败：关节 1 指令加速度 207108°/s² 超过上限 720°/s²
2026-08-07 15:09:57,330 ERROR   robot.realtime.motion_streamer [robot-motion-streamer] motion_streamer.py:136 | 关节指令下发失败：关节 1 指令加速度 4351°/s² 超过上限 720°/s²
2026-08-07 15:09:57,330 ERROR   robot.realtime.motion_streamer [robot-motion-streamer] motion_streamer.py:136 | 关节指令下发失败：关节 1 指令加速度 5624°/s² 超过上限 720°/s²
2026-08-07 15:09:57,339 ERROR   robot.realtime.motion_streamer [robot-motion-streamer] motion_streamer.py:136 | 关节指令下发失败：关节 1 指令加速度 1370°/s² 超过上限 720°/s²
2026-08-07 15:09:57,345 ERROR   robot.realtime.motion_streamer [robot-motion-streamer] motion_streamer.py:136 | 关节指令下发失败：关节 1 指令速度 1242.5°/s 超过上限 180.0°/s
2026-08-07 15:09:57,350 ERROR   robot.realtime.motion_streamer [robot-motion-streamer] motion_streamer.py:136 | 关节指令下发失败：关节 1 指令加速度 3746°/s² 超过上限 720°/s²
2026-08-07 15:09:57,359 ERROR   robot.realtime.motion_streamer [robot-motion-streamer] motion_streamer.py:136 | 关节指令下发失败：关节 1 指令加速度 953°/s² 超过上限 720°/s²
2026-08-07 15:09:57,379 ERROR   robot.realtime.motion_streamer [robot-motion-streamer] motion_streamer.py:136 | 关节指令下发失败：关节 1 指令加速度 1377°/s² 超过上限 720°/s²
2026-08-07 15:09:57,496 ERROR   robot.realtime.motion_streamer [robot-motion-streamer] motion_streamer.py:136 | 关节指令下发失败：关节 1 指令加速度 2158°/s² 超过上限 720°/s²
2026-08-07 15:09:57,506 ERROR   robot.realtime.motion_streamer [robot-motion-streamer] motion_streamer.py:136 | 关节指令下发失败：关节 1 指令加速度 1103°/s² 超过上限 720°/s²
2026-08-07 15:09:57,515 ERROR   robot.realtime.motion_streamer [robot-motion-streamer] motion_streamer.py:136 | 关节指令下发失败：关节 1 指令加速度 1368°/s² 超过上限 720°/s²
2026-08-07 15:09:57,540 WARNING robot.realtime.clock [robot-continuous-jog] clock.py:103 | jog-joint 循环滞后 13.0 ms（超过一个控制周期 5.0 ms）
2026-08-07 15:09:57,547 WARNING robot.realtime.clock [robot-continuous-jog] clock.py:103 | jog-joint 循环滞后 15.0 ms（超过一个控制周期 5.0 ms）
2026-08-07 15:09:57,550 WARNING robot.realtime.clock [robot-continuous-jog] clock.py:103 | jog-joint 循环滞后 12.3 ms（超过一个控制周期 5.0 ms）
2026-08-07 15:09:57,550 ERROR   robot.realtime.motion_streamer [robot-motion-streamer] motion_streamer.py:136 | 关节指令下发失败：关节 1 指令加速度 9459°/s² 超过上限 720°/s²
2026-08-07 15:09:57,551 WARNING robot.realtime.clock [robot-continuous-jog] clock.py:103 | jog-joint 循环滞后 9.2 ms（超过一个控制周期 5.0 ms）
2026-08-07 15:09:57,552 ERROR   robot.realtime.motion_streamer [robot-motion-streamer] motion_streamer.py:136 | 关节指令下发失败：关节 1 指令加速度 5786°/s² 超过上限 720°/s²
2026-08-07 15:09:57,553 WARNING robot.realtime.clock [robot-continuous-jog] clock.py:103 | jog-joint 循环滞后 6.1 ms（超过一个控制周期 5.0 ms）
2026-08-07 15:09:57,554 ERROR   robot.realtime.motion_streamer [robot-motion-streamer] motion_streamer.py:136 | 关节指令下发失败：关节 1 指令加速度 4240°/s² 超过上限 720°/s²
2026-08-07 15:09:57,559 ERROR   robot.realtime.motion_streamer [robot-motion-streamer] motion_streamer.py:136 | 关节指令下发失败：关节 1 指令加速度 1195°/s² 超过上限 720°/s²
2026-08-07 15:09:57,560 ERROR   robot.realtime.motion_streamer [robot-motion-streamer] motion_streamer.py:136 | 关节指令下发失败：关节 1 指令加速度 1619°/s² 超过上限 720°/s²
2026-08-07 15:09:57,560 ERROR   robot.realtime.motion_streamer [robot-motion-streamer] motion_streamer.py:136 | 关节指令下发失败：关节 1 指令加速度 2065°/s² 超过上限 720°/s²
2026-08-07 15:09:57,566 ERROR   robot.realtime.motion_streamer [robot-motion-streamer] motion_streamer.py:136 | 关节指令下发失败：关节 1 指令加速度 882°/s² 超过上限 720°/s²
2026-08-07 15:09:57,576 ERROR   robot.realtime.motion_streamer [robot-motion-streamer] motion_streamer.py:136 | 关节指令下发失败：关节 1 指令加速度 1989°/s² 超过上限 720°/s²
2026-08-07 15:09:57,581 ERROR   robot.realtime.motion_streamer [robot-motion-streamer] motion_streamer.py:136 | 关节指令下发失败：关节 1 指令加速度 1012°/s² 超过上限 720°/s²
2026-08-07 15:09:57,600 ERROR   robot.realtime.motion_streamer [robot-motion-streamer] motion_streamer.py:136 | 关节指令下发失败：关节 1 指令加速度 1398°/s² 超过上限 720°/s²
2026-08-07 15:09:57,610 ERROR   robot.realtime.motion_streamer [robot-motion-streamer] motion_streamer.py:136 | 关节指令下发失败：关节 1 指令加速度 987°/s² 超过上限 720°/s²
2026-08-07 15:09:57,646 ERROR   robot.realtime.motion_streamer [robot-motion-streamer] motion_streamer.py:136 | 关节指令下发失败：关节 1 指令速度 889.9°/s 超过上限 180.0°/s
2026-08-07 15:09:57,651 ERROR   robot.realtime.motion_streamer [robot-motion-streamer] motion_streamer.py:136 | 关节指令下发失败：关节 1 指令加速度 5403°/s² 超过上限 720°/s²
2026-08-07 15:09:57,654 ERROR   robot.realtime.motion_streamer [robot-motion-streamer] motion_streamer.py:136 | 关节指令下发失败：关节 1 指令加速度 2527°/s² 超过上限 720°/s²
2026-08-07 15:09:57,660 ERROR   robot.realtime.motion_streamer [robot-motion-streamer] motion_streamer.py:136 | 关节指令下发失败：关节 1 指令加速度 1112°/s² 超过上限 720°/s²
2026-08-07 15:09:57,669 ERROR   robot.realtime.motion_streamer [robot-motion-streamer] motion_streamer.py:136 | 关节指令下发失败：关节 1 指令加速度 1157°/s² 超过上限 720°/s²
2026-08-07 15:09:57,761 ERROR   robot.realtime.motion_streamer [robot-motion-streamer] motion_streamer.py:136 | 关节指令下发失败：关节 1 指令加速度 1663°/s² 超过上限 720°/s²
2026-08-07 15:09:57,783 WARNING robot.realtime.clock [robot-continuous-jog] clock.py:103 | jog-joint 循环滞后 5.9 ms（超过一个控制周期 5.0 ms）
2026-08-07 15:09:57,791 WARNING robot.realtime.clock [robot-continuous-jog] clock.py:103 | jog-joint 循环滞后 8.7 ms（超过一个控制周期 5.0 ms）
2026-08-07 15:09:57,796 WARNING robot.realtime.clock [robot-continuous-jog] clock.py:103 | jog-joint 循环滞后 8.7 ms（超过一个控制周期 5.0 ms）
2026-08-07 15:09:57,796 ERROR   robot.realtime.motion_streamer [robot-motion-streamer] motion_streamer.py:136 | 关节指令下发失败：关节 1 指令加速度 1086°/s² 超过上限 720°/s²
2026-08-07 15:09:57,799 WARNING robot.realtime.clock [robot-continuous-jog] clock.py:103 | jog-joint 循环滞后 7.1 ms（超过一个控制周期 5.0 ms）
2026-08-07 15:09:57,800 ERROR   robot.realtime.motion_streamer [robot-motion-streamer] motion_streamer.py:136 | 关节指令下发失败：关节 1 指令加速度 939°/s² 超过上限 720°/s²
2026-08-07 15:09:57,802 WARNING robot.realtime.clock [robot-continuous-jog] clock.py:103 | jog-joint 循环滞后 5.1 ms（超过一个控制周期 5.0 ms）
2026-08-07 15:09:57,809 ERROR   robot.realtime.motion_streamer [robot-motion-streamer] motion_streamer.py:136 | 关节指令下发失败：关节 1 指令加速度 915°/s² 超过上限 720°/s²
2026-08-07 15:09:57,809 ERROR   robot.realtime.motion_streamer [robot-motion-streamer] motion_streamer.py:136 | 关节指令下发失败：关节 1 指令加速度 1239°/s² 超过上限 720°/s²
2026-08-07 15:09:57,809 ERROR   robot.realtime.motion_streamer [robot-motion-streamer] motion_streamer.py:136 | 关节指令下发失败：关节 1 指令加速度 3253°/s² 超过上限 720°/s²
2026-08-07 15:09:57,814 ERROR   robot.realtime.motion_streamer [robot-motion-streamer] motion_streamer.py:136 | 关节指令下发失败：关节 1 指令加速度 932°/s² 超过上限 720°/s²
2026-08-07 15:09:57,825 ERROR   robot.realtime.motion_streamer [robot-motion-streamer] motion_streamer.py:136 | 关节指令下发失败：关节 1 指令加速度 1741°/s² 超过上限 720°/s²
2026-08-07 15:09:57,896 ERROR   robot.realtime.motion_streamer [robot-motion-streamer] motion_streamer.py:136 | 关节指令下发失败：关节 1 指令加速度 903°/s² 超过上限 720°/s²
2026-08-07 15:09:57,931 ERROR   robot.realtime.motion_streamer [robot-motion-streamer] motion_streamer.py:136 | 关节指令下发失败：关节 1 指令加速度 2296°/s² 超过上限 720°/s²
2026-08-07 15:09:57,935 ERROR   robot.realtime.motion_streamer [robot-motion-streamer] motion_streamer.py:136 | 关节指令下发失败：关节 1 指令加速度 1147°/s² 超过上限 720°/s²
2026-08-07 15:09:57,996 ERROR   robot.realtime.motion_streamer [robot-motion-streamer] motion_streamer.py:136 | 关节指令下发失败：关节 1 指令加速度 1606°/s² 超过上限 720°/s²
2026-08-07 15:09:58,026 ERROR   robot.realtime.motion_streamer [robot-motion-streamer] motion_streamer.py:136 | 关节指令下发失败：关节 1 指令速度 933.7°/s 超过上限 180.0°/s
2026-08-07 15:09:58,027 ERROR   robot.realtime.motion_streamer [robot-motion-streamer] motion_streamer.py:136 | 关节指令下发失败：关节 1 指令速度 269.6°/s 超过上限 180.0°/s
2026-08-07 15:09:58,030 ERROR   robot.realtime.motion_streamer [robot-motion-streamer] motion_streamer.py:136 | 关节指令下发失败：关节 1 指令加速度 11733°/s² 超过上限 720°/s²
2026-08-07 15:09:58,035 ERROR   robot.realtime.motion_streamer [robot-motion-streamer] motion_streamer.py:136 | 关节指令下发失败：关节 1 指令加速度 3668°/s² 超过上限 720°/s²
2026-08-07 15:09:58,040 ERROR   robot.realtime.motion_streamer [robot-motion-streamer] motion_streamer.py:136 | 关节指令下发失败：关节 1 指令加速度 1746°/s² 超过上限 720°/s²
2026-08-07 15:09:58,045 ERROR   robot.realtime.motion_streamer [robot-motion-streamer] motion_streamer.py:136 | 关节指令下发失败：关节 1 指令加速度 1061°/s² 超过上限 720°/s²
2026-08-07 15:09:58,055 ERROR   robot.realtime.motion_streamer [robot-motion-streamer] motion_streamer.py:136 | 关节指令下发失败：关节 1 指令加速度 1477°/s² 超过上限 720°/s²
2026-08-07 15:09:58,075 ERROR   robot.realtime.motion_streamer [robot-motion-streamer] motion_streamer.py:136 | 关节指令下发失败：关节 1 指令加速度 1204°/s² 超过上限 720°/s²
2026-08-07 15:09:58,089 ERROR   robot.realtime.motion_streamer [robot-motion-streamer] motion_streamer.py:136 | 关节指令下发失败：关节 1 指令加速度 3885°/s² 超过上限 720°/s²
2026-08-07 15:09:58,132 ERROR   robot.realtime.motion_streamer [robot-motion-streamer] motion_streamer.py:136 | 关节指令下发失败：关节 1 指令速度 606.9°/s 超过上限 180.0°/s
2026-08-07 15:09:58,148 ERROR   robot.realtime.motion_streamer [robot-motion-streamer] motion_streamer.py:136 | 关节指令下发失败：关节 1 指令速度 1114.6°/s 超过上限 180.0°/s
2026-08-07 15:09:58,150 ERROR   robot.realtime.motion_streamer [robot-motion-streamer] motion_streamer.py:136 | 关节指令下发失败：关节 1 指令加速度 24641°/s² 超过上限 720°/s²
2026-08-07 15:09:58,150 ERROR   robot.realtime.motion_streamer [robot-motion-streamer] motion_streamer.py:136 | 关节指令下发失败：关节 1 指令加速度 35377°/s² 超过上限 720°/s²
2026-08-07 15:09:58,156 ERROR   robot.realtime.motion_streamer [robot-motion-streamer] motion_streamer.py:136 | 关节指令下发失败：关节 1 指令加速度 3694°/s² 超过上限 720°/s²
2026-08-07 15:09:58,178 WARNING robot.realtime.clock [robot-continuous-jog] clock.py:103 | jog-joint 循环滞后 10.3 ms（超过一个控制周期 5.0 ms）
2026-08-07 15:09:58,178 ERROR   robot.realtime.motion_streamer [robot-motion-streamer] motion_streamer.py:136 | 关节指令下发失败：关节 1 指令加速度 1168°/s² 超过上限 720°/s²
2026-08-07 15:09:58,183 WARNING robot.realtime.clock [robot-continuous-jog] clock.py:103 | jog-joint 循环滞后 10.9 ms（超过一个控制周期 5.0 ms）
2026-08-07 15:09:58,187 WARNING robot.realtime.clock [robot-continuous-jog] clock.py:103 | jog-joint 循环滞后 9.4 ms（超过一个控制周期 5.0 ms）
2026-08-07 15:09:58,187 ERROR   robot.realtime.motion_streamer [robot-motion-streamer] motion_streamer.py:136 | 关节指令下发失败：关节 1 指令加速度 3517°/s² 超过上限 720°/s²
2026-08-07 15:09:58,190 WARNING robot.realtime.clock [robot-continuous-jog] clock.py:103 | jog-joint 循环滞后 8.0 ms（超过一个控制周期 5.0 ms）
2026-08-07 15:09:58,190 ERROR   robot.realtime.motion_streamer [robot-motion-streamer] motion_streamer.py:136 | 关节指令下发失败：关节 1 指令加速度 1682°/s² 超过上限 720°/s²
2026-08-07 15:09:58,195 ERROR   robot.realtime.motion_streamer [robot-motion-streamer] motion_streamer.py:136 | 关节指令下发失败：关节 1 指令加速度 871°/s² 超过上限 720°/s²
2026-08-07 15:09:58,195 ERROR   robot.realtime.motion_streamer [robot-motion-streamer] motion_streamer.py:136 | 关节指令下发失败：关节 1 指令加速度 1275°/s² 超过上限 720°/s²
2026-08-07 15:09:58,195 ERROR   robot.realtime.motion_streamer [robot-motion-streamer] motion_streamer.py:136 | 关节指令下发失败：关节 1 指令加速度 1755°/s² 超过上限 720°/s²
2026-08-07 15:09:58,199 ERROR   robot.realtime.motion_streamer [robot-motion-streamer] motion_streamer.py:136 | 关节指令下发失败：关节 1 指令加速度 1223°/s² 超过上限 720°/s²
2026-08-07 15:09:58,210 ERROR   robot.realtime.motion_streamer [robot-motion-streamer] motion_streamer.py:136 | 关节指令下发失败：关节 1 指令加速度 2114°/s² 超过上限 720°/s²
2026-08-07 15:09:58,217 ERROR   robot.realtime.motion_streamer [robot-motion-streamer] motion_streamer.py:136 | 关节指令下发失败：关节 1 指令加速度 1058°/s² 超过上限 720°/s²
2026-08-07 15:09:58,225 ERROR   robot.realtime.motion_streamer [robot-motion-streamer] motion_streamer.py:136 | 关节指令下发失败：关节 1 指令加速度 3146°/s² 超过上限 720°/s²
2026-08-07 15:09:58,239 ERROR   robot.realtime.motion_streamer [robot-motion-streamer] motion_streamer.py:136 | 关节指令下发失败：关节 1 指令加速度 1222°/s² 超过上限 720°/s²
2026-08-07 15:09:58,277 ERROR   robot.realtime.motion_streamer [robot-motion-streamer] motion_streamer.py:136 | 关节指令下发失败：关节 1 指令速度 724.2°/s 超过上限 180.0°/s
2026-08-07 15:09:58,281 ERROR   robot.realtime.motion_streamer [robot-motion-streamer] motion_streamer.py:136 | 关节指令下发失败：关节 1 指令加速度 7473°/s² 超过上限 720°/s²
2026-08-07 15:09:58,286 ERROR   robot.realtime.motion_streamer [robot-motion-streamer] motion_streamer.py:136 | 关节指令下发失败：关节 1 指令加速度 2042°/s² 超过上限 720°/s²
2026-08-07 15:09:58,291 ERROR   robot.realtime.motion_streamer [robot-motion-streamer] motion_streamer.py:136 | 关节指令下发失败：关节 1 指令加速度 993°/s² 超过上限 720°/s²
2026-08-07 15:09:58,300 ERROR   robot.realtime.motion_streamer [robot-motion-streamer] motion_streamer.py:136 | 关节指令下发失败：关节 1 指令加速度 1020°/s² 超过上限 720°/s²
2026-08-07 15:09:58,405 ERROR   robot.realtime.motion_streamer [robot-motion-streamer] motion_streamer.py:136 | 关节指令下发失败：关节 1 指令加速度 898°/s² 超过上限 720°/s²
2026-08-07 15:09:58,435 ERROR   robot.realtime.motion_streamer [robot-motion-streamer] motion_streamer.py:136 | 关节指令下发失败：关节 1 指令加速度 931°/s² 超过上限 720°/s²
2026-08-07 15:09:58,511 ERROR   robot.realtime.motion_streamer [robot-motion-streamer] motion_streamer.py:136 | 关节指令下发失败：关节 1 指令加速度 1044°/s² 超过上限 720°/s²
2026-08-07 15:09:58,596 ERROR   robot.realtime.motion_streamer [robot-motion-streamer] motion_streamer.py:136 | 关节指令下发失败：关节 1 指令加速度 2442°/s² 超过上限 720°/s²
2026-08-07 15:09:58,680 ERROR   robot.realtime.motion_streamer [robot-motion-streamer] motion_streamer.py:136 | 关节指令下发失败：关节 1 指令加速度 1643°/s² 超过上限 720°/s²
2026-08-07 15:09:58,850 ERROR   robot.realtime.motion_streamer [robot-motion-streamer] motion_streamer.py:136 | 关节指令下发失败：关节 1 指令加速度 964°/s² 超过上限 720°/s²
2026-08-07 15:10:17,911 ERROR   robot.realtime.motion_streamer [robot-motion-streamer] motion_streamer.py:136 | 关节指令下发失败：关节 1 指令速度 1211.1°/s 超过上限 180.0°/s
2026-08-07 15:10:17,911 ERROR   robot.realtime.motion_streamer [robot-motion-streamer] motion_streamer.py:136 | 关节指令下发失败：关节 1 指令加速度 231623°/s² 超过上限 720°/s²
2026-08-07 15:10:17,916 ERROR   robot.realtime.motion_streamer [robot-motion-streamer] motion_streamer.py:136 | 关节指令下发失败：关节 1 指令加速度 8938°/s² 超过上限 720°/s²
2026-08-07 15:10:17,921 ERROR   robot.realtime.motion_streamer [robot-motion-streamer] motion_streamer.py:136 | 关节指令下发失败：关节 1 指令加速度 3125°/s² 超过上限 720°/s²
2026-08-07 15:10:17,925 ERROR   robot.realtime.motion_streamer [robot-motion-streamer] motion_streamer.py:136 | 关节指令下发失败：关节 1 指令加速度 1777°/s² 超过上限 720°/s²
2026-08-07 15:10:17,931 ERROR   robot.realtime.motion_streamer [robot-motion-streamer] motion_streamer.py:136 | 关节指令下发失败：关节 1 指令加速度 1113°/s² 超过上限 720°/s²
2026-08-07 15:10:17,941 ERROR   robot.realtime.motion_streamer [robot-motion-streamer] motion_streamer.py:136 | 关节指令下发失败：关节 1 指令加速度 1189°/s² 超过上限 720°/s²
2026-08-07 15:10:17,961 ERROR   robot.realtime.motion_streamer [robot-motion-streamer] motion_streamer.py:136 | 关节指令下发失败：关节 1 指令加速度 4704°/s² 超过上限 720°/s²
2026-08-07 15:10:17,966 ERROR   robot.realtime.motion_streamer [robot-motion-streamer] motion_streamer.py:136 | 关节指令下发失败：关节 1 指令加速度 965°/s² 超过上限 720°/s²
2026-08-07 15:10:18,332 ERROR   robot.realtime.motion_streamer [robot-motion-streamer] motion_streamer.py:136 | 关节指令下发失败：关节 1 指令加速度 1270°/s² 超过上限 720°/s²
2026-08-07 15:10:18,347 ERROR   robot.realtime.motion_streamer [robot-motion-streamer] motion_streamer.py:136 | 关节指令下发失败：关节 1 指令加速度 1008°/s² 超过上限 720°/s²
2026-08-07 15:10:18,362 ERROR   robot.realtime.motion_streamer [robot-motion-streamer] motion_streamer.py:136 | 关节指令下发失败：关节 1 指令速度 1463.1°/s 超过上限 180.0°/s
2026-08-07 15:10:18,366 ERROR   robot.realtime.motion_streamer [robot-motion-streamer] motion_streamer.py:136 | 关节指令下发失败：关节 1 指令加速度 6338°/s² 超过上限 720°/s²
2026-08-07 15:10:18,371 ERROR   robot.realtime.motion_streamer [robot-motion-streamer] motion_streamer.py:136 | 关节指令下发失败：关节 1 指令加速度 1751°/s² 超过上限 720°/s²
2026-08-07 15:10:18,376 ERROR   robot.realtime.motion_streamer [robot-motion-streamer] motion_streamer.py:136 | 关节指令下发失败：关节 1 指令加速度 866°/s² 超过上限 720°/s²
2026-08-07 15:10:18,386 ERROR   robot.realtime.motion_streamer [robot-motion-streamer] motion_streamer.py:136 | 关节指令下发失败：关节 1 指令加速度 978°/s² 超过上限 720°/s²
2026-08-07 15:10:18,401 ERROR   robot.realtime.motion_streamer [robot-motion-streamer] motion_streamer.py:136 | 关节指令下发失败：关节 1 指令加速度 1007°/s² 超过上限 720°/s²
2026-08-07 15:10:18,430 ERROR   robot.realtime.motion_streamer [robot-motion-streamer] motion_streamer.py:136 | 关节指令下发失败：关节 1 指令加速度 1980°/s² 超过上限 720°/s²
2026-08-07 15:10:18,543 ERROR   robot.realtime.motion_streamer [robot-motion-streamer] motion_streamer.py:136 | 关节指令下发失败：关节 1 指令加速度 1021°/s² 超过上限 720°/s²
2026-08-07 15:10:18,551 ERROR   robot.realtime.motion_streamer [robot-motion-streamer] motion_streamer.py:136 | 关节指令下发失败：关节 1 指令加速度 1231°/s² 超过上限 720°/s²
2026-08-07 15:10:18,566 ERROR   robot.realtime.motion_streamer [robot-motion-streamer] motion_streamer.py:136 | 关节指令下发失败：关节 1 指令加速度 1026°/s² 超过上限 720°/s²
2026-08-07 15:10:18,586 ERROR   robot.realtime.motion_streamer [robot-motion-streamer] motion_streamer.py:136 | 关节指令下发失败：关节 1 指令加速度 3500°/s² 超过上限 720°/s²
2026-08-07 15:10:18,591 ERROR   robot.realtime.motion_streamer [robot-motion-streamer] motion_streamer.py:136 | 关节指令下发失败：关节 1 指令加速度 936°/s² 超过上限 720°/s²
2026-08-07 15:10:21,384 ERROR   robot.realtime.motion_streamer [robot-motion-streamer] motion_streamer.py:136 | 关节指令下发失败：关节 1 指令加速度 5208°/s² 超过上限 720°/s²
2026-08-07 15:10:21,388 ERROR   robot.realtime.motion_streamer [robot-motion-streamer] motion_streamer.py:136 | 关节指令下发失败：关节 1 指令加速度 2144°/s² 超过上限 720°/s²
2026-08-07 15:10:21,393 ERROR   robot.realtime.motion_streamer [robot-motion-streamer] motion_streamer.py:136 | 关节指令下发失败：关节 1 指令加速度 1231°/s² 超过上限 720°/s²
2026-08-07 15:10:21,398 ERROR   robot.realtime.motion_streamer [robot-motion-streamer] motion_streamer.py:136 | 关节指令下发失败：关节 1 指令加速度 892°/s² 超过上限 720°/s²
2026-08-07 15:10:21,510 ERROR   robot.realtime.motion_streamer [robot-motion-streamer] motion_streamer.py:136 | 关节指令下发失败：关节 1 指令加速度 1503°/s² 超过上限 720°/s²
2026-08-07 15:10:21,524 ERROR   robot.realtime.motion_streamer [robot-motion-streamer] motion_streamer.py:136 | 关节指令下发失败：关节 1 指令加速度 1391°/s² 超过上限 720°/s²
2026-08-07 15:10:21,563 ERROR   robot.realtime.motion_streamer [robot-motion-streamer] motion_streamer.py:136 | 关节指令下发失败：关节 1 指令加速度 1881°/s² 超过上限 720°/s²
2026-08-07 15:10:21,586 ERROR   robot.realtime.motion_streamer [robot-motion-streamer] motion_streamer.py:136 | 关节指令下发失败：关节 1 指令加速度 7253°/s² 超过上限 720°/s²
2026-08-07 15:10:21,589 ERROR   robot.realtime.motion_streamer [robot-motion-streamer] motion_streamer.py:136 | 关节指令下发失败：关节 1 指令加速度 4035°/s² 超过上限 720°/s²
2026-08-07 15:10:21,593 ERROR   robot.realtime.motion_streamer [robot-motion-streamer] motion_streamer.py:136 | 关节指令下发失败：关节 1 指令加速度 1700°/s² 超过上限 720°/s²
2026-08-07 15:10:21,598 ERROR   robot.realtime.motion_streamer [robot-motion-streamer] motion_streamer.py:136 | 关节指令下发失败：关节 1 指令加速度 865°/s² 超过上限 720°/s²
2026-08-07 15:10:21,611 ERROR   robot.realtime.motion_streamer [robot-motion-streamer] motion_streamer.py:136 | 关节指令下发失败：关节 1 指令加速度 1199°/s² 超过上限 720°/s²
2026-08-07 15:10:21,619 ERROR   robot.realtime.motion_streamer [robot-motion-streamer] motion_streamer.py:136 | 关节指令下发失败：关节 1 指令加速度 1577°/s² 超过上限 720°/s²
2026-08-07 15:10:21,675 ERROR   robot.realtime.motion_streamer [robot-motion-streamer] motion_streamer.py:136 | 关节指令下发失败：关节 1 指令加速度 2111°/s² 超过上限 720°/s²
2026-08-07 15:10:21,679 ERROR   robot.realtime.motion_streamer [robot-motion-streamer] motion_streamer.py:136 | 关节指令下发失败：关节 1 指令加速度 897°/s² 超过上限 720°/s²
2026-08-07 15:10:21,763 ERROR   robot.realtime.motion_streamer [robot-motion-streamer] motion_streamer.py:136 | 关节指令下发失败：关节 1 指令速度 774.9°/s 超过上限 180.0°/s
2026-08-07 15:10:21,767 ERROR   robot.realtime.motion_streamer [robot-motion-streamer] motion_streamer.py:136 | 关节指令下发失败：关节 1 指令加速度 8385°/s² 超过上限 720°/s²
2026-08-07 15:10:21,772 ERROR   robot.realtime.motion_streamer [robot-motion-streamer] motion_streamer.py:136 | 关节指令下发失败：关节 1 指令加速度 2205°/s² 超过上限 720°/s²
2026-08-07 15:10:21,775 ERROR   robot.realtime.motion_streamer [robot-motion-streamer] motion_streamer.py:136 | 关节指令下发失败：关节 1 指令加速度 1682°/s² 超过上限 720°/s²
2026-08-07 15:10:21,775 ERROR   robot.realtime.motion_streamer [robot-motion-streamer] motion_streamer.py:136 | 关节指令下发失败：关节 1 指令加速度 2126°/s² 超过上限 720°/s²
2026-08-07 15:10:21,779 ERROR   robot.realtime.motion_streamer [robot-motion-streamer] motion_streamer.py:136 | 关节指令下发失败：关节 1 指令加速度 1474°/s² 超过上限 720°/s²
2026-08-07 15:10:21,784 ERROR   robot.realtime.motion_streamer [robot-motion-streamer] motion_streamer.py:136 | 关节指令下发失败：关节 1 指令加速度 922°/s² 超过上限 720°/s²
2026-08-07 15:10:21,796 ERROR   robot.realtime.motion_streamer [robot-motion-streamer] motion_streamer.py:136 | 关节指令下发失败：关节 1 指令加速度 1141°/s² 超过上限 720°/s²
2026-08-07 15:10:21,829 ERROR   robot.realtime.motion_streamer [robot-motion-streamer] motion_streamer.py:136 | 关节指令下发失败：关节 1 指令加速度 1206°/s² 超过上限 720°/s²
2026-08-07 15:10:21,885 ERROR   robot.realtime.motion_streamer [robot-motion-streamer] motion_streamer.py:136 | 关节指令下发失败：关节 1 指令加速度 2498°/s² 超过上限 720°/s²
2026-08-07 15:10:21,966 ERROR   robot.realtime.motion_streamer [robot-motion-streamer] motion_streamer.py:136 | 关节指令下发失败：关节 1 指令速度 801.9°/s 超过上限 180.0°/s
2026-08-07 15:10:21,966 ERROR   robot.realtime.motion_streamer [robot-motion-streamer] motion_streamer.py:136 | 关节指令下发失败：关节 1 指令速度 252.0°/s 超过上限 180.0°/s
2026-08-07 15:10:21,970 ERROR   robot.realtime.motion_streamer [robot-motion-streamer] motion_streamer.py:136 | 关节指令下发失败：关节 1 指令加速度 10397°/s² 超过上限 720°/s²
2026-08-07 15:10:21,976 ERROR   robot.realtime.motion_streamer [robot-motion-streamer] motion_streamer.py:136 | 关节指令下发失败：关节 1 指令加速度 2323°/s² 超过上限 720°/s²
2026-08-07 15:10:21,980 ERROR   robot.realtime.motion_streamer [robot-motion-streamer] motion_streamer.py:136 | 关节指令下发失败：关节 1 指令加速度 1557°/s² 超过上限 720°/s²
2026-08-07 15:10:21,984 ERROR   robot.realtime.motion_streamer [robot-motion-streamer] motion_streamer.py:136 | 关节指令下发失败：关节 1 指令加速度 1024°/s² 超过上限 720°/s²
2026-08-07 15:10:21,994 ERROR   robot.realtime.motion_streamer [robot-motion-streamer] motion_streamer.py:136 | 关节指令下发失败：关节 1 指令加速度 1381°/s² 超过上限 720°/s²
2026-08-07 15:10:22,015 ERROR   robot.realtime.motion_streamer [robot-motion-streamer] motion_streamer.py:136 | 关节指令下发失败：关节 1 指令加速度 1927°/s² 超过上限 720°/s²
2026-08-07 15:10:22,019 ERROR   robot.realtime.motion_streamer [robot-motion-streamer] motion_streamer.py:136 | 关节指令下发失败：关节 1 指令加速度 969°/s² 超过上限 720°/s²
2026-08-07 15:10:22,080 ERROR   robot.realtime.motion_streamer [robot-motion-streamer] motion_streamer.py:136 | 关节指令下发失败：关节 1 指令加速度 3619°/s² 超过上限 720°/s²
2026-08-07 15:10:22,084 ERROR   robot.realtime.motion_streamer [robot-motion-streamer] motion_streamer.py:136 | 关节指令下发失败：关节 1 指令加速度 988°/s² 超过上限 720°/s²
2026-08-07 15:10:22,099 ERROR   robot.realtime.motion_streamer [robot-motion-streamer] motion_streamer.py:136 | 关节指令下发失败：关节 1 指令加速度 886°/s² 超过上限 720°/s²
2026-08-07 15:10:22,161 ERROR   robot.realtime.motion_streamer [robot-motion-streamer] motion_streamer.py:136 | 关节指令下发失败：关节 1 指令加速度 1042°/s² 超过上限 720°/s²
2026-08-07 15:10:22,304 ERROR   robot.realtime.motion_streamer [robot-motion-streamer] motion_streamer.py:136 | 关节指令下发失败：关节 1 指令加速度 2362°/s² 超过上限 720°/s²
2026-08-07 15:10:22,350 ERROR   robot.realtime.motion_streamer [robot-motion-streamer] motion_streamer.py:136 | 关节指令下发失败：关节 1 指令速度 573.1°/s 超过上限 180.0°/s
2026-08-07 15:10:22,351 ERROR   robot.realtime.motion_streamer [robot-motion-streamer] motion_streamer.py:136 | 关节指令下发失败：关节 1 指令加速度 78509°/s² 超过上限 720°/s²
2026-08-07 15:10:22,354 ERROR   robot.realtime.motion_streamer [robot-motion-streamer] motion_streamer.py:136 | 关节指令下发失败：关节 1 指令加速度 11518°/s² 超过上限 720°/s²
2026-08-07 15:10:22,359 ERROR   robot.realtime.motion_streamer [robot-motion-streamer] motion_streamer.py:136 | 关节指令下发失败：关节 1 指令加速度 2845°/s² 超过上限 720°/s²
2026-08-07 15:10:22,363 ERROR   robot.realtime.motion_streamer [robot-motion-streamer] motion_streamer.py:136 | 关节指令下发失败：关节 1 指令加速度 1665°/s² 超过上限 720°/s²
2026-08-07 15:10:22,369 ERROR   robot.realtime.motion_streamer [robot-motion-streamer] motion_streamer.py:136 | 关节指令下发失败：关节 1 指令加速度 980°/s² 超过上限 720°/s²
2026-08-07 15:10:22,379 ERROR   robot.realtime.motion_streamer [robot-motion-streamer] motion_streamer.py:136 | 关节指令下发失败：关节 1 指令加速度 1348°/s² 超过上限 720°/s²
2026-08-07 15:10:22,413 ERROR   robot.realtime.motion_streamer [robot-motion-streamer] motion_streamer.py:136 | 关节指令下发失败：关节 1 指令加速度 1500°/s² 超过上限 720°/s²
2026-08-07 15:10:22,480 ERROR   robot.realtime.motion_streamer [robot-motion-streamer] motion_streamer.py:136 | 关节指令下发失败：关节 1 指令加速度 1968°/s² 超过上限 720°/s²
2026-08-07 15:10:22,518 ERROR   robot.realtime.motion_streamer [robot-motion-streamer] motion_streamer.py:136 | 关节指令下发失败：关节 1 指令加速度 3408°/s² 超过上限 720°/s²
2026-08-07 15:10:22,639 ERROR   robot.realtime.motion_streamer [robot-motion-streamer] motion_streamer.py:136 | 关节指令下发失败：关节 1 指令加速度 1621°/s² 超过上限 720°/s²
2026-08-07 15:10:22,680 ERROR   robot.realtime.motion_streamer [robot-motion-streamer] motion_streamer.py:136 | 关节指令下发失败：关节 1 指令加速度 1261°/s² 超过上限 720°/s²
2026-08-07 15:10:22,705 ERROR   robot.realtime.motion_streamer [robot-motion-streamer] motion_streamer.py:136 | 关节指令下发失败：关节 1 指令加速度 1274°/s² 超过上限 720°/s²
2026-08-07 15:10:22,759 ERROR   robot.realtime.motion_streamer [robot-motion-streamer] motion_streamer.py:136 | 关节指令下发失败：关节 1 指令加速度 1002°/s² 超过上限 720°/s²
2026-08-07 15:10:22,785 ERROR   robot.realtime.motion_streamer [robot-motion-streamer] motion_streamer.py:136 | 关节指令下发失败：关节 1 指令加速度 1394°/s² 超过上限 720°/s²
2026-08-07 15:10:22,816 ERROR   robot.realtime.motion_streamer [robot-motion-streamer] motion_streamer.py:136 | 关节指令下发失败：关节 1 指令速度 930.4°/s 超过上限 180.0°/s
2026-08-07 15:10:22,816 ERROR   robot.realtime.motion_streamer [robot-motion-streamer] motion_streamer.py:136 | 关节指令下发失败：关节 1 指令速度 351.2°/s 超过上限 180.0°/s
2026-08-07 15:10:22,819 ERROR   robot.realtime.motion_streamer [robot-motion-streamer] motion_streamer.py:136 | 关节指令下发失败：关节 1 指令加速度 18295°/s² 超过上限 720°/s²
2026-08-07 15:10:22,824 ERROR   robot.realtime.motion_streamer [robot-motion-streamer] motion_streamer.py:136 | 关节指令下发失败：关节 1 指令加速度 4067°/s² 超过上限 720°/s²
2026-08-07 15:10:22,829 ERROR   robot.realtime.motion_streamer [robot-motion-streamer] motion_streamer.py:136 | 关节指令下发失败：关节 1 指令加速度 1804°/s² 超过上限 720°/s²
2026-08-07 15:10:22,839 ERROR   robot.realtime.motion_streamer [robot-motion-streamer] motion_streamer.py:136 | 关节指令下发失败：关节 1 指令加速度 935°/s² 超过上限 720°/s²
2026-08-07 15:10:22,889 ERROR   robot.realtime.motion_streamer [robot-motion-streamer] motion_streamer.py:136 | 关节指令下发失败：关节 1 指令加速度 902°/s² 超过上限 720°/s²
2026-08-07 15:10:22,896 ERROR   robot.realtime.motion_streamer [robot-motion-streamer] motion_streamer.py:136 | 关节指令下发失败：关节 1 指令速度 833.5°/s 超过上限 180.0°/s
2026-08-07 15:10:22,900 ERROR   robot.realtime.motion_streamer [robot-motion-streamer] motion_streamer.py:136 | 关节指令下发失败：关节 1 指令加速度 7597°/s² 超过上限 720°/s²
2026-08-07 15:10:22,904 ERROR   robot.realtime.motion_streamer [robot-motion-streamer] motion_streamer.py:136 | 关节指令下发失败：关节 1 指令加速度 2640°/s² 超过上限 720°/s²
2026-08-07 15:10:22,909 ERROR   robot.realtime.motion_streamer [robot-motion-streamer] motion_streamer.py:136 | 关节指令下发失败：关节 1 指令加速度 1181°/s² 超过上限 720°/s²
2026-08-07 15:10:22,919 ERROR   robot.realtime.motion_streamer [robot-motion-streamer] motion_streamer.py:136 | 关节指令下发失败：关节 1 指令加速度 1276°/s² 超过上限 720°/s²
2026-08-07 15:10:22,976 ERROR   robot.realtime.motion_streamer [robot-motion-streamer] motion_streamer.py:136 | 关节指令下发失败：关节 1 指令加速度 347348°/s² 超过上限 720°/s²
2026-08-07 15:10:22,981 ERROR   robot.realtime.motion_streamer [robot-motion-streamer] motion_streamer.py:136 | 关节指令下发失败：关节 1 指令加速度 3840°/s² 超过上限 720°/s²
2026-08-07 15:10:22,984 ERROR   robot.realtime.motion_streamer [robot-motion-streamer] motion_streamer.py:136 | 关节指令下发失败：关节 1 指令加速度 2074°/s² 超过上限 720°/s²
2026-08-07 15:10:22,990 ERROR   robot.realtime.motion_streamer [robot-motion-streamer] motion_streamer.py:136 | 关节指令下发失败：关节 1 指令加速度 971°/s² 超过上限 720°/s²
2026-08-07 15:10:22,999 ERROR   robot.realtime.motion_streamer [robot-motion-streamer] motion_streamer.py:136 | 关节指令下发失败：关节 1 指令加速度 1984°/s² 超过上限 720°/s²
2026-08-07 15:10:23,104 ERROR   robot.realtime.motion_streamer [robot-motion-streamer] motion_streamer.py:136 | 关节指令下发失败：关节 1 指令加速度 869°/s² 超过上限 720°/s²
2026-08-07 15:10:23,140 ERROR   robot.realtime.motion_streamer [robot-motion-streamer] motion_streamer.py:136 | 关节指令下发失败：关节 1 指令加速度 1179°/s² 超过上限 720°/s²
2026-08-07 15:10:23,159 ERROR   robot.realtime.motion_streamer [robot-motion-streamer] motion_streamer.py:136 | 关节指令下发失败：关节 1 指令加速度 2585°/s² 超过上限 720°/s²
2026-08-07 15:10:23,179 ERROR   robot.realtime.motion_streamer [robot-motion-streamer] motion_streamer.py:136 | 关节指令下发失败：关节 1 指令加速度 1358°/s² 超过上限 720°/s²
2026-08-07 15:10:23,260 ERROR   robot.realtime.motion_streamer [robot-motion-streamer] motion_streamer.py:136 | 关节指令下发失败：关节 1 指令加速度 882°/s² 超过上限 720°/s²
2026-08-07 15:10:23,358 ERROR   robot.realtime.motion_streamer [robot-motion-streamer] motion_streamer.py:136 | 关节指令下发失败：关节 1 指令加速度 912°/s² 超过上限 720°/s²
2026-08-07 15:10:23,379 ERROR   robot.realtime.motion_streamer [robot-motion-streamer] motion_streamer.py:136 | 关节指令下发失败：关节 1 指令加速度 2390°/s² 超过上限 720°/s²
2026-08-07 15:10:23,439 ERROR   robot.realtime.motion_streamer [robot-motion-streamer] motion_streamer.py:136 | 关节指令下发失败：关节 1 指令加速度 2329°/s² 超过上限 720°/s²
2026-08-07 15:10:23,481 ERROR   robot.realtime.motion_streamer [robot-motion-streamer] motion_streamer.py:136 | 关节指令下发失败：关节 1 指令加速度 1094°/s² 超过上限 720°/s²
2026-08-07 15:10:23,728 ERROR   robot.realtime.motion_streamer [robot-motion-streamer] motion_streamer.py:136 | 关节指令下发失败：关节 1 指令加速度 1338°/s² 超过上限 720°/s²
2026-08-07 15:10:23,845 ERROR   robot.realtime.motion_streamer [robot-motion-streamer] motion_streamer.py:136 | 关节指令下发失败：关节 1 指令加速度 4820°/s² 超过上限 720°/s²
2026-08-07 15:10:23,861 ERROR   robot.realtime.motion_streamer [robot-motion-streamer] motion_streamer.py:136 | 关节指令下发失败：关节 1 指令速度 710.8°/s 超过上限 180.0°/s
2026-08-07 15:10:23,866 ERROR   robot.realtime.motion_streamer [robot-motion-streamer] motion_streamer.py:136 | 关节指令下发失败：关节 1 指令加速度 4534°/s² 超过上限 720°/s²
2026-08-07 15:10:23,869 ERROR   robot.realtime.motion_streamer [robot-motion-streamer] motion_streamer.py:136 | 关节指令下发失败：关节 1 指令加速度 2407°/s² 超过上限 720°/s²
2026-08-07 15:10:23,874 ERROR   robot.realtime.motion_streamer [robot-motion-streamer] motion_streamer.py:136 | 关节指令下发失败：关节 1 指令加速度 1054°/s² 超过上限 720°/s²
2026-08-07 15:10:23,888 ERROR   robot.realtime.motion_streamer [robot-motion-streamer] motion_streamer.py:136 | 关节指令下发失败：关节 1 指令加速度 1027°/s² 超过上限 720°/s²
2026-08-07 15:10:23,894 ERROR   robot.realtime.motion_streamer [robot-motion-streamer] motion_streamer.py:136 | 关节指令下发失败：关节 1 指令加速度 1150°/s² 超过上限 720°/s²
2026-08-07 15:10:23,940 ERROR   robot.realtime.motion_streamer [robot-motion-streamer] motion_streamer.py:136 | 关节指令下发失败：关节 1 指令加速度 1096°/s² 超过上限 720°/s²
2026-08-07 15:10:23,948 ERROR   robot.realtime.motion_streamer [robot-motion-streamer] motion_streamer.py:136 | 关节指令下发失败：关节 1 指令加速度 1230°/s² 超过上限 720°/s²
2026-08-07 15:10:23,985 ERROR   robot.realtime.motion_streamer [robot-motion-streamer] motion_streamer.py:136 | 关节指令下发失败：关节 1 指令加速度 1899°/s² 超过上限 720°/s²
2026-08-07 15:10:24,010 ERROR   robot.realtime.motion_streamer [robot-motion-streamer] motion_streamer.py:136 | 关节指令下发失败：关节 1 指令加速度 1120°/s² 超过上限 720°/s²
2026-08-07 15:10:24,035 WARNING robot.realtime.clock [robot-continuous-jog] clock.py:103 | jog-joint 循环滞后 8.6 ms（超过一个控制周期 5.0 ms）
2026-08-07 15:10:24,045 WARNING robot.realtime.clock [robot-continuous-jog] clock.py:103 | jog-joint 循环滞后 14.0 ms（超过一个控制周期 5.0 ms）
2026-08-07 15:10:24,051 WARNING robot.realtime.clock [robot-continuous-jog] clock.py:103 | jog-joint 循环滞后 14.3 ms（超过一个控制周期 5.0 ms）
2026-08-07 15:10:24,051 ERROR   robot.realtime.motion_streamer [robot-motion-streamer] motion_streamer.py:136 | 关节指令下发失败：关节 1 指令加速度 1233°/s² 超过上限 720°/s²
2026-08-07 15:10:24,055 WARNING robot.realtime.clock [robot-continuous-jog] clock.py:103 | jog-joint 循环滞后 13.1 ms（超过一个控制周期 5.0 ms）
2026-08-07 15:10:24,055 ERROR   robot.realtime.motion_streamer [robot-motion-streamer] motion_streamer.py:136 | 关节指令下发失败：关节 1 指令加速度 987°/s² 超过上限 720°/s²
2026-08-07 15:10:24,060 WARNING robot.realtime.clock [robot-continuous-jog] clock.py:103 | jog-joint 循环滞后 13.2 ms（超过一个控制周期 5.0 ms）
2026-08-07 15:10:24,062 WARNING robot.realtime.clock [robot-continuous-jog] clock.py:103 | jog-joint 循环滞后 11.0 ms（超过一个控制周期 5.0 ms）
2026-08-07 15:10:24,063 ERROR   robot.realtime.motion_streamer [robot-motion-streamer] motion_streamer.py:136 | 关节指令下发失败：关节 1 指令加速度 3765°/s² 超过上限 720°/s²
2026-08-07 15:10:24,066 WARNING robot.realtime.clock [robot-continuous-jog] clock.py:103 | jog-joint 循环滞后 9.6 ms（超过一个控制周期 5.0 ms）
2026-08-07 15:10:24,066 ERROR   robot.realtime.motion_streamer [robot-motion-streamer] motion_streamer.py:136 | 关节指令下发失败：关节 1 指令加速度 1146°/s² 超过上限 720°/s²
2026-08-07 15:10:24,070 WARNING robot.realtime.clock [robot-continuous-jog] clock.py:103 | jog-joint 循环滞后 8.8 ms（超过一个控制周期 5.0 ms）
2026-08-07 15:10:24,075 WARNING robot.realtime.clock [robot-continuous-jog] clock.py:103 | jog-joint 循环滞后 8.6 ms（超过一个控制周期 5.0 ms）
2026-08-07 15:10:24,075 ERROR   robot.realtime.motion_streamer [robot-motion-streamer] motion_streamer.py:136 | 关节指令下发失败：关节 1 指令加速度 1185°/s² 超过上限 720°/s²
2026-08-07 15:10:24,078 WARNING robot.realtime.clock [robot-continuous-jog] clock.py:103 | jog-joint 循环滞后 6.5 ms（超过一个控制周期 5.0 ms）
2026-08-07 15:10:24,081 ERROR   robot.realtime.motion_streamer [robot-motion-streamer] motion_streamer.py:136 | 关节指令下发失败：关节 1 指令加速度 2158°/s² 超过上限 720°/s²
2026-08-07 15:10:24,085 ERROR   robot.realtime.motion_streamer [robot-motion-streamer] motion_streamer.py:136 | 关节指令下发失败：关节 1 指令速度 1049.5°/s 超过上限 180.0°/s
2026-08-07 15:10:24,095 ERROR   robot.realtime.motion_streamer [robot-motion-streamer] motion_streamer.py:136 | 关节指令下发失败：关节 1 指令加速度 2378°/s² 超过上限 720°/s²
2026-08-07 15:10:24,099 ERROR   robot.realtime.motion_streamer [robot-motion-streamer] motion_streamer.py:136 | 关节指令下发失败：关节 1 指令加速度 1153°/s² 超过上限 720°/s²
2026-08-07 15:10:24,270 ERROR   robot.realtime.motion_streamer [robot-motion-streamer] motion_streamer.py:136 | 关节指令下发失败：关节 1 指令加速度 1099°/s² 超过上限 720°/s²
2026-08-07 15:10:24,294 ERROR   robot.realtime.motion_streamer [robot-motion-streamer] motion_streamer.py:136 | 关节指令下发失败：关节 1 指令加速度 1815°/s² 超过上限 720°/s²
2026-08-07 15:10:24,366 ERROR   robot.realtime.motion_streamer [robot-motion-streamer] motion_streamer.py:136 | 关节指令下发失败：关节 1 指令加速度 950°/s² 超过上限 720°/s²
2026-08-07 15:10:24,400 ERROR   robot.realtime.motion_streamer [robot-motion-streamer] motion_streamer.py:136 | 关节指令下发失败：关节 1 指令加速度 1036°/s² 超过上限 720°/s²
2026-08-07 15:10:24,419 ERROR   robot.realtime.motion_streamer [robot-motion-streamer] motion_streamer.py:136 | 关节指令下发失败：关节 1 指令加速度 2350°/s² 超过上限 720°/s²
2026-08-07 15:10:24,444 ERROR   robot.realtime.motion_streamer [robot-motion-streamer] motion_streamer.py:136 | 关节指令下发失败：关节 1 指令加速度 1835°/s² 超过上限 720°/s²
2026-08-07 15:10:24,446 ERROR   robot.realtime.motion_streamer [robot-motion-streamer] motion_streamer.py:136 | 关节指令下发失败：关节 1 指令加速度 2011°/s² 超过上限 720°/s²
2026-08-07 15:10:24,448 ERROR   robot.realtime.motion_streamer [robot-motion-streamer] motion_streamer.py:136 | 关节指令下发失败：关节 1 指令加速度 2061°/s² 超过上限 720°/s²
2026-08-07 15:10:24,453 ERROR   robot.realtime.motion_streamer [robot-motion-streamer] motion_streamer.py:136 | 关节指令下发失败：关节 1 指令加速度 962°/s² 超过上限 720°/s²
2026-08-07 15:10:24,464 ERROR   robot.realtime.motion_streamer [robot-motion-streamer] motion_streamer.py:136 | 关节指令下发失败：关节 1 指令加速度 1018°/s² 超过上限 720°/s²
2026-08-07 15:10:24,479 ERROR   robot.realtime.motion_streamer [robot-motion-streamer] motion_streamer.py:136 | 关节指令下发失败：关节 1 指令加速度 3182°/s² 超过上限 720°/s²
2026-08-07 15:10:24,510 ERROR   robot.realtime.motion_streamer [robot-motion-streamer] motion_streamer.py:136 | 关节指令下发失败：关节 1 指令加速度 1310°/s² 超过上限 720°/s²
2026-08-07 15:10:24,559 ERROR   robot.realtime.motion_streamer [robot-motion-streamer] motion_streamer.py:136 | 关节指令下发失败：关节 1 指令加速度 960°/s² 超过上限 720°/s²
2026-08-07 15:10:24,601 ERROR   robot.realtime.motion_streamer [robot-motion-streamer] motion_streamer.py:136 | 关节指令下发失败：关节 1 指令速度 594.8°/s 超过上限 180.0°/s
2026-08-07 15:10:24,605 ERROR   robot.realtime.motion_streamer [robot-motion-streamer] motion_streamer.py:136 | 关节指令下发失败：关节 1 指令加速度 7599°/s² 超过上限 720°/s²
2026-08-07 15:10:24,609 ERROR   robot.realtime.motion_streamer [robot-motion-streamer] motion_streamer.py:136 | 关节指令下发失败：关节 1 指令加速度 2490°/s² 超过上限 720°/s²
2026-08-07 15:10:24,614 ERROR   robot.realtime.motion_streamer [robot-motion-streamer] motion_streamer.py:136 | 关节指令下发失败：关节 1 指令加速度 1276°/s² 超过上限 720°/s²
2026-08-07 15:10:24,629 ERROR   robot.realtime.motion_streamer [robot-motion-streamer] motion_streamer.py:136 | 关节指令下发失败：关节 1 指令加速度 892°/s² 超过上限 720°/s²
2026-08-07 15:10:24,645 ERROR   robot.realtime.motion_streamer [robot-motion-streamer] motion_streamer.py:136 | 关节指令下发失败：关节 1 指令加速度 3288°/s² 超过上限 720°/s²
2026-08-07 15:10:24,649 ERROR   robot.realtime.motion_streamer [robot-motion-streamer] motion_streamer.py:136 | 关节指令下发失败：关节 1 指令加速度 1046°/s² 超过上限 720°/s²
2026-08-07 15:10:24,670 ERROR   robot.realtime.motion_streamer [robot-motion-streamer] motion_streamer.py:136 | 关节指令下发失败：关节 1 指令加速度 4222°/s² 超过上限 720°/s²
2026-08-07 15:10:24,675 ERROR   robot.realtime.motion_streamer [robot-motion-streamer] motion_streamer.py:136 | 关节指令下发失败：关节 1 指令加速度 1241°/s² 超过上限 720°/s²
2026-08-07 15:10:24,730 ERROR   robot.realtime.motion_streamer [robot-motion-streamer] motion_streamer.py:136 | 关节指令下发失败：关节 1 指令速度 979.2°/s 超过上限 180.0°/s
2026-08-07 15:10:24,734 ERROR   robot.realtime.motion_streamer [robot-motion-streamer] motion_streamer.py:136 | 关节指令下发失败：关节 1 指令加速度 7406°/s² 超过上限 720°/s²
2026-08-07 15:10:24,739 ERROR   robot.realtime.motion_streamer [robot-motion-streamer] motion_streamer.py:136 | 关节指令下发失败：关节 1 指令加速度 2045°/s² 超过上限 720°/s²
2026-08-07 15:10:24,770 ERROR   robot.realtime.motion_streamer [robot-motion-streamer] motion_streamer.py:136 | 关节指令下发失败：关节 1 指令加速度 1331°/s² 超过上限 720°/s²
2026-08-07 15:10:24,843 ERROR   robot.realtime.motion_streamer [robot-motion-streamer] motion_streamer.py:136 | 关节指令下发失败：关节 1 指令加速度 985°/s² 超过上限 720°/s²
2026-08-07 15:15:20,833 INFO    robot.interfaces.oscilloscope [MainThread] service.py:96 | oscilloscope sampler started at 50.0 Hz for 7 joints
2026-08-07 15:15:20,833 INFO    robot.urdf.catalog [MainThread] catalog.py:86 | 已添加 URDF 搜索目录：/home/liv/zerithWorkSpace/code/e1pro/e1_pro_full
2026-08-07 15:15:22,197 INFO    robot.interfaces.simulator [MainThread] viser_app.py:208 | 已加载机器人 E1-PRO：/home/liv/zerithWorkSpace/code/e1pro/e1_pro_full/marvin6/urdf/E1-PRO_EVT2.0_V12_260730.urdf
2026-08-07 15:15:22,197 INFO    robot.interfaces.simulator [MainThread] viser_app.py:209 | 轨迹速度规划后端：analytic double-S
2026-08-07 15:15:22,197 INFO    robot.interfaces.simulator [MainThread] viser_app.py:210 | 示教器通信接口：http://127.0.0.1:8765
2026-08-07 15:16:30,736 WARNING robot.realtime.clock [robot-continuous-jog] clock.py:103 | jog-joint 循环滞后 7.8 ms（超过一个控制周期 5.0 ms）
2026-08-07 15:16:30,746 WARNING robot.realtime.clock [robot-continuous-jog] clock.py:103 | jog-joint 循环滞后 12.5 ms（超过一个控制周期 5.0 ms）
2026-08-07 15:16:30,752 WARNING robot.realtime.clock [robot-continuous-jog] clock.py:103 | jog-joint 循环滞后 14.1 ms（超过一个控制周期 5.0 ms）
2026-08-07 15:16:30,763 WARNING robot.realtime.clock [robot-continuous-jog] clock.py:103 | jog-joint 循环滞后 20.1 ms（超过一个控制周期 5.0 ms）
2026-08-07 15:16:30,769 WARNING robot.realtime.clock [robot-continuous-jog] clock.py:103 | jog-joint 循环滞后 20.8 ms（超过一个控制周期 5.0 ms）
2026-08-07 15:16:30,770 ERROR   robot.realtime.motion_streamer [robot-motion-streamer] motion_streamer.py:136 | 关节指令下发失败：关节 1 指令加速度 2019°/s² 超过上限 720°/s²
2026-08-07 15:16:30,773 WARNING robot.realtime.clock [robot-continuous-jog] clock.py:103 | jog-joint 循环滞后 20.1 ms（超过一个控制周期 5.0 ms）
2026-08-07 15:16:30,774 ERROR   robot.realtime.motion_streamer [robot-motion-streamer] motion_streamer.py:136 | 关节指令下发失败：关节 1 指令加速度 1064°/s² 超过上限 720°/s²
2026-08-07 15:16:30,778 WARNING robot.realtime.clock [robot-continuous-jog] clock.py:103 | jog-joint 循环滞后 20.3 ms（超过一个控制周期 5.0 ms）
2026-08-07 15:16:30,783 WARNING robot.realtime.clock [robot-continuous-jog] clock.py:103 | jog-joint 循环滞后 19.6 ms（超过一个控制周期 5.0 ms）
2026-08-07 15:16:30,785 WARNING robot.realtime.clock [robot-continuous-jog] clock.py:103 | jog-joint 循环滞后 17.5 ms（超过一个控制周期 5.0 ms）
2026-08-07 15:16:30,786 ERROR   robot.realtime.motion_streamer [robot-motion-streamer] motion_streamer.py:136 | 关节指令下发失败：关节 1 指令加速度 2339°/s² 超过上限 720°/s²
2026-08-07 15:16:30,788 WARNING robot.realtime.clock [robot-continuous-jog] clock.py:103 | jog-joint 循环滞后 15.0 ms（超过一个控制周期 5.0 ms）
2026-08-07 15:16:30,788 ERROR   robot.realtime.motion_streamer [robot-motion-streamer] motion_streamer.py:136 | 关节指令下发失败：关节 1 指令加速度 1516°/s² 超过上限 720°/s²
2026-08-07 15:16:30,790 WARNING robot.realtime.clock [robot-continuous-jog] clock.py:103 | jog-joint 循环滞后 12.0 ms（超过一个控制周期 5.0 ms）
2026-08-07 15:16:30,790 ERROR   robot.realtime.motion_streamer [robot-motion-streamer] motion_streamer.py:136 | 关节指令下发失败：关节 1 指令加速度 1525°/s² 超过上限 720°/s²
2026-08-07 15:16:30,792 WARNING robot.realtime.clock [robot-continuous-jog] clock.py:103 | jog-joint 循环滞后 8.8 ms（超过一个控制周期 5.0 ms）
2026-08-07 15:16:30,792 ERROR   robot.realtime.motion_streamer [robot-motion-streamer] motion_streamer.py:136 | 关节指令下发失败：关节 1 指令加速度 1452°/s² 超过上限 720°/s²
2026-08-07 15:16:30,794 WARNING robot.realtime.clock [robot-continuous-jog] clock.py:103 | jog-joint 循环滞后 5.8 ms（超过一个控制周期 5.0 ms）
2026-08-07 15:16:30,794 ERROR   robot.realtime.motion_streamer [robot-motion-streamer] motion_streamer.py:136 | 关节指令下发失败：关节 1 指令加速度 1318°/s² 超过上限 720°/s²
2026-08-07 15:16:30,798 ERROR   robot.realtime.motion_streamer [robot-motion-streamer] motion_streamer.py:136 | 关节指令下发失败：关节 1 指令速度 544.1°/s 超过上限 180.0°/s
2026-08-07 15:16:30,800 ERROR   robot.realtime.motion_streamer [robot-motion-streamer] motion_streamer.py:136 | 关节指令下发失败：关节 1 指令加速度 19728°/s² 超过上限 720°/s²
2026-08-07 15:16:30,810 ERROR   robot.realtime.motion_streamer [robot-motion-streamer] motion_streamer.py:136 | 关节指令下发失败：关节 1 指令加速度 3258°/s² 超过上限 720°/s²
2026-08-07 15:16:30,817 ERROR   robot.realtime.motion_streamer [robot-motion-streamer] motion_streamer.py:136 | 关节指令下发失败：关节 1 指令加速度 1608°/s² 超过上限 720°/s²
2026-08-07 15:16:30,822 ERROR   robot.realtime.motion_streamer [robot-motion-streamer] motion_streamer.py:136 | 关节指令下发失败：关节 1 指令加速度 1083°/s² 超过上限 720°/s²
2026-08-07 15:16:30,866 ERROR   robot.realtime.motion_streamer [robot-motion-streamer] motion_streamer.py:136 | 关节指令下发失败：关节 1 指令加速度 1811°/s² 超过上限 720°/s²
2026-08-07 15:16:30,920 ERROR   robot.realtime.motion_streamer [robot-motion-streamer] motion_streamer.py:136 | 关节指令下发失败：关节 1 指令加速度 1288°/s² 超过上限 720°/s²
2026-08-07 15:16:31,096 ERROR   robot.realtime.motion_streamer [robot-motion-streamer] motion_streamer.py:136 | 关节指令下发失败：关节 1 指令加速度 1120°/s² 超过上限 720°/s²
2026-08-07 15:16:31,195 ERROR   robot.realtime.motion_streamer [robot-motion-streamer] motion_streamer.py:136 | 关节指令下发失败：关节 1 指令速度 1811.0°/s 超过上限 180.0°/s
2026-08-07 15:16:31,196 ERROR   robot.realtime.motion_streamer [robot-motion-streamer] motion_streamer.py:136 | 关节指令下发失败：关节 1 指令速度 527.9°/s 超过上限 180.0°/s
2026-08-07 15:16:31,206 ERROR   robot.realtime.motion_streamer [robot-motion-streamer] motion_streamer.py:136 | 关节指令下发失败：关节 1 指令加速度 1147°/s² 超过上限 720°/s²
2026-08-07 15:16:31,207 ERROR   robot.realtime.motion_streamer [robot-motion-streamer] motion_streamer.py:136 | 关节指令下发失败：关节 1 指令加速度 1673°/s² 超过上限 720°/s²
2026-08-07 15:16:31,211 ERROR   robot.realtime.motion_streamer [robot-motion-streamer] motion_streamer.py:136 | 关节指令下发失败：关节 1 指令加速度 1068°/s² 超过上限 720°/s²
2026-08-07 15:16:31,221 ERROR   robot.realtime.motion_streamer [robot-motion-streamer] motion_streamer.py:136 | 关节指令下发失败：关节 1 指令加速度 1518°/s² 超过上限 720°/s²
2026-08-07 15:16:31,237 ERROR   robot.realtime.motion_streamer [robot-motion-streamer] motion_streamer.py:136 | 关节指令下发失败：关节 1 指令加速度 935°/s² 超过上限 720°/s²
2026-08-07 15:16:31,261 ERROR   robot.realtime.motion_streamer [robot-motion-streamer] motion_streamer.py:136 | 关节指令下发失败：关节 1 指令加速度 909°/s² 超过上限 720°/s²
2026-08-07 15:16:31,272 ERROR   robot.realtime.motion_streamer [robot-motion-streamer] motion_streamer.py:136 | 关节指令下发失败：关节 1 指令加速度 953°/s² 超过上限 720°/s²
2026-08-07 15:16:31,292 ERROR   robot.realtime.motion_streamer [robot-motion-streamer] motion_streamer.py:136 | 关节指令下发失败：关节 1 指令速度 1605.3°/s 超过上限 180.0°/s
2026-08-07 15:16:31,293 ERROR   robot.realtime.motion_streamer [robot-motion-streamer] motion_streamer.py:136 | 关节指令下发失败：关节 1 指令加速度 89964°/s² 超过上限 720°/s²
2026-08-07 15:16:31,296 ERROR   robot.realtime.motion_streamer [robot-motion-streamer] motion_streamer.py:136 | 关节指令下发失败：关节 1 指令加速度 12688°/s² 超过上限 720°/s²
2026-08-07 15:16:31,302 ERROR   robot.realtime.motion_streamer [robot-motion-streamer] motion_streamer.py:136 | 关节指令下发失败：关节 1 指令加速度 2240°/s² 超过上限 720°/s²
2026-08-07 15:16:31,308 ERROR   robot.realtime.motion_streamer [robot-motion-streamer] motion_streamer.py:136 | 关节指令下发失败：关节 1 指令加速度 1110°/s² 超过上限 720°/s²
2026-08-07 15:16:31,321 ERROR   robot.realtime.motion_streamer [robot-motion-streamer] motion_streamer.py:136 | 关节指令下发失败：关节 1 指令加速度 1089°/s² 超过上限 720°/s²
2026-08-07 15:16:31,458 ERROR   robot.realtime.motion_streamer [robot-motion-streamer] motion_streamer.py:136 | 关节指令下发失败：关节 1 指令加速度 3793°/s² 超过上限 720°/s²
2026-08-07 15:16:31,462 ERROR   robot.realtime.motion_streamer [robot-motion-streamer] motion_streamer.py:136 | 关节指令下发失败：关节 1 指令加速度 1372°/s² 超过上限 720°/s²
2026-08-07 15:16:31,485 ERROR   robot.realtime.motion_streamer [robot-motion-streamer] motion_streamer.py:136 | 关节指令下发失败：关节 1 指令加速度 7111°/s² 超过上限 720°/s²
2026-08-07 15:16:31,490 ERROR   robot.realtime.motion_streamer [robot-motion-streamer] motion_streamer.py:136 | 关节指令下发失败：关节 1 指令加速度 1460°/s² 超过上限 720°/s²
2026-08-07 15:16:31,581 ERROR   robot.realtime.motion_streamer [robot-motion-streamer] motion_streamer.py:136 | 关节指令下发失败：关节 1 指令加速度 2379°/s² 超过上限 720°/s²
2026-08-07 15:16:31,660 ERROR   robot.realtime.motion_streamer [robot-motion-streamer] motion_streamer.py:136 | 关节指令下发失败：关节 1 指令加速度 898°/s² 超过上限 720°/s²
2026-08-07 15:16:31,689 WARNING robot.realtime.clock [robot-continuous-jog] clock.py:103 | jog-joint 循环滞后 6.3 ms（超过一个控制周期 5.0 ms）
2026-08-07 15:16:31,696 WARNING robot.realtime.clock [robot-continuous-jog] clock.py:103 | jog-joint 循环滞后 7.6 ms（超过一个控制周期 5.0 ms）
2026-08-07 15:16:31,699 WARNING robot.realtime.clock [robot-continuous-jog] clock.py:103 | jog-joint 循环滞后 5.5 ms（超过一个控制周期 5.0 ms）
2026-08-07 15:16:31,699 ERROR   robot.realtime.motion_streamer [robot-motion-streamer] motion_streamer.py:136 | 关节指令下发失败：关节 1 指令加速度 4478°/s² 超过上限 720°/s²
2026-08-07 15:16:31,702 ERROR   robot.realtime.motion_streamer [robot-motion-streamer] motion_streamer.py:136 | 关节指令下发失败：关节 1 指令加速度 2316°/s² 超过上限 720°/s²
2026-08-07 15:16:31,708 ERROR   robot.realtime.motion_streamer [robot-motion-streamer] motion_streamer.py:136 | 关节指令下发失败：关节 1 指令速度 1108.9°/s 超过上限 180.0°/s
2026-08-07 15:16:31,712 ERROR   robot.realtime.motion_streamer [robot-motion-streamer] motion_streamer.py:136 | 关节指令下发失败：关节 1 指令加速度 7834°/s² 超过上限 720°/s²
2026-08-07 15:16:31,715 ERROR   robot.realtime.motion_streamer [robot-motion-streamer] motion_streamer.py:136 | 关节指令下发失败：关节 1 指令加速度 1820°/s² 超过上限 720°/s²
2026-08-07 15:16:31,726 ERROR   robot.realtime.motion_streamer [robot-motion-streamer] motion_streamer.py:136 | 关节指令下发失败：关节 1 指令加速度 1946°/s² 超过上限 720°/s²
2026-08-07 15:16:31,732 ERROR   robot.realtime.motion_streamer [robot-motion-streamer] motion_streamer.py:136 | 关节指令下发失败：关节 1 指令加速度 975°/s² 超过上限 720°/s²
2026-08-07 15:16:31,748 ERROR   robot.realtime.motion_streamer [robot-motion-streamer] motion_streamer.py:136 | 关节指令下发失败：关节 1 指令速度 296.8°/s 超过上限 180.0°/s
2026-08-07 15:16:31,751 ERROR   robot.realtime.motion_streamer [robot-motion-streamer] motion_streamer.py:136 | 关节指令下发失败：关节 1 指令加速度 10618°/s² 超过上限 720°/s²
2026-08-07 15:16:31,755 ERROR   robot.realtime.motion_streamer [robot-motion-streamer] motion_streamer.py:136 | 关节指令下发失败：关节 1 指令加速度 2289°/s² 超过上限 720°/s²
2026-08-07 15:16:31,760 ERROR   robot.realtime.motion_streamer [robot-motion-streamer] motion_streamer.py:136 | 关节指令下发失败：关节 1 指令加速度 1033°/s² 超过上限 720°/s²
2026-08-07 15:16:31,770 ERROR   robot.realtime.motion_streamer [robot-motion-streamer] motion_streamer.py:136 | 关节指令下发失败：关节 1 指令加速度 1391°/s² 超过上限 720°/s²
2026-08-07 15:16:31,802 ERROR   robot.realtime.motion_streamer [robot-motion-streamer] motion_streamer.py:136 | 关节指令下发失败：关节 1 指令加速度 902°/s² 超过上限 720°/s²
2026-08-07 15:16:31,937 ERROR   robot.realtime.motion_streamer [robot-motion-streamer] motion_streamer.py:136 | 关节指令下发失败：关节 1 指令速度 1770.1°/s 超过上限 180.0°/s
2026-08-07 15:16:31,941 ERROR   robot.realtime.motion_streamer [robot-motion-streamer] motion_streamer.py:136 | 关节指令下发失败：关节 1 指令加速度 6144°/s² 超过上限 720°/s²
2026-08-07 15:16:31,945 ERROR   robot.realtime.motion_streamer [robot-motion-streamer] motion_streamer.py:136 | 关节指令下发失败：关节 1 指令加速度 2068°/s² 超过上限 720°/s²
2026-08-07 15:16:31,950 ERROR   robot.realtime.motion_streamer [robot-motion-streamer] motion_streamer.py:136 | 关节指令下发失败：关节 1 指令加速度 1041°/s² 超过上限 720°/s²
2026-08-07 15:16:31,961 ERROR   robot.realtime.motion_streamer [robot-motion-streamer] motion_streamer.py:136 | 关节指令下发失败：关节 1 指令加速度 1037°/s² 超过上限 720°/s²
2026-08-07 15:16:32,092 ERROR   robot.realtime.motion_streamer [robot-motion-streamer] motion_streamer.py:136 | 关节指令下发失败：关节 1 指令加速度 1659°/s² 超过上限 720°/s²
2026-08-07 15:16:32,096 ERROR   robot.realtime.motion_streamer [robot-motion-streamer] motion_streamer.py:136 | 关节指令下发失败：关节 1 指令加速度 915°/s² 超过上限 720°/s²
2026-08-07 15:16:32,247 ERROR   robot.realtime.motion_streamer [robot-motion-streamer] motion_streamer.py:136 | 关节指令下发失败：关节 1 指令加速度 1143°/s² 超过上限 720°/s²
2026-08-07 15:16:32,282 ERROR   robot.realtime.motion_streamer [robot-motion-streamer] motion_streamer.py:136 | 关节指令下发失败：关节 1 指令速度 1510.4°/s 超过上限 180.0°/s
2026-08-07 15:16:32,286 ERROR   robot.realtime.motion_streamer [robot-motion-streamer] motion_streamer.py:136 | 关节指令下发失败：关节 1 指令加速度 7565°/s² 超过上限 720°/s²
2026-08-07 15:16:32,291 ERROR   robot.realtime.motion_streamer [robot-motion-streamer] motion_streamer.py:136 | 关节指令下发失败：关节 1 指令加速度 2340°/s² 超过上限 720°/s²
2026-08-07 15:16:32,295 ERROR   robot.realtime.motion_streamer [robot-motion-streamer] motion_streamer.py:136 | 关节指令下发失败：关节 1 指令加速度 1244°/s² 超过上限 720°/s²
2026-08-07 15:16:32,305 ERROR   robot.realtime.motion_streamer [robot-motion-streamer] motion_streamer.py:136 | 关节指令下发失败：关节 1 指令加速度 1365°/s² 超过上限 720°/s²
2026-08-07 15:16:32,340 WARNING robot.realtime.clock [robot-continuous-jog] clock.py:103 | jog-joint 循环滞后 6.9 ms（超过一个控制周期 5.0 ms）
2026-08-07 15:16:32,340 ERROR   robot.realtime.motion_streamer [robot-motion-streamer] motion_streamer.py:136 | 关节指令下发失败：关节 1 指令加速度 1629°/s² 超过上限 720°/s²
2026-08-07 15:16:32,349 WARNING robot.realtime.clock [robot-continuous-jog] clock.py:103 | jog-joint 循环滞后 10.9 ms（超过一个控制周期 5.0 ms）
2026-08-07 15:16:32,353 WARNING robot.realtime.clock [robot-continuous-jog] clock.py:103 | jog-joint 循环滞后 10.3 ms（超过一个控制周期 5.0 ms）
2026-08-07 15:16:32,353 ERROR   robot.realtime.motion_streamer [robot-motion-streamer] motion_streamer.py:136 | 关节指令下发失败：关节 1 指令加速度 1629°/s² 超过上限 720°/s²
2026-08-07 15:16:32,356 WARNING robot.realtime.clock [robot-continuous-jog] clock.py:103 | jog-joint 循环滞后 8.4 ms（超过一个控制周期 5.0 ms）
2026-08-07 15:16:32,356 ERROR   robot.realtime.motion_streamer [robot-motion-streamer] motion_streamer.py:136 | 关节指令下发失败：关节 1 指令加速度 1346°/s² 超过上限 720°/s²
2026-08-07 15:16:32,359 WARNING robot.realtime.clock [robot-continuous-jog] clock.py:103 | jog-joint 循环滞后 5.7 ms（超过一个控制周期 5.0 ms）
2026-08-07 15:16:32,359 ERROR   robot.realtime.motion_streamer [robot-motion-streamer] motion_streamer.py:136 | 关节指令下发失败：关节 1 指令加速度 1309°/s² 超过上限 720°/s²
2026-08-07 15:16:32,362 ERROR   robot.realtime.motion_streamer [robot-motion-streamer] motion_streamer.py:136 | 关节指令下发失败：关节 1 指令加速度 910°/s² 超过上限 720°/s²
2026-08-07 15:16:32,362 ERROR   robot.realtime.motion_streamer [robot-motion-streamer] motion_streamer.py:136 | 关节指令下发失败：关节 1 指令加速度 1313°/s² 超过上限 720°/s²
2026-08-07 15:16:32,365 ERROR   robot.realtime.motion_streamer [robot-motion-streamer] motion_streamer.py:136 | 关节指令下发失败：关节 1 指令加速度 1179°/s² 超过上限 720°/s²
2026-08-07 15:16:32,376 ERROR   robot.realtime.motion_streamer [robot-motion-streamer] motion_streamer.py:136 | 关节指令下发失败：关节 1 指令加速度 2036°/s² 超过上限 720°/s²
2026-08-07 15:16:32,381 ERROR   robot.realtime.motion_streamer [robot-motion-streamer] motion_streamer.py:136 | 关节指令下发失败：关节 1 指令加速度 995°/s² 超过上限 720°/s²
2026-08-07 15:16:32,432 ERROR   robot.realtime.motion_streamer [robot-motion-streamer] motion_streamer.py:136 | 关节指令下发失败：关节 1 指令加速度 1044°/s² 超过上限 720°/s²
2026-08-07 15:16:32,458 ERROR   robot.realtime.motion_streamer [robot-motion-streamer] motion_streamer.py:136 | 关节指令下发失败：关节 1 指令速度 916.0°/s 超过上限 180.0°/s
2026-08-07 15:16:32,461 ERROR   robot.realtime.motion_streamer [robot-motion-streamer] motion_streamer.py:136 | 关节指令下发失败：关节 1 指令加速度 10658°/s² 超过上限 720°/s²
2026-08-07 15:16:32,466 ERROR   robot.realtime.motion_streamer [robot-motion-streamer] motion_streamer.py:136 | 关节指令下发失败：关节 1 指令加速度 2547°/s² 超过上限 720°/s²
2026-08-07 15:16:32,471 ERROR   robot.realtime.motion_streamer [robot-motion-streamer] motion_streamer.py:136 | 关节指令下发失败：关节 1 指令加速度 1042°/s² 超过上限 720°/s²
2026-08-07 15:16:32,561 ERROR   robot.realtime.motion_streamer [robot-motion-streamer] motion_streamer.py:136 | 关节指令下发失败：关节 1 指令速度 2289.0°/s 超过上限 180.0°/s
2026-08-07 15:16:32,566 ERROR   robot.realtime.motion_streamer [robot-motion-streamer] motion_streamer.py:136 | 关节指令下发失败：关节 1 指令加速度 5119°/s² 超过上限 720°/s²
2026-08-07 15:16:32,571 ERROR   robot.realtime.motion_streamer [robot-motion-streamer] motion_streamer.py:136 | 关节指令下发失败：关节 1 指令加速度 1084°/s² 超过上限 720°/s²
2026-08-07 15:16:32,583 ERROR   robot.realtime.motion_streamer [robot-motion-streamer] motion_streamer.py:136 | 关节指令下发失败：关节 1 指令加速度 1378°/s² 超过上限 720°/s²
2026-08-07 15:16:32,592 ERROR   robot.realtime.motion_streamer [robot-motion-streamer] motion_streamer.py:136 | 关节指令下发失败：关节 1 指令加速度 1584°/s² 超过上限 720°/s²
2026-08-07 15:16:32,732 ERROR   robot.realtime.motion_streamer [robot-motion-streamer] motion_streamer.py:136 | 关节指令下发失败：关节 1 指令加速度 2713°/s² 超过上限 720°/s²
2026-08-07 15:16:32,747 ERROR   robot.realtime.motion_streamer [robot-motion-streamer] motion_streamer.py:136 | 关节指令下发失败：关节 1 指令速度 1127.0°/s 超过上限 180.0°/s
2026-08-07 15:16:32,748 ERROR   robot.realtime.motion_streamer [robot-motion-streamer] motion_streamer.py:136 | 关节指令下发失败：关节 1 指令速度 259.7°/s 超过上限 180.0°/s
2026-08-07 15:16:32,751 ERROR   robot.realtime.motion_streamer [robot-motion-streamer] motion_streamer.py:136 | 关节指令下发失败：关节 1 指令加速度 14681°/s² 超过上限 720°/s²
2026-08-07 15:16:32,756 ERROR   robot.realtime.motion_streamer [robot-motion-streamer] motion_streamer.py:136 | 关节指令下发失败：关节 1 指令加速度 3225°/s² 超过上限 720°/s²
2026-08-07 15:16:32,761 ERROR   robot.realtime.motion_streamer [robot-motion-streamer] motion_streamer.py:136 | 关节指令下发失败：关节 1 指令加速度 1435°/s² 超过上限 720°/s²
2026-08-07 15:16:32,766 ERROR   robot.realtime.motion_streamer [robot-motion-streamer] motion_streamer.py:136 | 关节指令下发失败：关节 1 指令加速度 870°/s² 超过上限 720°/s²
2026-08-07 15:16:32,776 ERROR   robot.realtime.motion_streamer [robot-motion-streamer] motion_streamer.py:136 | 关节指令下发失败：关节 1 指令加速度 1356°/s² 超过上限 720°/s²
2026-08-07 15:16:32,923 ERROR   robot.realtime.motion_streamer [robot-motion-streamer] motion_streamer.py:136 | 关节指令下发失败：关节 1 指令加速度 869°/s² 超过上限 720°/s²
2026-08-07 15:16:32,942 ERROR   robot.realtime.motion_streamer [robot-motion-streamer] motion_streamer.py:136 | 关节指令下发失败：关节 1 指令速度 1705.5°/s 超过上限 180.0°/s
2026-08-07 15:16:32,943 ERROR   robot.realtime.motion_streamer [robot-motion-streamer] motion_streamer.py:136 | 关节指令下发失败：关节 1 指令加速度 146581°/s² 超过上限 720°/s²
2026-08-07 15:16:32,943 ERROR   robot.realtime.motion_streamer [robot-motion-streamer] motion_streamer.py:136 | 关节指令下发失败：关节 1 指令加速度 179517°/s² 超过上限 720°/s²
2026-08-07 15:16:32,945 ERROR   robot.realtime.motion_streamer [robot-motion-streamer] motion_streamer.py:136 | 关节指令下发失败：关节 1 指令加速度 24700°/s² 超过上限 720°/s²
2026-08-07 15:16:32,950 ERROR   robot.realtime.motion_streamer [robot-motion-streamer] motion_streamer.py:136 | 关节指令下发失败：关节 1 指令加速度 4485°/s² 超过上限 720°/s²
2026-08-07 15:16:32,955 ERROR   robot.realtime.motion_streamer [robot-motion-streamer] motion_streamer.py:136 | 关节指令下发失败：关节 1 指令加速度 1954°/s² 超过上限 720°/s²
2026-08-07 15:16:32,961 ERROR   robot.realtime.motion_streamer [robot-motion-streamer] motion_streamer.py:136 | 关节指令下发失败：关节 1 指令加速度 1145°/s² 超过上限 720°/s²
2026-08-07 15:16:32,970 ERROR   robot.realtime.motion_streamer [robot-motion-streamer] motion_streamer.py:136 | 关节指令下发失败：关节 1 指令加速度 2009°/s² 超过上限 720°/s²
2026-08-07 15:16:32,975 ERROR   robot.realtime.motion_streamer [robot-motion-streamer] motion_streamer.py:136 | 关节指令下发失败：关节 1 指令加速度 1023°/s² 超过上限 720°/s²
2026-08-07 15:16:32,992 ERROR   robot.realtime.motion_streamer [robot-motion-streamer] motion_streamer.py:136 | 关节指令下发失败：关节 1 指令加速度 1665°/s² 超过上限 720°/s²
2026-08-07 15:16:33,012 ERROR   robot.realtime.motion_streamer [robot-motion-streamer] motion_streamer.py:136 | 关节指令下发失败：关节 1 指令加速度 2423°/s² 超过上限 720°/s²
2026-08-07 15:16:33,024 ERROR   robot.realtime.motion_streamer [robot-motion-streamer] motion_streamer.py:136 | 关节指令下发失败：关节 1 指令加速度 1091°/s² 超过上限 720°/s²
2026-08-07 15:16:33,033 WARNING robot.realtime.clock [robot-continuous-jog] clock.py:103 | jog-joint 循环滞后 5.3 ms（超过一个控制周期 5.0 ms）
2026-08-07 15:16:33,038 ERROR   robot.realtime.motion_streamer [robot-motion-streamer] motion_streamer.py:136 | 关节指令下发失败：关节 1 指令加速度 2010°/s² 超过上限 720°/s²
2026-08-07 15:16:33,042 ERROR   robot.realtime.motion_streamer [robot-motion-streamer] motion_streamer.py:136 | 关节指令下发失败：关节 1 指令加速度 1233°/s² 超过上限 720°/s²
2026-08-07 15:16:33,056 ERROR   robot.realtime.motion_streamer [robot-motion-streamer] motion_streamer.py:136 | 关节指令下发失败：关节 1 指令加速度 961°/s² 超过上限 720°/s²
2026-08-07 15:16:33,056 ERROR   robot.realtime.motion_streamer [robot-motion-streamer] motion_streamer.py:136 | 关节指令下发失败：关节 1 指令速度 3150.8°/s 超过上限 180.0°/s
2026-08-07 15:16:33,063 ERROR   robot.realtime.motion_streamer [robot-motion-streamer] motion_streamer.py:136 | 关节指令下发失败：关节 1 指令加速度 992°/s² 超过上限 720°/s²
2026-08-07 15:16:33,071 ERROR   robot.realtime.motion_streamer [robot-motion-streamer] motion_streamer.py:136 | 关节指令下发失败：关节 1 指令加速度 1138°/s² 超过上限 720°/s²
2026-08-07 15:16:33,257 WARNING robot.realtime.clock [robot-continuous-jog] clock.py:103 | jog-joint 循环滞后 9.1 ms（超过一个控制周期 5.0 ms）
2026-08-07 15:16:33,264 WARNING robot.realtime.clock [robot-continuous-jog] clock.py:103 | jog-joint 循环滞后 11.3 ms（超过一个控制周期 5.0 ms）
2026-08-07 15:16:33,271 WARNING robot.realtime.clock [robot-continuous-jog] clock.py:103 | jog-joint 循环滞后 13.2 ms（超过一个控制周期 5.0 ms）
2026-08-07 15:16:33,277 WARNING robot.realtime.clock [robot-continuous-jog] clock.py:103 | jog-joint 循环滞后 13.7 ms（超过一个控制周期 5.0 ms）
2026-08-07 15:16:33,296 WARNING robot.realtime.clock [robot-continuous-jog] clock.py:103 | jog-joint 循环滞后 28.2 ms（超过一个控制周期 5.0 ms）
2026-08-07 15:16:33,307 WARNING robot.realtime.clock [robot-continuous-jog] clock.py:103 | jog-joint 循环滞后 33.9 ms（超过一个控制周期 5.0 ms）
2026-08-07 15:16:33,316 WARNING robot.realtime.clock [robot-continuous-jog] clock.py:103 | jog-joint 循环滞后 38.1 ms（超过一个控制周期 5.0 ms）
2026-08-07 15:16:33,322 WARNING robot.realtime.clock [robot-continuous-jog] clock.py:103 | jog-joint 循环滞后 39.0 ms（超过一个控制周期 5.0 ms）
2026-08-07 15:16:33,325 WARNING robot.realtime.clock [robot-continuous-jog] clock.py:103 | jog-joint 循环滞后 37.2 ms（超过一个控制周期 5.0 ms）
2026-08-07 15:16:33,325 ERROR   robot.realtime.motion_streamer [robot-motion-streamer] motion_streamer.py:136 | 关节指令下发失败：关节 1 指令加速度 3473°/s² 超过上限 720°/s²
2026-08-07 15:16:33,328 WARNING robot.realtime.clock [robot-continuous-jog] clock.py:103 | jog-joint 循环滞后 34.6 ms（超过一个控制周期 5.0 ms）
2026-08-07 15:16:33,328 ERROR   robot.realtime.motion_streamer [robot-motion-streamer] motion_streamer.py:136 | 关节指令下发失败：关节 1 指令加速度 2542°/s² 超过上限 720°/s²
2026-08-07 15:16:33,329 WARNING robot.realtime.clock [robot-continuous-jog] clock.py:103 | jog-joint 循环滞后 31.4 ms（超过一个控制周期 5.0 ms）
2026-08-07 15:16:33,330 ERROR   robot.realtime.motion_streamer [robot-motion-streamer] motion_streamer.py:136 | 关节指令下发失败：关节 1 指令加速度 2328°/s² 超过上限 720°/s²
2026-08-07 15:16:33,331 WARNING robot.realtime.clock [robot-continuous-jog] clock.py:103 | jog-joint 循环滞后 28.2 ms（超过一个控制周期 5.0 ms）
2026-08-07 15:16:33,331 ERROR   robot.realtime.motion_streamer [robot-motion-streamer] motion_streamer.py:136 | 关节指令下发失败：关节 1 指令加速度 2173°/s² 超过上限 720°/s²
2026-08-07 15:16:33,333 WARNING robot.realtime.clock [robot-continuous-jog] clock.py:103 | jog-joint 循环滞后 24.9 ms（超过一个控制周期 5.0 ms）
2026-08-07 15:16:33,333 ERROR   robot.realtime.motion_streamer [robot-motion-streamer] motion_streamer.py:136 | 关节指令下发失败：关节 1 指令加速度 2015°/s² 超过上限 720°/s²
2026-08-07 15:16:33,334 WARNING robot.realtime.clock [robot-continuous-jog] clock.py:103 | jog-joint 循环滞后 21.5 ms（超过一个控制周期 5.0 ms）
2026-08-07 15:16:33,335 ERROR   robot.realtime.motion_streamer [robot-motion-streamer] motion_streamer.py:136 | 关节指令下发失败：关节 1 指令加速度 1844°/s² 超过上限 720°/s²
2026-08-07 15:16:33,337 WARNING robot.realtime.clock [robot-continuous-jog] clock.py:103 | jog-joint 循环滞后 18.7 ms（超过一个控制周期 5.0 ms）
2026-08-07 15:16:33,337 ERROR   robot.realtime.motion_streamer [robot-motion-streamer] motion_streamer.py:136 | 关节指令下发失败：关节 1 指令加速度 1553°/s² 超过上限 720°/s²
2026-08-07 15:16:33,338 WARNING robot.realtime.clock [robot-continuous-jog] clock.py:103 | jog-joint 循环滞后 15.5 ms（超过一个控制周期 5.0 ms）
2026-08-07 15:16:33,339 ERROR   robot.realtime.motion_streamer [robot-motion-streamer] motion_streamer.py:136 | 关节指令下发失败：关节 1 指令加速度 1420°/s² 超过上限 720°/s²
2026-08-07 15:16:33,340 WARNING robot.realtime.clock [robot-continuous-jog] clock.py:103 | jog-joint 循环滞后 12.3 ms（超过一个控制周期 5.0 ms）
2026-08-07 15:16:33,340 ERROR   robot.realtime.motion_streamer [robot-motion-streamer] motion_streamer.py:136 | 关节指令下发失败：关节 1 指令加速度 1310°/s² 超过上限 720°/s²
2026-08-07 15:16:33,342 WARNING robot.realtime.clock [robot-continuous-jog] clock.py:103 | jog-joint 循环滞后 9.2 ms（超过一个控制周期 5.0 ms）
2026-08-07 15:16:33,342 ERROR   robot.realtime.motion_streamer [robot-motion-streamer] motion_streamer.py:136 | 关节指令下发失败：关节 1 指令加速度 1198°/s² 超过上限 720°/s²
2026-08-07 15:16:33,344 WARNING robot.realtime.clock [robot-continuous-jog] clock.py:103 | jog-joint 循环滞后 6.1 ms（超过一个控制周期 5.0 ms）
2026-08-07 15:16:33,344 ERROR   robot.realtime.motion_streamer [robot-motion-streamer] motion_streamer.py:136 | 关节指令下发失败：关节 1 指令加速度 1107°/s² 超过上限 720°/s²
2026-08-07 15:16:33,350 ERROR   robot.realtime.motion_streamer [robot-motion-streamer] motion_streamer.py:136 | 关节指令下发失败：关节 1 指令加速度 4638°/s² 超过上限 720°/s²
2026-08-07 15:16:33,350 ERROR   robot.realtime.motion_streamer [robot-motion-streamer] motion_streamer.py:136 | 关节指令下发失败：关节 1 指令加速度 18624°/s² 超过上限 720°/s²
2026-08-07 15:16:33,360 ERROR   robot.realtime.motion_streamer [robot-motion-streamer] motion_streamer.py:136 | 关节指令下发失败：关节 1 指令加速度 3782°/s² 超过上限 720°/s²
2026-08-07 15:16:33,365 ERROR   robot.realtime.motion_streamer [robot-motion-streamer] motion_streamer.py:136 | 关节指令下发失败：关节 1 指令加速度 1896°/s² 超过上限 720°/s²
2026-08-07 15:16:33,370 ERROR   robot.realtime.motion_streamer [robot-motion-streamer] motion_streamer.py:136 | 关节指令下发失败：关节 1 指令加速度 1264°/s² 超过上限 720°/s²
2026-08-07 15:16:33,375 ERROR   robot.realtime.motion_streamer [robot-motion-streamer] motion_streamer.py:136 | 关节指令下发失败：关节 1 指令加速度 951°/s² 超过上限 720°/s²
2026-08-07 15:16:33,443 ERROR   robot.realtime.motion_streamer [robot-motion-streamer] motion_streamer.py:136 | 关节指令下发失败：关节 1 指令加速度 10888°/s² 超过上限 720°/s²
2026-08-07 15:16:33,447 ERROR   robot.realtime.motion_streamer [robot-motion-streamer] motion_streamer.py:136 | 关节指令下发失败：关节 1 指令加速度 2188°/s² 超过上限 720°/s²
2026-08-07 15:16:33,451 ERROR   robot.realtime.motion_streamer [robot-motion-streamer] motion_streamer.py:136 | 关节指令下发失败：关节 1 指令加速度 1158°/s² 超过上限 720°/s²
2026-08-07 15:16:33,663 ERROR   robot.realtime.motion_streamer [robot-motion-streamer] motion_streamer.py:136 | 关节指令下发失败：关节 1 指令速度 883.1°/s 超过上限 180.0°/s
2026-08-07 15:16:33,666 ERROR   robot.realtime.motion_streamer [robot-motion-streamer] motion_streamer.py:136 | 关节指令下发失败：关节 1 指令加速度 12139°/s² 超过上限 720°/s²
2026-08-07 15:16:33,671 ERROR   robot.realtime.motion_streamer [robot-motion-streamer] motion_streamer.py:136 | 关节指令下发失败：关节 1 指令加速度 2956°/s² 超过上限 720°/s²
2026-08-07 15:16:33,676 ERROR   robot.realtime.motion_streamer [robot-motion-streamer] motion_streamer.py:136 | 关节指令下发失败：关节 1 指令加速度 1348°/s² 超过上限 720°/s²
2026-08-07 15:16:33,685 ERROR   robot.realtime.motion_streamer [robot-motion-streamer] motion_streamer.py:136 | 关节指令下发失败：关节 1 指令加速度 1084°/s² 超过上限 720°/s²
2026-08-07 15:16:33,786 ERROR   robot.realtime.motion_streamer [robot-motion-streamer] motion_streamer.py:136 | 关节指令下发失败：关节 1 指令加速度 1451°/s² 超过上限 720°/s²
2026-08-07 15:16:33,828 ERROR   robot.realtime.motion_streamer [robot-motion-streamer] motion_streamer.py:136 | 关节指令下发失败：关节 1 指令加速度 972°/s² 超过上限 720°/s²
2026-08-07 15:16:33,841 ERROR   robot.realtime.motion_streamer [robot-motion-streamer] motion_streamer.py:136 | 关节指令下发失败：关节 1 指令速度 812.0°/s 超过上限 180.0°/s
2026-08-07 15:16:33,843 ERROR   robot.realtime.motion_streamer [robot-motion-streamer] motion_streamer.py:136 | 关节指令下发失败：关节 1 指令加速度 31210°/s² 超过上限 720°/s²
2026-08-07 15:16:33,845 ERROR   robot.realtime.motion_streamer [robot-motion-streamer] motion_streamer.py:136 | 关节指令下发失败：关节 1 指令加速度 9743°/s² 超过上限 720°/s²
2026-08-07 15:16:33,846 ERROR   robot.realtime.motion_streamer [robot-motion-streamer] motion_streamer.py:136 | 关节指令下发失败：关节 1 指令加速度 12621°/s² 超过上限 720°/s²
2026-08-07 15:16:33,851 ERROR   robot.realtime.motion_streamer [robot-motion-streamer] motion_streamer.py:136 | 关节指令下发失败：关节 1 指令加速度 3513°/s² 超过上限 720°/s²
2026-08-07 15:16:33,855 ERROR   robot.realtime.motion_streamer [robot-motion-streamer] motion_streamer.py:136 | 关节指令下发失败：关节 1 指令加速度 1756°/s² 超过上限 720°/s²
2026-08-07 15:16:33,860 ERROR   robot.realtime.motion_streamer [robot-motion-streamer] motion_streamer.py:136 | 关节指令下发失败：关节 1 指令加速度 1086°/s² 超过上限 720°/s²
2026-08-07 15:16:33,871 ERROR   robot.realtime.motion_streamer [robot-motion-streamer] motion_streamer.py:136 | 关节指令下发失败：关节 1 指令加速度 2014°/s² 超过上限 720°/s²
2026-08-07 15:16:33,876 ERROR   robot.realtime.motion_streamer [robot-motion-streamer] motion_streamer.py:136 | 关节指令下发失败：关节 1 指令加速度 990°/s² 超过上限 720°/s²
2026-08-07 15:16:33,895 ERROR   robot.realtime.motion_streamer [robot-motion-streamer] motion_streamer.py:136 | 关节指令下发失败：关节 1 指令加速度 2045°/s² 超过上限 720°/s²
2026-08-07 15:16:33,966 ERROR   robot.realtime.motion_streamer [robot-motion-streamer] motion_streamer.py:136 | 关节指令下发失败：关节 1 指令加速度 1229°/s² 超过上限 720°/s²
2026-08-07 15:16:33,995 ERROR   robot.realtime.motion_streamer [robot-motion-streamer] motion_streamer.py:136 | 关节指令下发失败：关节 1 指令加速度 2163°/s² 超过上限 720°/s²
2026-08-07 15:16:34,015 ERROR   robot.realtime.motion_streamer [robot-motion-streamer] motion_streamer.py:136 | 关节指令下发失败：关节 1 指令加速度 1074°/s² 超过上限 720°/s²
2026-08-07 15:16:34,198 ERROR   robot.realtime.motion_streamer [robot-motion-streamer] motion_streamer.py:136 | 关节指令下发失败：关节 1 指令加速度 4983°/s² 超过上限 720°/s²
2026-08-07 15:16:34,211 ERROR   robot.realtime.motion_streamer [robot-motion-streamer] motion_streamer.py:136 | 关节指令下发失败：关节 1 指令加速度 3219°/s² 超过上限 720°/s²
2026-08-07 15:16:34,211 ERROR   robot.realtime.motion_streamer [robot-motion-streamer] motion_streamer.py:136 | 关节指令下发失败：关节 1 指令加速度 8383°/s² 超过上限 720°/s²
2026-08-07 15:16:34,215 ERROR   robot.realtime.motion_streamer [robot-motion-streamer] motion_streamer.py:136 | 关节指令下发失败：关节 1 指令加速度 2254°/s² 超过上限 720°/s²
2026-08-07 15:16:34,221 ERROR   robot.realtime.motion_streamer [robot-motion-streamer] motion_streamer.py:136 | 关节指令下发失败：关节 1 指令加速度 926°/s² 超过上限 720°/s²
2026-08-07 15:16:34,231 ERROR   robot.realtime.motion_streamer [robot-motion-streamer] motion_streamer.py:136 | 关节指令下发失败：关节 1 指令加速度 1103°/s² 超过上限 720°/s²
2026-08-07 15:16:34,266 ERROR   robot.realtime.motion_streamer [robot-motion-streamer] motion_streamer.py:136 | 关节指令下发失败：关节 1 指令加速度 1367°/s² 超过上限 720°/s²
2026-08-07 15:16:34,391 ERROR   robot.realtime.motion_streamer [robot-motion-streamer] motion_streamer.py:136 | 关节指令下发失败：关节 1 指令加速度 1276°/s² 超过上限 720°/s²
2026-08-07 15:16:34,440 ERROR   robot.realtime.motion_streamer [robot-motion-streamer] motion_streamer.py:136 | 关节指令下发失败：关节 1 指令加速度 1086°/s² 超过上限 720°/s²
2026-08-07 15:16:34,483 WARNING robot.realtime.clock [robot-continuous-jog] clock.py:103 | jog-joint 循环滞后 5.3 ms（超过一个控制周期 5.0 ms）
2026-08-07 15:16:34,492 WARNING robot.realtime.clock [robot-continuous-jog] clock.py:103 | jog-joint 循环滞后 9.0 ms（超过一个控制周期 5.0 ms）
2026-08-07 15:16:34,500 WARNING robot.realtime.clock [robot-continuous-jog] clock.py:103 | jog-joint 循环滞后 11.6 ms（超过一个控制周期 5.0 ms）
2026-08-07 15:16:34,509 WARNING robot.realtime.clock [robot-continuous-jog] clock.py:103 | jog-joint 循环滞后 15.8 ms（超过一个控制周期 5.0 ms）
2026-08-07 15:16:34,516 WARNING robot.realtime.clock [robot-continuous-jog] clock.py:103 | jog-joint 循环滞后 17.9 ms（超过一个控制周期 5.0 ms）
2026-08-07 15:16:34,520 WARNING robot.realtime.clock [robot-continuous-jog] clock.py:103 | jog-joint 循环滞后 16.9 ms（超过一个控制周期 5.0 ms）
2026-08-07 15:16:34,521 ERROR   robot.realtime.motion_streamer [robot-motion-streamer] motion_streamer.py:136 | 关节指令下发失败：关节 1 指令加速度 1552°/s² 超过上限 720°/s²
2026-08-07 15:16:34,523 WARNING robot.realtime.clock [robot-continuous-jog] clock.py:103 | jog-joint 循环滞后 15.5 ms（超过一个控制周期 5.0 ms）
2026-08-07 15:16:34,524 ERROR   robot.realtime.motion_streamer [robot-motion-streamer] motion_streamer.py:136 | 关节指令下发失败：关节 1 指令加速度 1317°/s² 超过上限 720°/s²
2026-08-07 15:16:34,526 WARNING robot.realtime.clock [robot-continuous-jog] clock.py:103 | jog-joint 循环滞后 12.9 ms（超过一个控制周期 5.0 ms）
2026-08-07 15:16:34,526 ERROR   robot.realtime.motion_streamer [robot-motion-streamer] motion_streamer.py:136 | 关节指令下发失败：关节 1 指令加速度 1262°/s² 超过上限 720°/s²
2026-08-07 15:16:34,528 WARNING robot.realtime.clock [robot-continuous-jog] clock.py:103 | jog-joint 循环滞后 9.8 ms（超过一个控制周期 5.0 ms）
2026-08-07 15:16:34,528 ERROR   robot.realtime.motion_streamer [robot-motion-streamer] motion_streamer.py:136 | 关节指令下发失败：关节 1 指令加速度 1289°/s² 超过上限 720°/s²
2026-08-07 15:16:34,530 WARNING robot.realtime.clock [robot-continuous-jog] clock.py:103 | jog-joint 循环滞后 6.6 ms（超过一个控制周期 5.0 ms）
2026-08-07 15:16:34,530 ERROR   robot.realtime.motion_streamer [robot-motion-streamer] motion_streamer.py:136 | 关节指令下发失败：关节 1 指令加速度 1268°/s² 超过上限 720°/s²
2026-08-07 15:16:34,533 ERROR   robot.realtime.motion_streamer [robot-motion-streamer] motion_streamer.py:136 | 关节指令下发失败：关节 1 指令加速度 969°/s² 超过上限 720°/s²
2026-08-07 15:16:34,535 ERROR   robot.realtime.motion_streamer [robot-motion-streamer] motion_streamer.py:136 | 关节指令下发失败：关节 1 指令加速度 958°/s² 超过上限 720°/s²
2026-08-07 15:16:34,535 ERROR   robot.realtime.motion_streamer [robot-motion-streamer] motion_streamer.py:136 | 关节指令下发失败：关节 1 指令加速度 1162°/s² 超过上限 720°/s²
2026-08-07 15:16:34,545 ERROR   robot.realtime.motion_streamer [robot-motion-streamer] motion_streamer.py:136 | 关节指令下发失败：关节 1 指令加速度 2759°/s² 超过上限 720°/s²
2026-08-07 15:16:34,550 ERROR   robot.realtime.motion_streamer [robot-motion-streamer] motion_streamer.py:136 | 关节指令下发失败：关节 1 指令加速度 1379°/s² 超过上限 720°/s²
2026-08-07 15:16:34,555 ERROR   robot.realtime.motion_streamer [robot-motion-streamer] motion_streamer.py:136 | 关节指令下发失败：关节 1 指令加速度 919°/s² 超过上限 720°/s²
2026-08-07 15:16:34,641 ERROR   robot.realtime.motion_streamer [robot-motion-streamer] motion_streamer.py:136 | 关节指令下发失败：关节 1 指令速度 683.2°/s 超过上限 180.0°/s
2026-08-07 15:16:34,642 ERROR   robot.realtime.motion_streamer [robot-motion-streamer] motion_streamer.py:136 | 关节指令下发失败：关节 1 指令加速度 71673°/s² 超过上限 720°/s²
2026-08-07 15:16:34,645 ERROR   robot.realtime.motion_streamer [robot-motion-streamer] motion_streamer.py:136 | 关节指令下发失败：关节 1 指令加速度 10472°/s² 超过上限 720°/s²
2026-08-07 15:16:34,647 ERROR   robot.realtime.motion_streamer [robot-motion-streamer] motion_streamer.py:136 | 关节指令下发失败：关节 1 指令加速度 7522°/s² 超过上限 720°/s²
2026-08-07 15:16:34,650 ERROR   robot.realtime.motion_streamer [robot-motion-streamer] motion_streamer.py:136 | 关节指令下发失败：关节 1 指令加速度 4128°/s² 超过上限 720°/s²
2026-08-07 15:16:34,655 ERROR   robot.realtime.motion_streamer [robot-motion-streamer] motion_streamer.py:136 | 关节指令下发失败：关节 1 指令加速度 1946°/s² 超过上限 720°/s²
2026-08-07 15:16:34,661 ERROR   robot.realtime.motion_streamer [robot-motion-streamer] motion_streamer.py:136 | 关节指令下发失败：关节 1 指令加速度 1146°/s² 超过上限 720°/s²
2026-08-07 15:16:34,672 ERROR   robot.realtime.motion_streamer [robot-motion-streamer] motion_streamer.py:136 | 关节指令下发失败：关节 1 指令加速度 1370°/s² 超过上限 720°/s²
2026-08-07 15:16:34,697 ERROR   robot.realtime.motion_streamer [robot-motion-streamer] motion_streamer.py:136 | 关节指令下发失败：关节 1 指令速度 874.4°/s 超过上限 180.0°/s
2026-08-07 15:16:34,701 ERROR   robot.realtime.motion_streamer [robot-motion-streamer] motion_streamer.py:136 | 关节指令下发失败：关节 1 指令加速度 8371°/s² 超过上限 720°/s²
2026-08-07 15:16:34,706 ERROR   robot.realtime.motion_streamer [robot-motion-streamer] motion_streamer.py:136 | 关节指令下发失败：关节 1 指令加速度 2191°/s² 超过上限 720°/s²
2026-08-07 15:16:34,711 ERROR   robot.realtime.motion_streamer [robot-motion-streamer] motion_streamer.py:136 | 关节指令下发失败：关节 1 指令加速度 1119°/s² 超过上限 720°/s²
2026-08-07 15:16:34,721 ERROR   robot.realtime.motion_streamer [robot-motion-streamer] motion_streamer.py:136 | 关节指令下发失败：关节 1 指令加速度 1023°/s² 超过上限 720°/s²
2026-08-07 15:16:34,793 ERROR   robot.realtime.motion_streamer [robot-motion-streamer] motion_streamer.py:136 | 关节指令下发失败：关节 1 指令速度 923.5°/s 超过上限 180.0°/s
2026-08-07 15:16:34,796 ERROR   robot.realtime.motion_streamer [robot-motion-streamer] motion_streamer.py:136 | 关节指令下发失败：关节 1 指令加速度 8536°/s² 超过上限 720°/s²
2026-08-07 15:16:34,801 ERROR   robot.realtime.motion_streamer [robot-motion-streamer] motion_streamer.py:136 | 关节指令下发失败：关节 1 指令加速度 2528°/s² 超过上限 720°/s²
2026-08-07 15:16:34,806 ERROR   robot.realtime.motion_streamer [robot-motion-streamer] motion_streamer.py:136 | 关节指令下发失败：关节 1 指令加速度 1223°/s² 超过上限 720°/s²
2026-08-07 15:16:34,816 ERROR   robot.realtime.motion_streamer [robot-motion-streamer] motion_streamer.py:136 | 关节指令下发失败：关节 1 指令加速度 1383°/s² 超过上限 720°/s²
2026-08-07 15:16:34,832 ERROR   robot.realtime.motion_streamer [robot-motion-streamer] motion_streamer.py:136 | 关节指令下发失败：关节 1 指令速度 1813.4°/s 超过上限 180.0°/s
2026-08-07 15:16:34,833 ERROR   robot.realtime.motion_streamer [robot-motion-streamer] motion_streamer.py:136 | 关节指令下发失败：关节 1 指令速度 441.3°/s 超过上限 180.0°/s
2026-08-07 15:16:34,846 ERROR   robot.realtime.motion_streamer [robot-motion-streamer] motion_streamer.py:136 | 关节指令下发失败：关节 1 指令速度 1292.9°/s 超过上限 180.0°/s
2026-08-07 15:16:34,847 ERROR   robot.realtime.motion_streamer [robot-motion-streamer] motion_streamer.py:136 | 关节指令下发失败：关节 1 指令加速度 249492°/s² 超过上限 720°/s²
2026-08-07 15:16:34,851 ERROR   robot.realtime.motion_streamer [robot-motion-streamer] motion_streamer.py:136 | 关节指令下发失败：关节 1 指令加速度 7321°/s² 超过上限 720°/s²
2026-08-07 15:16:34,856 ERROR   robot.realtime.motion_streamer [robot-motion-streamer] motion_streamer.py:136 | 关节指令下发失败：关节 1 指令加速度 1516°/s² 超过上限 720°/s²
2026-08-07 15:16:34,865 ERROR   robot.realtime.motion_streamer [robot-motion-streamer] motion_streamer.py:136 | 关节指令下发失败：关节 1 指令加速度 2224°/s² 超过上限 720°/s²
2026-08-07 15:16:34,870 ERROR   robot.realtime.motion_streamer [robot-motion-streamer] motion_streamer.py:136 | 关节指令下发失败：关节 1 指令加速度 1112°/s² 超过上限 720°/s²
2026-08-07 15:16:34,926 ERROR   robot.realtime.motion_streamer [robot-motion-streamer] motion_streamer.py:136 | 关节指令下发失败：关节 1 指令加速度 901°/s² 超过上限 720°/s²
2026-08-07 15:16:34,963 ERROR   robot.realtime.motion_streamer [robot-motion-streamer] motion_streamer.py:136 | 关节指令下发失败：关节 1 指令加速度 1209°/s² 超过上限 720°/s²
2026-08-07 15:16:34,966 ERROR   robot.realtime.motion_streamer [robot-motion-streamer] motion_streamer.py:136 | 关节指令下发失败：关节 1 指令加速度 908°/s² 超过上限 720°/s²
2026-08-07 15:16:35,033 WARNING robot.realtime.clock [robot-continuous-jog] clock.py:103 | jog-joint 循环滞后 5.0 ms（超过一个控制周期 5.0 ms）
2026-08-07 15:16:35,041 WARNING robot.realtime.clock [robot-continuous-jog] clock.py:103 | jog-joint 循环滞后 8.1 ms（超过一个控制周期 5.0 ms）
2026-08-07 15:16:35,049 WARNING robot.realtime.clock [robot-continuous-jog] clock.py:103 | jog-joint 循环滞后 10.7 ms（超过一个控制周期 5.0 ms）
2026-08-07 15:16:35,057 WARNING robot.realtime.clock [robot-continuous-jog] clock.py:103 | jog-joint 循环滞后 14.0 ms（超过一个控制周期 5.0 ms）
2026-08-07 15:16:35,062 WARNING robot.realtime.clock [robot-continuous-jog] clock.py:103 | jog-joint 循环滞后 14.5 ms（超过一个控制周期 5.0 ms）
2026-08-07 15:16:35,063 ERROR   robot.realtime.motion_streamer [robot-motion-streamer] motion_streamer.py:136 | 关节指令下发失败：关节 1 指令加速度 878°/s² 超过上限 720°/s²
2026-08-07 15:16:35,067 WARNING robot.realtime.clock [robot-continuous-jog] clock.py:103 | jog-joint 循环滞后 14.4 ms（超过一个控制周期 5.0 ms）
2026-08-07 15:16:35,071 WARNING robot.realtime.clock [robot-continuous-jog] clock.py:103 | jog-joint 循环滞后 13.0 ms（超过一个控制周期 5.0 ms）
2026-08-07 15:16:35,071 ERROR   robot.realtime.motion_streamer [robot-motion-streamer] motion_streamer.py:136 | 关节指令下发失败：关节 1 指令加速度 1907°/s² 超过上限 720°/s²
2026-08-07 15:16:35,074 WARNING robot.realtime.clock [robot-continuous-jog] clock.py:103 | jog-joint 循环滞后 11.4 ms（超过一个控制周期 5.0 ms）
2026-08-07 15:16:35,075 ERROR   robot.realtime.motion_streamer [robot-motion-streamer] motion_streamer.py:136 | 关节指令下发失败：关节 1 指令加速度 1110°/s² 超过上限 720°/s²
2026-08-07 15:16:35,077 WARNING robot.realtime.clock [robot-continuous-jog] clock.py:103 | jog-joint 循环滞后 8.7 ms（超过一个控制周期 5.0 ms）
2026-08-07 15:16:35,077 ERROR   robot.realtime.motion_streamer [robot-motion-streamer] motion_streamer.py:136 | 关节指令下发失败：关节 1 指令加速度 1117°/s² 超过上限 720°/s²
2026-08-07 15:16:35,079 WARNING robot.realtime.clock [robot-continuous-jog] clock.py:103 | jog-joint 循环滞后 5.5 ms（超过一个控制周期 5.0 ms）
2026-08-07 15:16:35,079 ERROR   robot.realtime.motion_streamer [robot-motion-streamer] motion_streamer.py:136 | 关节指令下发失败：关节 1 指令加速度 1182°/s² 超过上限 720°/s²
2026-08-07 15:16:35,082 ERROR   robot.realtime.motion_streamer [robot-motion-streamer] motion_streamer.py:136 | 关节指令下发失败：关节 1 指令速度 2442.4°/s 超过上限 180.0°/s
2026-08-07 15:16:35,085 ERROR   robot.realtime.motion_streamer [robot-motion-streamer] motion_streamer.py:136 | 关节指令下发失败：关节 1 指令加速度 9802°/s² 超过上限 720°/s²
2026-08-07 15:16:35,095 ERROR   robot.realtime.motion_streamer [robot-motion-streamer] motion_streamer.py:136 | 关节指令下发失败：关节 1 指令加速度 2739°/s² 超过上限 720°/s²
2026-08-07 15:16:35,100 ERROR   robot.realtime.motion_streamer [robot-motion-streamer] motion_streamer.py:136 | 关节指令下发失败：关节 1 指令加速度 1371°/s² 超过上限 720°/s²
2026-08-07 15:16:35,105 ERROR   robot.realtime.motion_streamer [robot-motion-streamer] motion_streamer.py:136 | 关节指令下发失败：关节 1 指令加速度 914°/s² 超过上限 720°/s²
2026-08-07 15:16:35,142 ERROR   robot.realtime.motion_streamer [robot-motion-streamer] motion_streamer.py:136 | 关节指令下发失败：关节 1 指令加速度 1055°/s² 超过上限 720°/s²
2026-08-07 15:16:35,153 ERROR   robot.realtime.motion_streamer [robot-motion-streamer] motion_streamer.py:136 | 关节指令下发失败：关节 1 指令速度 839.0°/s 超过上限 180.0°/s
2026-08-07 15:16:35,157 ERROR   robot.realtime.motion_streamer [robot-motion-streamer] motion_streamer.py:136 | 关节指令下发失败：关节 1 指令加速度 4474°/s² 超过上限 720°/s²
2026-08-07 15:16:35,161 ERROR   robot.realtime.motion_streamer [robot-motion-streamer] motion_streamer.py:136 | 关节指令下发失败：关节 1 指令加速度 2213°/s² 超过上限 720°/s²
2026-08-07 15:16:35,165 ERROR   robot.realtime.motion_streamer [robot-motion-streamer] motion_streamer.py:136 | 关节指令下发失败：关节 1 指令加速度 1019°/s² 超过上限 720°/s²
2026-08-07 15:16:35,176 ERROR   robot.realtime.motion_streamer [robot-motion-streamer] motion_streamer.py:136 | 关节指令下发失败：关节 1 指令加速度 1312°/s² 超过上限 720°/s²
2026-08-07 15:16:35,220 ERROR   robot.realtime.motion_streamer [robot-motion-streamer] motion_streamer.py:136 | 关节指令下发失败：关节 1 指令加速度 965°/s² 超过上限 720°/s²
2026-08-07 15:16:35,251 ERROR   robot.realtime.motion_streamer [robot-motion-streamer] motion_streamer.py:136 | 关节指令下发失败：关节 1 指令加速度 2976°/s² 超过上限 720°/s²
2026-08-07 15:16:35,261 ERROR   robot.realtime.motion_streamer [robot-motion-streamer] motion_streamer.py:136 | 关节指令下发失败：关节 1 指令加速度 3215°/s² 超过上限 720°/s²
2026-08-07 15:16:35,291 ERROR   robot.realtime.motion_streamer [robot-motion-streamer] motion_streamer.py:136 | 关节指令下发失败：关节 1 指令加速度 1181°/s² 超过上限 720°/s²
2026-08-07 15:16:35,415 ERROR   robot.realtime.motion_streamer [robot-motion-streamer] motion_streamer.py:136 | 关节指令下发失败：关节 1 指令加速度 1412°/s² 超过上限 720°/s²
2026-08-07 15:16:35,543 WARNING robot.realtime.clock [robot-continuous-jog] clock.py:103 | jog-joint 循环滞后 5.3 ms（超过一个控制周期 5.0 ms）
2026-08-07 15:16:35,549 WARNING robot.realtime.clock [robot-continuous-jog] clock.py:103 | jog-joint 循环滞后 5.9 ms（超过一个控制周期 5.0 ms）
2026-08-07 15:16:35,552 ERROR   robot.realtime.motion_streamer [robot-motion-streamer] motion_streamer.py:136 | 关节指令下发失败：关节 1 指令加速度 3557°/s² 超过上限 720°/s²
2026-08-07 15:16:35,553 ERROR   robot.realtime.motion_streamer [robot-motion-streamer] motion_streamer.py:136 | 关节指令下发失败：关节 1 指令加速度 5559°/s² 超过上限 720°/s²
2026-08-07 15:16:35,555 ERROR   robot.realtime.motion_streamer [robot-motion-streamer] motion_streamer.py:136 | 关节指令下发失败：关节 1 指令加速度 4467°/s² 超过上限 720°/s²
2026-08-07 15:16:35,566 ERROR   robot.realtime.motion_streamer [robot-motion-streamer] motion_streamer.py:136 | 关节指令下发失败：关节 1 指令加速度 1114°/s² 超过上限 720°/s²
2026-08-07 15:16:35,596 ERROR   robot.realtime.motion_streamer [robot-motion-streamer] motion_streamer.py:136 | 关节指令下发失败：关节 1 指令加速度 1678°/s² 超过上限 720°/s²
2026-08-07 15:16:35,615 ERROR   robot.realtime.motion_streamer [robot-motion-streamer] motion_streamer.py:136 | 关节指令下发失败：关节 1 指令速度 952.7°/s 超过上限 180.0°/s
2026-08-07 15:16:35,617 ERROR   robot.realtime.motion_streamer [robot-motion-streamer] motion_streamer.py:136 | 关节指令下发失败：关节 1 指令加速度 20966°/s² 超过上限 720°/s²
2026-08-07 15:16:35,622 ERROR   robot.realtime.motion_streamer [robot-motion-streamer] motion_streamer.py:136 | 关节指令下发失败：关节 1 指令加速度 3774°/s² 超过上限 720°/s²
2026-08-07 15:16:35,625 ERROR   robot.realtime.motion_streamer [robot-motion-streamer] motion_streamer.py:136 | 关节指令下发失败：关节 1 指令加速度 2131°/s² 超过上限 720°/s²
2026-08-07 15:16:35,630 ERROR   robot.realtime.motion_streamer [robot-motion-streamer] motion_streamer.py:136 | 关节指令下发失败：关节 1 指令加速度 1108°/s² 超过上限 720°/s²
2026-08-07 15:16:35,642 ERROR   robot.realtime.motion_streamer [robot-motion-streamer] motion_streamer.py:136 | 关节指令下发失败：关节 1 指令加速度 1543°/s² 超过上限 720°/s²
2026-08-07 15:16:35,886 ERROR   robot.realtime.motion_streamer [robot-motion-streamer] motion_streamer.py:136 | 关节指令下发失败：关节 1 指令加速度 3973°/s² 超过上限 720°/s²
2026-08-07 15:16:35,910 ERROR   robot.realtime.motion_streamer [robot-motion-streamer] motion_streamer.py:136 | 关节指令下发失败：关节 1 指令加速度 999°/s² 超过上限 720°/s²
2026-08-07 15:16:35,957 ERROR   robot.realtime.motion_streamer [robot-motion-streamer] motion_streamer.py:136 | 关节指令下发失败：关节 1 指令加速度 917°/s² 超过上限 720°/s²
2026-08-07 15:16:36,002 ERROR   robot.realtime.motion_streamer [robot-motion-streamer] motion_streamer.py:136 | 关节指令下发失败：关节 1 指令加速度 318854°/s² 超过上限 720°/s²
2026-08-07 15:16:36,006 ERROR   robot.realtime.motion_streamer [robot-motion-streamer] motion_streamer.py:136 | 关节指令下发失败：关节 1 指令加速度 7787°/s² 超过上限 720°/s²
2026-08-07 15:16:36,010 ERROR   robot.realtime.motion_streamer [robot-motion-streamer] motion_streamer.py:136 | 关节指令下发失败：关节 1 指令加速度 2392°/s² 超过上限 720°/s²
2026-08-07 15:16:36,015 ERROR   robot.realtime.motion_streamer [robot-motion-streamer] motion_streamer.py:136 | 关节指令下发失败：关节 1 指令加速度 1067°/s² 超过上限 720°/s²
2026-08-07 15:16:36,025 ERROR   robot.realtime.motion_streamer [robot-motion-streamer] motion_streamer.py:136 | 关节指令下发失败：关节 1 指令加速度 969°/s² 超过上限 720°/s²
2026-08-07 15:16:36,179 ERROR   robot.realtime.motion_streamer [robot-motion-streamer] motion_streamer.py:136 | 关节指令下发失败：关节 1 指令加速度 1686°/s² 超过上限 720°/s²
2026-08-07 15:16:36,181 ERROR   robot.realtime.motion_streamer [robot-motion-streamer] motion_streamer.py:136 | 关节指令下发失败：关节 1 指令加速度 2459°/s² 超过上限 720°/s²
2026-08-07 15:16:36,185 ERROR   robot.realtime.motion_streamer [robot-motion-streamer] motion_streamer.py:136 | 关节指令下发失败：关节 1 指令加速度 1023°/s² 超过上限 720°/s²
2026-08-07 15:16:36,255 ERROR   robot.realtime.motion_streamer [robot-motion-streamer] motion_streamer.py:136 | 关节指令下发失败：关节 1 指令速度 1205.1°/s 超过上限 180.0°/s
2026-08-07 15:16:36,268 ERROR   robot.realtime.motion_streamer [robot-motion-streamer] motion_streamer.py:136 | 关节指令下发失败：关节 1 指令速度 707.0°/s 超过上限 180.0°/s
2026-08-07 15:16:36,279 WARNING robot.realtime.clock [robot-continuous-jog] clock.py:103 | jog-joint 循环滞后 5.9 ms（超过一个控制周期 5.0 ms）
2026-08-07 15:16:36,280 ERROR   robot.realtime.motion_streamer [robot-motion-streamer] motion_streamer.py:136 | 关节指令下发失败：关节 1 指令速度 648.1°/s 超过上限 180.0°/s
2026-08-07 15:16:36,284 WARNING robot.realtime.clock [robot-continuous-jog] clock.py:103 | jog-joint 循环滞后 6.0 ms（超过一个控制周期 5.0 ms）
2026-08-07 15:16:36,284 ERROR   robot.realtime.motion_streamer [robot-motion-streamer] motion_streamer.py:136 | 关节指令下发失败：关节 1 指令加速度 4602°/s² 超过上限 720°/s²
2026-08-07 15:16:36,289 WARNING robot.realtime.clock [robot-continuous-jog] clock.py:103 | jog-joint 循环滞后 5.5 ms（超过一个控制周期 5.0 ms）
2026-08-07 15:16:36,289 ERROR   robot.realtime.motion_streamer [robot-motion-streamer] motion_streamer.py:136 | 关节指令下发失败：关节 1 指令加速度 1345°/s² 超过上限 720°/s²
2026-08-07 15:16:36,295 ERROR   robot.realtime.motion_streamer [robot-motion-streamer] motion_streamer.py:136 | 关节指令下发失败：关节 1 指令速度 2208.0°/s 超过上限 180.0°/s
2026-08-07 15:16:36,296 ERROR   robot.realtime.motion_streamer [robot-motion-streamer] motion_streamer.py:136 | 关节指令下发失败：关节 1 指令加速度 99043°/s² 超过上限 720°/s²
2026-08-07 15:16:36,301 ERROR   robot.realtime.motion_streamer [robot-motion-streamer] motion_streamer.py:136 | 关节指令下发失败：关节 1 指令加速度 3478°/s² 超过上限 720°/s²
2026-08-07 15:16:36,311 ERROR   robot.realtime.motion_streamer [robot-motion-streamer] motion_streamer.py:136 | 关节指令下发失败：关节 1 指令加速度 2224°/s² 超过上限 720°/s²
2026-08-07 15:16:36,316 ERROR   robot.realtime.motion_streamer [robot-motion-streamer] motion_streamer.py:136 | 关节指令下发失败：关节 1 指令加速度 1165°/s² 超过上限 720°/s²
2026-08-07 15:16:36,330 ERROR   robot.realtime.motion_streamer [robot-motion-streamer] motion_streamer.py:136 | 关节指令下发失败：关节 1 指令加速度 872°/s² 超过上限 720°/s²
2026-08-07 15:16:36,346 ERROR   robot.realtime.motion_streamer [robot-motion-streamer] motion_streamer.py:136 | 关节指令下发失败：关节 1 指令加速度 1418°/s² 超过上限 720°/s²
2026-08-07 15:16:36,401 ERROR   robot.realtime.motion_streamer [robot-motion-streamer] motion_streamer.py:136 | 关节指令下发失败：关节 1 指令加速度 1710°/s² 超过上限 720°/s²
2026-08-07 15:16:36,450 ERROR   robot.realtime.motion_streamer [robot-motion-streamer] motion_streamer.py:136 | 关节指令下发失败：关节 1 指令加速度 953°/s² 超过上限 720°/s²
2026-08-07 15:16:36,491 ERROR   robot.realtime.motion_streamer [robot-motion-streamer] motion_streamer.py:136 | 关节指令下发失败：关节 1 指令加速度 984°/s² 超过上限 720°/s²
2026-08-07 15:16:36,538 ERROR   robot.realtime.motion_streamer [robot-motion-streamer] motion_streamer.py:136 | 关节指令下发失败：关节 1 指令加速度 7064°/s² 超过上限 720°/s²
2026-08-07 15:16:36,541 ERROR   robot.realtime.motion_streamer [robot-motion-streamer] motion_streamer.py:136 | 关节指令下发失败：关节 1 指令加速度 2013°/s² 超过上限 720°/s²
2026-08-07 15:16:36,546 ERROR   robot.realtime.motion_streamer [robot-motion-streamer] motion_streamer.py:136 | 关节指令下发失败：关节 1 指令加速度 933°/s² 超过上限 720°/s²
2026-08-07 15:26:38,424 INFO    robot.interfaces.oscilloscope [MainThread] service.py:96 | oscilloscope sampler started at 50.0 Hz for 7 joints
2026-08-07 15:26:38,425 INFO    robot.urdf.catalog [MainThread] catalog.py:86 | 已添加 URDF 搜索目录：/home/liv/zerithWorkSpace/code/e1pro/e1_pro_full
2026-08-07 15:26:39,692 INFO    robot.interfaces.simulator [MainThread] viser_app.py:208 | 已加载机器人 E1-PRO：/home/liv/zerithWorkSpace/code/e1pro/e1_pro_full/marvin6/urdf/E1-PRO_EVT2.0_V12_260730.urdf
2026-08-07 15:26:39,693 INFO    robot.interfaces.simulator [MainThread] viser_app.py:209 | 轨迹速度规划后端：ruckig double-S
2026-08-07 15:26:39,693 INFO    robot.interfaces.simulator [MainThread] viser_app.py:210 | 示教器通信接口：http://127.0.0.1:8765
2026-08-07 15:28:48,720 ERROR   robot.realtime.motion_streamer [robot-motion-streamer] motion_streamer.py:136 | 关节指令下发失败：关节 1 指令加速度 1415°/s² 超过上限 720°/s²
2026-08-07 15:28:48,733 ERROR   robot.realtime.motion_streamer [robot-motion-streamer] motion_streamer.py:136 | 关节指令下发失败：关节 1 指令加速度 2571°/s² 超过上限 720°/s²
2026-08-07 15:28:48,743 ERROR   robot.realtime.motion_streamer [robot-motion-streamer] motion_streamer.py:136 | 关节指令下发失败：关节 1 指令加速度 1142°/s² 超过上限 720°/s²
2026-08-07 15:28:48,767 ERROR   robot.realtime.motion_streamer [robot-motion-streamer] motion_streamer.py:136 | 关节指令下发失败：关节 1 指令加速度 1773°/s² 超过上限 720°/s²
2026-08-07 15:28:48,812 ERROR   robot.realtime.motion_streamer [robot-motion-streamer] motion_streamer.py:136 | 关节指令下发失败：关节 1 指令加速度 1058°/s² 超过上限 720°/s²
2026-08-07 15:28:48,998 ERROR   robot.realtime.motion_streamer [robot-motion-streamer] motion_streamer.py:136 | 关节指令下发失败：关节 1 指令加速度 958°/s² 超过上限 720°/s²
2026-08-07 15:28:49,026 ERROR   robot.realtime.motion_streamer [robot-motion-streamer] motion_streamer.py:136 | 关节指令下发失败：关节 1 指令速度 789.1°/s 超过上限 180.0°/s
2026-08-07 15:28:49,028 ERROR   robot.realtime.motion_streamer [robot-motion-streamer] motion_streamer.py:136 | 关节指令下发失败：关节 1 指令加速度 19187°/s² 超过上限 720°/s²
2026-08-07 15:28:49,029 ERROR   robot.realtime.motion_streamer [robot-motion-streamer] motion_streamer.py:136 | 关节指令下发失败：关节 1 指令加速度 24960°/s² 超过上限 720°/s²
2026-08-07 15:28:49,034 ERROR   robot.realtime.motion_streamer [robot-motion-streamer] motion_streamer.py:136 | 关节指令下发失败：关节 1 指令加速度 4028°/s² 超过上限 720°/s²
2026-08-07 15:28:49,041 ERROR   robot.realtime.motion_streamer [robot-motion-streamer] motion_streamer.py:136 | 关节指令下发失败：关节 1 指令加速度 1620°/s² 超过上限 720°/s²
2026-08-07 15:28:49,044 ERROR   robot.realtime.motion_streamer [robot-motion-streamer] motion_streamer.py:136 | 关节指令下发失败：关节 1 指令加速度 1272°/s² 超过上限 720°/s²
2026-08-07 15:28:49,049 ERROR   robot.realtime.motion_streamer [robot-motion-streamer] motion_streamer.py:136 | 关节指令下发失败：关节 1 指令加速度 901°/s² 超过上限 720°/s²
2026-08-07 15:28:49,065 ERROR   robot.realtime.motion_streamer [robot-motion-streamer] motion_streamer.py:136 | 关节指令下发失败：关节 1 指令加速度 1538°/s² 超过上限 720°/s²
2026-08-07 15:28:49,068 ERROR   robot.realtime.motion_streamer [robot-motion-streamer] motion_streamer.py:136 | 关节指令下发失败：关节 1 指令加速度 3018°/s² 超过上限 720°/s²
2026-08-07 15:28:49,082 ERROR   robot.realtime.motion_streamer [robot-motion-streamer] motion_streamer.py:136 | 关节指令下发失败：关节 1 指令速度 549.8°/s 超过上限 180.0°/s
2026-08-07 15:28:49,085 ERROR   robot.realtime.motion_streamer [robot-motion-streamer] motion_streamer.py:136 | 关节指令下发失败：关节 1 指令加速度 9746°/s² 超过上限 720°/s²
2026-08-07 15:28:49,088 ERROR   robot.realtime.motion_streamer [robot-motion-streamer] motion_streamer.py:136 | 关节指令下发失败：关节 1 指令加速度 4066°/s² 超过上限 720°/s²
2026-08-07 15:28:49,093 ERROR   robot.realtime.motion_streamer [robot-motion-streamer] motion_streamer.py:136 | 关节指令下发失败：关节 1 指令加速度 1727°/s² 超过上限 720°/s²
2026-08-07 15:28:49,098 ERROR   robot.realtime.motion_streamer [robot-motion-streamer] motion_streamer.py:136 | 关节指令下发失败：关节 1 指令加速度 948°/s² 超过上限 720°/s²
2026-08-07 15:28:49,108 ERROR   robot.realtime.motion_streamer [robot-motion-streamer] motion_streamer.py:136 | 关节指令下发失败：关节 1 指令加速度 1436°/s² 超过上限 720°/s²
2026-08-07 15:28:49,162 ERROR   robot.realtime.motion_streamer [robot-motion-streamer] motion_streamer.py:136 | 关节指令下发失败：关节 1 指令加速度 895°/s² 超过上限 720°/s²
2026-08-07 15:28:49,177 ERROR   robot.realtime.motion_streamer [robot-motion-streamer] motion_streamer.py:136 | 关节指令下发失败：关节 1 指令加速度 1009°/s² 超过上限 720°/s²
2026-08-07 15:28:49,268 ERROR   robot.realtime.motion_streamer [robot-motion-streamer] motion_streamer.py:136 | 关节指令下发失败：关节 1 指令加速度 877°/s² 超过上限 720°/s²
2026-08-07 15:28:49,288 ERROR   robot.realtime.motion_streamer [robot-motion-streamer] motion_streamer.py:136 | 关节指令下发失败：关节 1 指令加速度 915°/s² 超过上限 720°/s²
2026-08-07 15:28:49,328 ERROR   robot.realtime.motion_streamer [robot-motion-streamer] motion_streamer.py:136 | 关节指令下发失败：关节 1 指令加速度 1559°/s² 超过上限 720°/s²
2026-08-07 15:28:49,368 ERROR   robot.realtime.motion_streamer [robot-motion-streamer] motion_streamer.py:136 | 关节指令下发失败：关节 1 指令加速度 2167°/s² 超过上限 720°/s²
2026-08-07 15:28:49,399 ERROR   robot.realtime.motion_streamer [robot-motion-streamer] motion_streamer.py:136 | 关节指令下发失败：关节 1 指令速度 2137.9°/s 超过上限 180.0°/s
2026-08-07 15:28:49,404 ERROR   robot.realtime.motion_streamer [robot-motion-streamer] motion_streamer.py:136 | 关节指令下发失败：关节 1 指令加速度 7270°/s² 超过上限 720°/s²
2026-08-07 15:28:49,408 ERROR   robot.realtime.motion_streamer [robot-motion-streamer] motion_streamer.py:136 | 关节指令下发失败：关节 1 指令加速度 2189°/s² 超过上限 720°/s²
2026-08-07 15:28:49,413 ERROR   robot.realtime.motion_streamer [robot-motion-streamer] motion_streamer.py:136 | 关节指令下发失败：关节 1 指令加速度 1109°/s² 超过上限 720°/s²
2026-08-07 15:28:49,423 ERROR   robot.realtime.motion_streamer [robot-motion-streamer] motion_streamer.py:136 | 关节指令下发失败：关节 1 指令加速度 1035°/s² 超过上限 720°/s²
2026-08-07 15:28:49,600 ERROR   robot.realtime.motion_streamer [robot-motion-streamer] motion_streamer.py:136 | 关节指令下发失败：关节 1 指令速度 2258.6°/s 超过上限 180.0°/s
2026-08-07 15:28:49,600 ERROR   robot.realtime.motion_streamer [robot-motion-streamer] motion_streamer.py:136 | 关节指令下发失败：关节 1 指令速度 646.3°/s 超过上限 180.0°/s
2026-08-07 15:28:49,603 ERROR   robot.realtime.motion_streamer [robot-motion-streamer] motion_streamer.py:136 | 关节指令下发失败：关节 1 指令加速度 22876°/s² 超过上限 720°/s²
2026-08-07 15:28:49,608 ERROR   robot.realtime.motion_streamer [robot-motion-streamer] motion_streamer.py:136 | 关节指令下发失败：关节 1 指令加速度 4895°/s² 超过上限 720°/s²
2026-08-07 15:28:49,613 ERROR   robot.realtime.motion_streamer [robot-motion-streamer] motion_streamer.py:136 | 关节指令下发失败：关节 1 指令加速度 2334°/s² 超过上限 720°/s²
2026-08-07 15:28:49,618 ERROR   robot.realtime.motion_streamer [robot-motion-streamer] motion_streamer.py:136 | 关节指令下发失败：关节 1 指令加速度 1381°/s² 超过上限 720°/s²
2026-08-07 15:28:49,623 ERROR   robot.realtime.motion_streamer [robot-motion-streamer] motion_streamer.py:136 | 关节指令下发失败：关节 1 指令加速度 973°/s² 超过上限 720°/s²
2026-08-07 15:28:49,633 ERROR   robot.realtime.motion_streamer [robot-motion-streamer] motion_streamer.py:136 | 关节指令下发失败：关节 1 指令加速度 1665°/s² 超过上限 720°/s²
2026-08-07 15:28:49,783 ERROR   robot.realtime.motion_streamer [robot-motion-streamer] motion_streamer.py:136 | 关节指令下发失败：关节 1 指令加速度 993°/s² 超过上限 720°/s²
2026-08-07 15:28:49,800 ERROR   robot.realtime.motion_streamer [robot-motion-streamer] motion_streamer.py:136 | 关节指令下发失败：关节 1 指令加速度 1153°/s² 超过上限 720°/s²
2026-08-07 15:28:49,814 ERROR   robot.realtime.motion_streamer [robot-motion-streamer] motion_streamer.py:136 | 关节指令下发失败：关节 1 指令加速度 1618°/s² 超过上限 720°/s²
2026-08-07 15:28:49,833 ERROR   robot.realtime.motion_streamer [robot-motion-streamer] motion_streamer.py:136 | 关节指令下发失败：关节 1 指令加速度 1515°/s² 超过上限 720°/s²
2026-08-07 15:28:49,853 ERROR   robot.realtime.motion_streamer [robot-motion-streamer] motion_streamer.py:136 | 关节指令下发失败：关节 1 指令加速度 1217°/s² 超过上限 720°/s²
2026-08-07 15:28:49,872 ERROR   robot.realtime.motion_streamer [robot-motion-streamer] motion_streamer.py:136 | 关节指令下发失败：关节 1 指令加速度 1072°/s² 超过上限 720°/s²
2026-08-07 15:28:49,987 ERROR   robot.realtime.motion_streamer [robot-motion-streamer] motion_streamer.py:136 | 关节指令下发失败：关节 1 指令加速度 1041°/s² 超过上限 720°/s²
2026-08-07 15:28:50,538 ERROR   robot.realtime.motion_streamer [robot-motion-streamer] motion_streamer.py:136 | 关节指令下发失败：关节 1 指令加速度 993°/s² 超过上限 720°/s²
2026-08-07 15:28:50,563 ERROR   robot.realtime.motion_streamer [robot-motion-streamer] motion_streamer.py:136 | 关节指令下发失败：关节 1 指令加速度 947°/s² 超过上限 720°/s²
2026-08-07 15:28:50,577 ERROR   robot.realtime.motion_streamer [robot-motion-streamer] motion_streamer.py:136 | 关节指令下发失败：关节 1 指令加速度 1718°/s² 超过上限 720°/s²
2026-08-07 15:28:50,628 ERROR   robot.realtime.motion_streamer [robot-motion-streamer] motion_streamer.py:136 | 关节指令下发失败：关节 1 指令加速度 10669°/s² 超过上限 720°/s²
2026-08-07 15:28:50,634 ERROR   robot.realtime.motion_streamer [robot-motion-streamer] motion_streamer.py:136 | 关节指令下发失败：关节 1 指令加速度 894°/s² 超过上限 720°/s²
2026-08-07 15:28:50,698 ERROR   robot.realtime.motion_streamer [robot-motion-streamer] motion_streamer.py:136 | 关节指令下发失败：关节 1 指令加速度 1201°/s² 超过上限 720°/s²
2026-08-07 15:28:50,777 ERROR   robot.realtime.motion_streamer [robot-motion-streamer] motion_streamer.py:136 | 关节指令下发失败：关节 1 指令加速度 4209°/s² 超过上限 720°/s²
2026-08-07 15:28:50,782 ERROR   robot.realtime.motion_streamer [robot-motion-streamer] motion_streamer.py:136 | 关节指令下发失败：关节 1 指令加速度 879°/s² 超过上限 720°/s²
2026-08-07 15:28:50,864 ERROR   robot.realtime.motion_streamer [robot-motion-streamer] motion_streamer.py:136 | 关节指令下发失败：关节 1 指令速度 5313.0°/s 超过上限 180.0°/s
2026-08-07 15:28:50,865 ERROR   robot.realtime.motion_streamer [robot-motion-streamer] motion_streamer.py:136 | 关节指令下发失败：关节 1 指令速度 1097.4°/s 超过上限 180.0°/s
2026-08-07 15:28:50,867 ERROR   robot.realtime.motion_streamer [robot-motion-streamer] motion_streamer.py:136 | 关节指令下发失败：关节 1 指令加速度 34345°/s² 超过上限 720°/s²
2026-08-07 15:28:50,875 ERROR   robot.realtime.motion_streamer [robot-motion-streamer] motion_streamer.py:136 | 关节指令下发失败：关节 1 指令加速度 2874°/s² 超过上限 720°/s²
2026-08-07 15:28:50,879 ERROR   robot.realtime.motion_streamer [robot-motion-streamer] motion_streamer.py:136 | 关节指令下发失败：关节 1 指令加速度 1804°/s² 超过上限 720°/s²
2026-08-07 15:28:50,883 ERROR   robot.realtime.motion_streamer [robot-motion-streamer] motion_streamer.py:136 | 关节指令下发失败：关节 1 指令加速度 1229°/s² 超过上限 720°/s²
2026-08-07 15:28:50,888 ERROR   robot.realtime.motion_streamer [robot-motion-streamer] motion_streamer.py:136 | 关节指令下发失败：关节 1 指令加速度 898°/s² 超过上限 720°/s²
2026-08-07 15:28:50,898 ERROR   robot.realtime.motion_streamer [robot-motion-streamer] motion_streamer.py:136 | 关节指令下发失败：关节 1 指令加速度 1452°/s² 超过上限 720°/s²
2026-08-07 15:28:50,959 ERROR   robot.realtime.motion_streamer [robot-motion-streamer] motion_streamer.py:136 | 关节指令下发失败：关节 1 指令加速度 1446°/s² 超过上限 720°/s²
2026-08-07 15:28:51,045 ERROR   robot.realtime.motion_streamer [robot-motion-streamer] motion_streamer.py:136 | 关节指令下发失败：关节 1 指令加速度 42718°/s² 超过上限 720°/s²
2026-08-07 15:28:51,048 ERROR   robot.realtime.motion_streamer [robot-motion-streamer] motion_streamer.py:136 | 关节指令下发失败：关节 1 指令加速度 5798°/s² 超过上限 720°/s²
2026-08-07 15:28:51,053 ERROR   robot.realtime.motion_streamer [robot-motion-streamer] motion_streamer.py:136 | 关节指令下发失败：关节 1 指令加速度 1594°/s² 超过上限 720°/s²
2026-08-07 15:28:51,064 ERROR   robot.realtime.motion_streamer [robot-motion-streamer] motion_streamer.py:136 | 关节指令下发失败：关节 1 指令加速度 1363°/s² 超过上限 720°/s²
2026-08-07 15:28:51,084 ERROR   robot.realtime.motion_streamer [robot-motion-streamer] motion_streamer.py:136 | 关节指令下发失败：关节 1 指令速度 423.5°/s 超过上限 180.0°/s
2026-08-07 15:28:51,088 ERROR   robot.realtime.motion_streamer [robot-motion-streamer] motion_streamer.py:136 | 关节指令下发失败：关节 1 指令加速度 8529°/s² 超过上限 720°/s²
2026-08-07 15:28:51,092 ERROR   robot.realtime.motion_streamer [robot-motion-streamer] motion_streamer.py:136 | 关节指令下发失败：关节 1 指令加速度 2990°/s² 超过上限 720°/s²
2026-08-07 15:28:51,097 ERROR   robot.realtime.motion_streamer [robot-motion-streamer] motion_streamer.py:136 | 关节指令下发失败：关节 1 指令加速度 1287°/s² 超过上限 720°/s²
2026-08-07 15:28:51,108 ERROR   robot.realtime.motion_streamer [robot-motion-streamer] motion_streamer.py:136 | 关节指令下发失败：关节 1 指令加速度 1571°/s² 超过上限 720°/s²
2026-08-07 15:28:51,130 ERROR   robot.realtime.motion_streamer [robot-motion-streamer] motion_streamer.py:136 | 关节指令下发失败：关节 1 指令加速度 1615°/s² 超过上限 720°/s²
2026-08-07 15:28:51,134 ERROR   robot.realtime.motion_streamer [robot-motion-streamer] motion_streamer.py:136 | 关节指令下发失败：关节 1 指令加速度 1000°/s² 超过上限 720°/s²
2026-08-07 15:32:50,722 INFO    robot.interfaces.oscilloscope [MainThread] service.py:96 | oscilloscope sampler started at 50.0 Hz for 7 joints
2026-08-07 15:32:50,723 INFO    robot.urdf.catalog [MainThread] catalog.py:86 | 已添加 URDF 搜索目录：/home/liv/zerithWorkSpace/code/e1pro/e1_pro_full
2026-08-07 15:33:16,445 INFO    robot.interfaces.oscilloscope [MainThread] service.py:96 | oscilloscope sampler started at 50.0 Hz for 7 joints
2026-08-07 15:33:16,446 INFO    robot.urdf.catalog [MainThread] catalog.py:86 | 已添加 URDF 搜索目录：/home/liv/zerithWorkSpace/code/e1pro/e1_pro_full
2026-08-07 15:37:33,167 INFO    robot.interfaces.oscilloscope [MainThread] service.py:96 | oscilloscope sampler started at 50.0 Hz for 7 joints
2026-08-07 15:37:33,167 INFO    robot.urdf.catalog [MainThread] catalog.py:86 | 已添加 URDF 搜索目录：/home/liv/zerithWorkSpace/code/e1pro/e1_pro_full
2026-08-07 15:37:34,429 INFO    robot.interfaces.simulator [MainThread] viser_app.py:208 | 已加载机器人 E1-PRO：/home/liv/zerithWorkSpace/code/e1pro/e1_pro_full/marvin6/urdf/E1-PRO_EVT2.0_V12_260730.urdf
2026-08-07 15:37:34,430 INFO    robot.interfaces.simulator [MainThread] viser_app.py:209 | 轨迹速度规划后端：ruckig double-S
2026-08-07 15:37:34,430 INFO    robot.interfaces.simulator [MainThread] viser_app.py:210 | 示教器通信接口：http://127.0.0.1:8765
2026-08-07 15:37:46,388 INFO    robot.interfaces.oscilloscope [MainThread] service.py:96 | oscilloscope sampler started at 50.0 Hz for 7 joints
2026-08-07 15:37:46,389 INFO    robot.urdf.catalog [MainThread] catalog.py:86 | 已添加 URDF 搜索目录：/home/liv/zerithWorkSpace/code/e1pro/e1_pro_full
2026-08-07 15:37:47,708 INFO    robot.interfaces.simulator [MainThread] viser_app.py:208 | 已加载机器人 E1-PRO：/home/liv/zerithWorkSpace/code/e1pro/e1_pro_full/marvin6/urdf/E1-PRO_EVT2.0_V12_260730.urdf
2026-08-07 15:37:47,709 INFO    robot.interfaces.simulator [MainThread] viser_app.py:209 | 轨迹速度规划后端：ruckig double-S
2026-08-07 15:37:47,709 INFO    robot.interfaces.simulator [MainThread] viser_app.py:210 | 示教器通信接口：http://127.0.0.1:8765
2026-08-07 15:38:06,399 INFO    robot.interfaces.oscilloscope [MainThread] service.py:96 | oscilloscope sampler started at 50.0 Hz for 7 joints
2026-08-07 15:38:06,400 INFO    robot.urdf.catalog [MainThread] catalog.py:86 | 已添加 URDF 搜索目录：/home/liv/zerithWorkSpace/code/e1pro/e1_pro_full
2026-08-07 15:38:07,745 INFO    robot.interfaces.simulator [MainThread] viser_app.py:208 | 已加载机器人 E1-PRO：/home/liv/zerithWorkSpace/code/e1pro/e1_pro_full/marvin6/urdf/E1-PRO_EVT2.0_V12_260730.urdf
2026-08-07 15:38:07,745 INFO    robot.interfaces.simulator [MainThread] viser_app.py:209 | 轨迹速度规划后端：analytic double-S
2026-08-07 15:38:07,745 INFO    robot.interfaces.simulator [MainThread] viser_app.py:210 | 示教器通信接口：http://127.0.0.1:8765
2026-08-07 15:38:45,489 WARNING robot.realtime.clock [robot-continuous-jog] clock.py:103 | jog-joint 循环滞后 9.1 ms（超过一个控制周期 5.0 ms）
2026-08-07 15:38:45,493 WARNING robot.realtime.clock [robot-continuous-jog] clock.py:103 | jog-joint 循环滞后 8.3 ms（超过一个控制周期 5.0 ms）
2026-08-07 15:38:45,496 WARNING robot.realtime.clock [robot-continuous-jog] clock.py:103 | jog-joint 循环滞后 6.7 ms（超过一个控制周期 5.0 ms）
2026-08-07 15:38:45,496 ERROR   robot.realtime.motion_streamer [robot-motion-streamer] motion_streamer.py:136 | 关节指令下发失败：关节 1 指令加速度 1634°/s² 超过上限 720°/s²
2026-08-07 15:38:45,500 WARNING robot.realtime.clock [robot-continuous-jog] clock.py:103 | jog-joint 循环滞后 5.3 ms（超过一个控制周期 5.0 ms）
2026-08-07 15:38:45,508 ERROR   robot.realtime.motion_streamer [robot-motion-streamer] motion_streamer.py:136 | 关节指令下发失败：关节 1 指令加速度 973°/s² 超过上限 720°/s²
2026-08-07 15:38:45,508 ERROR   robot.realtime.motion_streamer [robot-motion-streamer] motion_streamer.py:136 | 关节指令下发失败：关节 1 指令速度 1620.0°/s 超过上限 180.0°/s
2026-08-07 15:38:45,511 ERROR   robot.realtime.motion_streamer [robot-motion-streamer] motion_streamer.py:136 | 关节指令下发失败：关节 1 指令加速度 6874°/s² 超过上限 720°/s²
2026-08-07 15:38:45,522 ERROR   robot.realtime.motion_streamer [robot-motion-streamer] motion_streamer.py:136 | 关节指令下发失败：关节 1 指令加速度 2326°/s² 超过上限 720°/s²
2026-08-07 15:38:45,527 ERROR   robot.realtime.motion_streamer [robot-motion-streamer] motion_streamer.py:136 | 关节指令下发失败：关节 1 指令加速度 1164°/s² 超过上限 720°/s²
2026-08-07 15:38:45,589 ERROR   robot.realtime.motion_streamer [robot-motion-streamer] motion_streamer.py:136 | 关节指令下发失败：关节 1 指令速度 632.2°/s 超过上限 180.0°/s
2026-08-07 15:38:45,592 ERROR   robot.realtime.motion_streamer [robot-motion-streamer] motion_streamer.py:136 | 关节指令下发失败：关节 1 指令加速度 10323°/s² 超过上限 720°/s²
2026-08-07 15:38:45,597 ERROR   robot.realtime.motion_streamer [robot-motion-streamer] motion_streamer.py:136 | 关节指令下发失败：关节 1 指令加速度 2274°/s² 超过上限 720°/s²
2026-08-07 15:38:45,602 ERROR   robot.realtime.motion_streamer [robot-motion-streamer] motion_streamer.py:136 | 关节指令下发失败：关节 1 指令加速度 1118°/s² 超过上限 720°/s²
2026-08-07 15:38:45,612 ERROR   robot.realtime.motion_streamer [robot-motion-streamer] motion_streamer.py:136 | 关节指令下发失败：关节 1 指令加速度 1050°/s² 超过上限 720°/s²
2026-08-07 15:38:45,692 ERROR   robot.realtime.motion_streamer [robot-motion-streamer] motion_streamer.py:136 | 关节指令下发失败：关节 1 指令加速度 916°/s² 超过上限 720°/s²
2026-08-07 15:38:45,732 ERROR   robot.realtime.motion_streamer [robot-motion-streamer] motion_streamer.py:136 | 关节指令下发失败：关节 1 指令加速度 992°/s² 超过上限 720°/s²
2026-08-07 15:38:45,777 ERROR   robot.realtime.motion_streamer [robot-motion-streamer] motion_streamer.py:136 | 关节指令下发失败：关节 1 指令速度 856.8°/s 超过上限 180.0°/s
2026-08-07 15:38:45,778 ERROR   robot.realtime.motion_streamer [robot-motion-streamer] motion_streamer.py:136 | 关节指令下发失败：关节 1 指令加速度 201747°/s² 超过上限 720°/s²
2026-08-07 15:38:45,782 ERROR   robot.realtime.motion_streamer [robot-motion-streamer] motion_streamer.py:136 | 关节指令下发失败：关节 1 指令加速度 9605°/s² 超过上限 720°/s²
2026-08-07 15:38:45,787 ERROR   robot.realtime.motion_streamer [robot-motion-streamer] motion_streamer.py:136 | 关节指令下发失败：关节 1 指令加速度 2629°/s² 超过上限 720°/s²
2026-08-07 15:38:45,792 ERROR   robot.realtime.motion_streamer [robot-motion-streamer] motion_streamer.py:136 | 关节指令下发失败：关节 1 指令加速度 1437°/s² 超过上限 720°/s²
2026-08-07 15:38:45,797 ERROR   robot.realtime.motion_streamer [robot-motion-streamer] motion_streamer.py:136 | 关节指令下发失败：关节 1 指令加速度 892°/s² 超过上限 720°/s²
2026-08-07 15:38:45,807 ERROR   robot.realtime.motion_streamer [robot-motion-streamer] motion_streamer.py:136 | 关节指令下发失败：关节 1 指令加速度 1314°/s² 超过上限 720°/s²
2026-08-07 15:38:45,898 ERROR   robot.realtime.motion_streamer [robot-motion-streamer] motion_streamer.py:136 | 关节指令下发失败：关节 1 指令速度 1013.6°/s 超过上限 180.0°/s
2026-08-07 15:38:45,899 ERROR   robot.realtime.motion_streamer [robot-motion-streamer] motion_streamer.py:136 | 关节指令下发失败：关节 1 指令加速度 112273°/s² 超过上限 720°/s²
2026-08-07 15:38:45,899 ERROR   robot.realtime.motion_streamer [robot-motion-streamer] motion_streamer.py:136 | 关节指令下发失败：关节 1 指令加速度 117297°/s² 超过上限 720°/s²
2026-08-07 15:38:45,902 ERROR   robot.realtime.motion_streamer [robot-motion-streamer] motion_streamer.py:136 | 关节指令下发失败：关节 1 指令加速度 17132°/s² 超过上限 720°/s²
2026-08-07 15:38:45,907 ERROR   robot.realtime.motion_streamer [robot-motion-streamer] motion_streamer.py:136 | 关节指令下发失败：关节 1 指令加速度 3910°/s² 超过上限 720°/s²
2026-08-07 15:38:45,912 ERROR   robot.realtime.motion_streamer [robot-motion-streamer] motion_streamer.py:136 | 关节指令下发失败：关节 1 指令加速度 1973°/s² 超过上限 720°/s²
2026-08-07 15:38:45,917 ERROR   robot.realtime.motion_streamer [robot-motion-streamer] motion_streamer.py:136 | 关节指令下发失败：关节 1 指令加速度 1245°/s² 超过上限 720°/s²
2026-08-07 15:38:45,922 ERROR   robot.realtime.motion_streamer [robot-motion-streamer] motion_streamer.py:136 | 关节指令下发失败：关节 1 指令加速度 895°/s² 超过上限 720°/s²
2026-08-07 15:38:45,932 ERROR   robot.realtime.motion_streamer [robot-motion-streamer] motion_streamer.py:136 | 关节指令下发失败：关节 1 指令加速度 1912°/s² 超过上限 720°/s²
2026-08-07 15:38:45,939 ERROR   robot.realtime.motion_streamer [robot-motion-streamer] motion_streamer.py:136 | 关节指令下发失败：关节 1 指令加速度 955°/s² 超过上限 720°/s²
2026-08-07 15:38:45,947 ERROR   robot.realtime.motion_streamer [robot-motion-streamer] motion_streamer.py:136 | 关节指令下发失败：关节 1 指令加速度 1246°/s² 超过上限 720°/s²
2026-08-07 15:38:46,027 ERROR   robot.realtime.motion_streamer [robot-motion-streamer] motion_streamer.py:136 | 关节指令下发失败：关节 1 指令速度 339.9°/s 超过上限 180.0°/s
2026-08-07 15:38:46,032 ERROR   robot.realtime.motion_streamer [robot-motion-streamer] motion_streamer.py:136 | 关节指令下发失败：关节 1 指令加速度 5129°/s² 超过上限 720°/s²
2026-08-07 15:38:46,037 ERROR   robot.realtime.motion_streamer [robot-motion-streamer] motion_streamer.py:136 | 关节指令下发失败：关节 1 指令加速度 1644°/s² 超过上限 720°/s²
2026-08-07 15:38:46,228 ERROR   robot.realtime.motion_streamer [robot-motion-streamer] motion_streamer.py:136 | 关节指令下发失败：关节 1 指令速度 642.1°/s 超过上限 180.0°/s
2026-08-07 15:38:46,233 ERROR   robot.realtime.motion_streamer [robot-motion-streamer] motion_streamer.py:136 | 关节指令下发失败：关节 1 指令加速度 3695°/s² 超过上限 720°/s²
2026-08-07 15:38:46,238 ERROR   robot.realtime.motion_streamer [robot-motion-streamer] motion_streamer.py:136 | 关节指令下发失败：关节 1 指令加速度 1501°/s² 超过上限 720°/s²
2026-08-07 15:38:46,241 ERROR   robot.realtime.motion_streamer [robot-motion-streamer] motion_streamer.py:136 | 关节指令下发失败：关节 1 指令加速度 1044°/s² 超过上限 720°/s²
2026-08-07 15:38:46,342 ERROR   robot.realtime.motion_streamer [robot-motion-streamer] motion_streamer.py:136 | 关节指令下发失败：关节 1 指令加速度 1892°/s² 超过上限 720°/s²
2026-08-07 15:38:46,372 ERROR   robot.realtime.motion_streamer [robot-motion-streamer] motion_streamer.py:136 | 关节指令下发失败：关节 1 指令加速度 2078°/s² 超过上限 720°/s²
2026-08-07 15:38:46,392 ERROR   robot.realtime.motion_streamer [robot-motion-streamer] motion_streamer.py:136 | 关节指令下发失败：关节 1 指令加速度 1034°/s² 超过上限 720°/s²
2026-08-07 15:38:46,449 ERROR   robot.realtime.motion_streamer [robot-motion-streamer] motion_streamer.py:136 | 关节指令下发失败：关节 1 指令速度 962.3°/s 超过上限 180.0°/s
2026-08-07 15:38:46,454 ERROR   robot.realtime.motion_streamer [robot-motion-streamer] motion_streamer.py:136 | 关节指令下发失败：关节 1 指令加速度 4707°/s² 超过上限 720°/s²
2026-08-07 15:38:46,457 ERROR   robot.realtime.motion_streamer [robot-motion-streamer] motion_streamer.py:136 | 关节指令下发失败：关节 1 指令加速度 2285°/s² 超过上限 720°/s²
2026-08-07 15:38:46,462 ERROR   robot.realtime.motion_streamer [robot-motion-streamer] motion_streamer.py:136 | 关节指令下发失败：关节 1 指令加速度 1113°/s² 超过上限 720°/s²
2026-08-07 15:38:46,472 ERROR   robot.realtime.motion_streamer [robot-motion-streamer] motion_streamer.py:136 | 关节指令下发失败：关节 1 指令加速度 1282°/s² 超过上限 720°/s²
2026-08-07 15:38:46,507 ERROR   robot.realtime.motion_streamer [robot-motion-streamer] motion_streamer.py:136 | 关节指令下发失败：关节 1 指令加速度 974°/s² 超过上限 720°/s²
2026-08-07 15:38:46,544 ERROR   robot.realtime.motion_streamer [robot-motion-streamer] motion_streamer.py:136 | 关节指令下发失败：关节 1 指令速度 754.0°/s 超过上限 180.0°/s
2026-08-07 15:38:46,544 ERROR   robot.realtime.motion_streamer [robot-motion-streamer] motion_streamer.py:136 | 关节指令下发失败：关节 1 指令速度 337.3°/s 超过上限 180.0°/s
2026-08-07 15:38:46,547 ERROR   robot.realtime.motion_streamer [robot-motion-streamer] motion_streamer.py:136 | 关节指令下发失败：关节 1 指令加速度 19167°/s² 超过上限 720°/s²
2026-08-07 15:38:46,552 ERROR   robot.realtime.motion_streamer [robot-motion-streamer] motion_streamer.py:136 | 关节指令下发失败：关节 1 指令加速度 3677°/s² 超过上限 720°/s²
2026-08-07 15:38:46,557 ERROR   robot.realtime.motion_streamer [robot-motion-streamer] motion_streamer.py:136 | 关节指令下发失败：关节 1 指令加速度 1712°/s² 超过上限 720°/s²
2026-08-07 15:38:46,562 ERROR   robot.realtime.motion_streamer [robot-motion-streamer] motion_streamer.py:136 | 关节指令下发失败：关节 1 指令加速度 1042°/s² 超过上限 720°/s²
2026-08-07 15:38:46,572 ERROR   robot.realtime.motion_streamer [robot-motion-streamer] motion_streamer.py:136 | 关节指令下发失败：关节 1 指令加速度 1673°/s² 超过上限 720°/s²
2026-08-07 15:38:46,597 ERROR   robot.realtime.motion_streamer [robot-motion-streamer] motion_streamer.py:136 | 关节指令下发失败：关节 1 指令加速度 1158°/s² 超过上限 720°/s²
2026-08-07 15:38:46,637 ERROR   robot.realtime.motion_streamer [robot-motion-streamer] motion_streamer.py:136 | 关节指令下发失败：关节 1 指令加速度 1008°/s² 超过上限 720°/s²
2026-08-07 15:38:46,657 ERROR   robot.realtime.motion_streamer [robot-motion-streamer] motion_streamer.py:136 | 关节指令下发失败：关节 1 指令加速度 1074°/s² 超过上限 720°/s²
2026-08-07 15:38:46,684 ERROR   robot.realtime.motion_streamer [robot-motion-streamer] motion_streamer.py:136 | 关节指令下发失败：关节 1 指令加速度 2545°/s² 超过上限 720°/s²
2026-08-07 15:38:46,688 ERROR   robot.realtime.motion_streamer [robot-motion-streamer] motion_streamer.py:136 | 关节指令下发失败：关节 1 指令加速度 1455°/s² 超过上限 720°/s²
2026-08-07 15:38:46,688 ERROR   robot.realtime.motion_streamer [robot-motion-streamer] motion_streamer.py:136 | 关节指令下发失败：关节 1 指令加速度 2320°/s² 超过上限 720°/s²
2026-08-07 15:38:46,692 ERROR   robot.realtime.motion_streamer [robot-motion-streamer] motion_streamer.py:136 | 关节指令下发失败：关节 1 指令加速度 1555°/s² 超过上限 720°/s²
2026-08-07 15:38:46,697 ERROR   robot.realtime.motion_streamer [robot-motion-streamer] motion_streamer.py:136 | 关节指令下发失败：关节 1 指令加速度 919°/s² 超过上限 720°/s²
2026-08-07 15:38:46,707 ERROR   robot.realtime.motion_streamer [robot-motion-streamer] motion_streamer.py:136 | 关节指令下发失败：关节 1 指令加速度 1018°/s² 超过上限 720°/s²
2026-08-07 15:38:46,748 ERROR   robot.realtime.motion_streamer [robot-motion-streamer] motion_streamer.py:136 | 关节指令下发失败：关节 1 指令加速度 1423°/s² 超过上限 720°/s²
2026-08-07 15:38:47,029 ERROR   robot.realtime.motion_streamer [robot-motion-streamer] motion_streamer.py:136 | 关节指令下发失败：关节 1 指令速度 770.3°/s 超过上限 180.0°/s
2026-08-07 15:38:47,030 ERROR   robot.realtime.motion_streamer [robot-motion-streamer] motion_streamer.py:136 | 关节指令下发失败：关节 1 指令加速度 98594°/s² 超过上限 720°/s²
2026-08-07 15:38:47,031 ERROR   robot.realtime.motion_streamer [robot-motion-streamer] motion_streamer.py:136 | 关节指令下发失败：关节 1 指令加速度 36158°/s² 超过上限 720°/s²
2026-08-07 15:38:47,033 ERROR   robot.realtime.motion_streamer [robot-motion-streamer] motion_streamer.py:136 | 关节指令下发失败：关节 1 指令加速度 18281°/s² 超过上限 720°/s²
2026-08-07 15:38:47,038 ERROR   robot.realtime.motion_streamer [robot-motion-streamer] motion_streamer.py:136 | 关节指令下发失败：关节 1 指令加速度 4469°/s² 超过上限 720°/s²
2026-08-07 15:38:47,044 ERROR   robot.realtime.motion_streamer [robot-motion-streamer] motion_streamer.py:136 | 关节指令下发失败：关节 1 指令加速度 1719°/s² 超过上限 720°/s²
2026-08-07 15:38:47,049 ERROR   robot.realtime.motion_streamer [robot-motion-streamer] motion_streamer.py:136 | 关节指令下发失败：关节 1 指令加速度 1106°/s² 超过上限 720°/s²
2026-08-07 15:38:47,062 ERROR   robot.realtime.motion_streamer [robot-motion-streamer] motion_streamer.py:136 | 关节指令下发失败：关节 1 指令加速度 1232°/s² 超过上限 720°/s²
2026-08-07 15:38:47,109 ERROR   robot.realtime.motion_streamer [robot-motion-streamer] motion_streamer.py:136 | 关节指令下发失败：关节 1 指令加速度 2781°/s² 超过上限 720°/s²
2026-08-07 15:38:47,112 ERROR   robot.realtime.motion_streamer [robot-motion-streamer] motion_streamer.py:136 | 关节指令下发失败：关节 1 指令加速度 1534°/s² 超过上限 720°/s²
2026-08-07 15:38:47,122 ERROR   robot.realtime.motion_streamer [robot-motion-streamer] motion_streamer.py:136 | 关节指令下发失败：关节 1 指令加速度 1197°/s² 超过上限 720°/s²
2026-08-07 15:38:47,188 ERROR   robot.realtime.motion_streamer [robot-motion-streamer] motion_streamer.py:136 | 关节指令下发失败：关节 1 指令速度 295.0°/s 超过上限 180.0°/s
2026-08-07 15:38:47,193 ERROR   robot.realtime.motion_streamer [robot-motion-streamer] motion_streamer.py:136 | 关节指令下发失败：关节 1 指令加速度 5738°/s² 超过上限 720°/s²
2026-08-07 15:38:47,197 ERROR   robot.realtime.motion_streamer [robot-motion-streamer] motion_streamer.py:136 | 关节指令下发失败：关节 1 指令加速度 1957°/s² 超过上限 720°/s²
2026-08-07 15:38:47,202 ERROR   robot.realtime.motion_streamer [robot-motion-streamer] motion_streamer.py:136 | 关节指令下发失败：关节 1 指令加速度 998°/s² 超过上限 720°/s²
2026-08-07 15:38:47,212 ERROR   robot.realtime.motion_streamer [robot-motion-streamer] motion_streamer.py:136 | 关节指令下发失败：关节 1 指令加速度 1064°/s² 超过上限 720°/s²
2026-08-07 15:38:47,257 ERROR   robot.realtime.motion_streamer [robot-motion-streamer] motion_streamer.py:136 | 关节指令下发失败：关节 1 指令加速度 1234°/s² 超过上限 720°/s²
2026-08-07 15:38:47,276 ERROR   robot.realtime.motion_streamer [robot-motion-streamer] motion_streamer.py:136 | 关节指令下发失败：关节 1 指令加速度 2691°/s² 超过上限 720°/s²
2026-08-07 15:38:47,292 ERROR   robot.realtime.motion_streamer [robot-motion-streamer] motion_streamer.py:136 | 关节指令下发失败：关节 1 指令加速度 1126°/s² 超过上限 720°/s²
2026-08-07 15:38:47,339 ERROR   robot.realtime.motion_streamer [robot-motion-streamer] motion_streamer.py:136 | 关节指令下发失败：关节 1 指令加速度 1026°/s² 超过上限 720°/s²
2026-08-07 15:38:47,363 ERROR   robot.realtime.motion_streamer [robot-motion-streamer] motion_streamer.py:136 | 关节指令下发失败：关节 1 指令加速度 1086°/s² 超过上限 720°/s²
2026-08-07 15:38:47,392 ERROR   robot.realtime.motion_streamer [robot-motion-streamer] motion_streamer.py:136 | 关节指令下发失败：关节 1 指令加速度 2338°/s² 超过上限 720°/s²
2026-08-07 15:38:47,397 ERROR   robot.realtime.motion_streamer [robot-motion-streamer] motion_streamer.py:136 | 关节指令下发失败：关节 1 指令加速度 880°/s² 超过上限 720°/s²
2026-08-07 15:38:47,478 ERROR   robot.realtime.motion_streamer [robot-motion-streamer] motion_streamer.py:136 | 关节指令下发失败：关节 1 指令加速度 1106°/s² 超过上限 720°/s²
2026-08-07 15:38:47,492 ERROR   robot.realtime.motion_streamer [robot-motion-streamer] motion_streamer.py:136 | 关节指令下发失败：关节 1 指令加速度 2321°/s² 超过上限 720°/s²
2026-08-07 15:38:47,522 ERROR   robot.realtime.motion_streamer [robot-motion-streamer] motion_streamer.py:136 | 关节指令下发失败：关节 1 指令加速度 1504°/s² 超过上限 720°/s²
2026-08-07 15:38:47,542 ERROR   robot.realtime.motion_streamer [robot-motion-streamer] motion_streamer.py:136 | 关节指令下发失败：关节 1 指令加速度 3894°/s² 超过上限 720°/s²
2026-08-07 15:38:47,547 ERROR   robot.realtime.motion_streamer [robot-motion-streamer] motion_streamer.py:136 | 关节指令下发失败：关节 1 指令加速度 1004°/s² 超过上限 720°/s²
2026-08-07 15:38:47,561 ERROR   robot.realtime.motion_streamer [robot-motion-streamer] motion_streamer.py:136 | 关节指令下发失败：关节 1 指令加速度 3869°/s² 超过上限 720°/s²
2026-08-07 15:38:47,573 ERROR   robot.realtime.motion_streamer [robot-motion-streamer] motion_streamer.py:136 | 关节指令下发失败：关节 1 指令加速度 1139°/s² 超过上限 720°/s²
2026-08-07 15:38:47,583 ERROR   robot.realtime.motion_streamer [robot-motion-streamer] motion_streamer.py:136 | 关节指令下发失败：关节 1 指令加速度 1224°/s² 超过上限 720°/s²
2026-08-07 15:38:47,593 ERROR   robot.realtime.motion_streamer [robot-motion-streamer] motion_streamer.py:136 | 关节指令下发失败：关节 1 指令加速度 966°/s² 超过上限 720°/s²
2026-08-07 15:38:47,644 ERROR   robot.realtime.motion_streamer [robot-motion-streamer] motion_streamer.py:136 | 关节指令下发失败：关节 1 指令加速度 1045°/s² 超过上限 720°/s²
2026-08-07 15:38:47,652 ERROR   robot.realtime.motion_streamer [robot-motion-streamer] motion_streamer.py:136 | 关节指令下发失败：关节 1 指令加速度 902°/s² 超过上限 720°/s²
2026-08-07 15:38:47,667 ERROR   robot.realtime.motion_streamer [robot-motion-streamer] motion_streamer.py:136 | 关节指令下发失败：关节 1 指令加速度 865°/s² 超过上限 720°/s²
2026-08-07 15:38:47,712 ERROR   robot.realtime.motion_streamer [robot-motion-streamer] motion_streamer.py:136 | 关节指令下发失败：关节 1 指令加速度 951°/s² 超过上限 720°/s²
2026-08-07 15:38:47,727 ERROR   robot.realtime.motion_streamer [robot-motion-streamer] motion_streamer.py:136 | 关节指令下发失败：关节 1 指令加速度 905°/s² 超过上限 720°/s²
2026-08-07 15:38:47,882 ERROR   robot.realtime.motion_streamer [robot-motion-streamer] motion_streamer.py:136 | 关节指令下发失败：关节 1 指令加速度 921°/s² 超过上限 720°/s²
2026-08-07 15:38:47,893 ERROR   robot.realtime.motion_streamer [robot-motion-streamer] motion_streamer.py:136 | 关节指令下发失败：关节 1 指令加速度 1259°/s² 超过上限 720°/s²
2026-08-07 15:38:47,929 ERROR   robot.realtime.motion_streamer [robot-motion-streamer] motion_streamer.py:136 | 关节指令下发失败：关节 1 指令加速度 1225°/s² 超过上限 720°/s²
2026-08-07 15:38:48,078 ERROR   robot.realtime.motion_streamer [robot-motion-streamer] motion_streamer.py:136 | 关节指令下发失败：关节 1 指令加速度 1889°/s² 超过上限 720°/s²
2026-08-07 15:38:48,242 ERROR   robot.realtime.motion_streamer [robot-motion-streamer] motion_streamer.py:136 | 关节指令下发失败：关节 1 指令加速度 1377°/s² 超过上限 720°/s²
2026-08-07 15:38:48,293 ERROR   robot.realtime.motion_streamer [robot-motion-streamer] motion_streamer.py:136 | 关节指令下发失败：关节 1 指令加速度 1182°/s² 超过上限 720°/s²
2026-08-07 15:38:48,342 ERROR   robot.realtime.motion_streamer [robot-motion-streamer] motion_streamer.py:136 | 关节指令下发失败：关节 1 指令加速度 1351°/s² 超过上限 720°/s²
2026-08-07 15:38:48,372 ERROR   robot.realtime.motion_streamer [robot-motion-streamer] motion_streamer.py:136 | 关节指令下发失败：关节 1 指令加速度 1098°/s² 超过上限 720°/s²
2026-08-07 15:38:48,558 ERROR   robot.realtime.motion_streamer [robot-motion-streamer] motion_streamer.py:136 | 关节指令下发失败：关节 1 指令加速度 992°/s² 超过上限 720°/s²
2026-08-07 15:38:48,798 ERROR   robot.realtime.motion_streamer [robot-motion-streamer] motion_streamer.py:136 | 关节指令下发失败：关节 1 指令速度 2058.1°/s 超过上限 180.0°/s
2026-08-07 15:38:48,798 ERROR   robot.realtime.motion_streamer [robot-motion-streamer] motion_streamer.py:136 | 关节指令下发失败：关节 1 指令速度 299.1°/s 超过上限 180.0°/s
2026-08-07 15:38:48,802 ERROR   robot.realtime.motion_streamer [robot-motion-streamer] motion_streamer.py:136 | 关节指令下发失败：关节 1 指令加速度 11582°/s² 超过上限 720°/s²
2026-08-07 15:38:48,807 ERROR   robot.realtime.motion_streamer [robot-motion-streamer] motion_streamer.py:136 | 关节指令下发失败：关节 1 指令加速度 3106°/s² 超过上限 720°/s²
2026-08-07 15:38:48,812 ERROR   robot.realtime.motion_streamer [robot-motion-streamer] motion_streamer.py:136 | 关节指令下发失败：关节 1 指令加速度 1485°/s² 超过上限 720°/s²
2026-08-07 15:38:48,817 ERROR   robot.realtime.motion_streamer [robot-motion-streamer] motion_streamer.py:136 | 关节指令下发失败：关节 1 指令加速度 959°/s² 超过上限 720°/s²
2026-08-07 15:38:48,894 ERROR   robot.realtime.motion_streamer [robot-motion-streamer] motion_streamer.py:136 | 关节指令下发失败：关节 1 指令加速度 9393°/s² 超过上限 720°/s²
2026-08-07 15:38:48,896 ERROR   robot.realtime.motion_streamer [robot-motion-streamer] motion_streamer.py:136 | 关节指令下发失败：关节 1 指令加速度 5883°/s² 超过上限 720°/s²
2026-08-07 15:38:48,907 ERROR   robot.realtime.motion_streamer [robot-motion-streamer] motion_streamer.py:136 | 关节指令下发失败：关节 1 指令加速度 2713°/s² 超过上限 720°/s²
2026-08-07 15:38:48,916 ERROR   robot.realtime.motion_streamer [robot-motion-streamer] motion_streamer.py:136 | 关节指令下发失败：关节 1 指令加速度 1246°/s² 超过上限 720°/s²
2026-08-07 15:38:49,113 ERROR   robot.realtime.motion_streamer [robot-motion-streamer] motion_streamer.py:136 | 关节指令下发失败：关节 1 指令加速度 1950°/s² 超过上限 720°/s²
2026-08-07 15:38:49,242 ERROR   robot.realtime.motion_streamer [robot-motion-streamer] motion_streamer.py:136 | 关节指令下发失败：关节 1 指令加速度 1494°/s² 超过上限 720°/s²
2026-08-07 15:38:49,258 ERROR   robot.realtime.motion_streamer [robot-motion-streamer] motion_streamer.py:136 | 关节指令下发失败：关节 1 指令加速度 1296°/s² 超过上限 720°/s²
2026-08-07 15:38:49,528 ERROR   robot.realtime.motion_streamer [robot-motion-streamer] motion_streamer.py:136 | 关节指令下发失败：关节 1 指令速度 813.8°/s 超过上限 180.0°/s
2026-08-07 15:38:49,532 ERROR   robot.realtime.motion_streamer [robot-motion-streamer] motion_streamer.py:136 | 关节指令下发失败：关节 1 指令加速度 6531°/s² 超过上限 720°/s²
2026-08-07 15:38:49,538 ERROR   robot.realtime.motion_streamer [robot-motion-streamer] motion_streamer.py:136 | 关节指令下发失败：关节 1 指令加速度 1365°/s² 超过上限 720°/s²
2026-08-07 15:38:49,542 ERROR   robot.realtime.motion_streamer [robot-motion-streamer] motion_streamer.py:136 | 关节指令下发失败：关节 1 指令加速度 948°/s² 超过上限 720°/s²
2026-08-07 15:38:49,552 ERROR   robot.realtime.motion_streamer [robot-motion-streamer] motion_streamer.py:136 | 关节指令下发失败：关节 1 指令加速度 1141°/s² 超过上限 720°/s²
2026-08-07 15:38:49,592 ERROR   robot.realtime.motion_streamer [robot-motion-streamer] motion_streamer.py:136 | 关节指令下发失败：关节 1 指令加速度 1694°/s² 超过上限 720°/s²
2026-08-07 15:38:49,608 ERROR   robot.realtime.motion_streamer [robot-motion-streamer] motion_streamer.py:136 | 关节指令下发失败：关节 1 指令加速度 1473°/s² 超过上限 720°/s²
2026-08-07 15:38:49,629 ERROR   robot.realtime.motion_streamer [robot-motion-streamer] motion_streamer.py:136 | 关节指令下发失败：关节 1 指令加速度 222730°/s² 超过上限 720°/s²
2026-08-07 15:38:49,634 ERROR   robot.realtime.motion_streamer [robot-motion-streamer] motion_streamer.py:136 | 关节指令下发失败：关节 1 指令加速度 3727°/s² 超过上限 720°/s²
2026-08-07 15:38:49,640 ERROR   robot.realtime.motion_streamer [robot-motion-streamer] motion_streamer.py:136 | 关节指令下发失败：关节 1 指令加速度 1232°/s² 超过上限 720°/s²
2026-08-07 15:38:49,643 ERROR   robot.realtime.motion_streamer [robot-motion-streamer] motion_streamer.py:136 | 关节指令下发失败：关节 1 指令加速度 964°/s² 超过上限 720°/s²
2026-08-07 15:38:49,652 ERROR   robot.realtime.motion_streamer [robot-motion-streamer] motion_streamer.py:136 | 关节指令下发失败：关节 1 指令加速度 999°/s² 超过上限 720°/s²
2026-08-07 15:38:49,709 ERROR   robot.realtime.motion_streamer [robot-motion-streamer] motion_streamer.py:136 | 关节指令下发失败：关节 1 指令加速度 2682°/s² 超过上限 720°/s²
2026-08-07 15:38:49,712 ERROR   robot.realtime.motion_streamer [robot-motion-streamer] motion_streamer.py:136 | 关节指令下发失败：关节 1 指令加速度 1481°/s² 超过上限 720°/s²
2026-08-07 15:38:49,739 ERROR   robot.realtime.motion_streamer [robot-motion-streamer] motion_streamer.py:136 | 关节指令下发失败：关节 1 指令速度 1882.8°/s 超过上限 180.0°/s
2026-08-07 15:38:49,742 ERROR   robot.realtime.motion_streamer [robot-motion-streamer] motion_streamer.py:136 | 关节指令下发失败：关节 1 指令加速度 8864°/s² 超过上限 720°/s²
2026-08-07 15:38:49,748 ERROR   robot.realtime.motion_streamer [robot-motion-streamer] motion_streamer.py:136 | 关节指令下发失败：关节 1 指令加速度 1748°/s² 超过上限 720°/s²
2026-08-07 15:38:49,763 ERROR   robot.realtime.motion_streamer [robot-motion-streamer] motion_streamer.py:136 | 关节指令下发失败：关节 1 指令速度 905.5°/s 超过上限 180.0°/s
2026-08-07 15:38:49,764 ERROR   robot.realtime.motion_streamer [robot-motion-streamer] motion_streamer.py:136 | 关节指令下发失败：关节 1 指令加速度 196240°/s² 超过上限 720°/s²
2026-08-07 15:38:49,767 ERROR   robot.realtime.motion_streamer [robot-motion-streamer] motion_streamer.py:136 | 关节指令下发失败：关节 1 指令加速度 10443°/s² 超过上限 720°/s²
2026-08-07 15:38:49,772 ERROR   robot.realtime.motion_streamer [robot-motion-streamer] motion_streamer.py:136 | 关节指令下发失败：关节 1 指令加速度 2081°/s² 超过上限 720°/s²
2026-08-07 15:38:49,777 ERROR   robot.realtime.motion_streamer [robot-motion-streamer] motion_streamer.py:136 | 关节指令下发失败：关节 1 指令加速度 1043°/s² 超过上限 720°/s²
2026-08-07 15:38:49,787 ERROR   robot.realtime.motion_streamer [robot-motion-streamer] motion_streamer.py:136 | 关节指令下发失败：关节 1 指令加速度 1821°/s² 超过上限 720°/s²
2026-08-07 15:38:49,793 ERROR   robot.realtime.motion_streamer [robot-motion-streamer] motion_streamer.py:136 | 关节指令下发失败：关节 1 指令加速度 913°/s² 超过上限 720°/s²
2026-08-07 15:38:49,809 ERROR   robot.realtime.motion_streamer [robot-motion-streamer] motion_streamer.py:136 | 关节指令下发失败：关节 1 指令加速度 869°/s² 超过上限 720°/s²
2026-08-07 15:38:49,828 ERROR   robot.realtime.motion_streamer [robot-motion-streamer] motion_streamer.py:136 | 关节指令下发失败：关节 1 指令加速度 1238°/s² 超过上限 720°/s²
2026-08-07 15:38:49,838 ERROR   robot.realtime.motion_streamer [robot-motion-streamer] motion_streamer.py:136 | 关节指令下发失败：关节 1 指令加速度 992°/s² 超过上限 720°/s²
2026-08-07 15:38:49,862 ERROR   robot.realtime.motion_streamer [robot-motion-streamer] motion_streamer.py:136 | 关节指令下发失败：关节 1 指令加速度 1671°/s² 超过上限 720°/s²
2026-08-07 15:38:49,969 ERROR   robot.realtime.motion_streamer [robot-motion-streamer] motion_streamer.py:136 | 关节指令下发失败：关节 1 指令速度 458.4°/s 超过上限 180.0°/s
2026-08-07 15:38:49,974 ERROR   robot.realtime.motion_streamer [robot-motion-streamer] motion_streamer.py:136 | 关节指令下发失败：关节 1 指令加速度 5997°/s² 超过上限 720°/s²
2026-08-07 15:38:49,977 ERROR   robot.realtime.motion_streamer [robot-motion-streamer] motion_streamer.py:136 | 关节指令下发失败：关节 1 指令加速度 2854°/s² 超过上限 720°/s²
2026-08-07 15:38:49,982 ERROR   robot.realtime.motion_streamer [robot-motion-streamer] motion_streamer.py:136 | 关节指令下发失败：关节 1 指令加速度 1264°/s² 超过上限 720°/s²
2026-08-07 15:38:50,032 ERROR   robot.realtime.motion_streamer [robot-motion-streamer] motion_streamer.py:136 | 关节指令下发失败：关节 1 指令加速度 1236°/s² 超过上限 720°/s²
2026-08-07 15:38:50,094 ERROR   robot.realtime.motion_streamer [robot-motion-streamer] motion_streamer.py:136 | 关节指令下发失败：关节 1 指令加速度 886°/s² 超过上限 720°/s²
2026-08-07 15:38:50,174 ERROR   robot.realtime.motion_streamer [robot-motion-streamer] motion_streamer.py:136 | 关节指令下发失败：关节 1 指令加速度 1038°/s² 超过上限 720°/s²
2026-08-07 15:38:50,188 ERROR   robot.realtime.motion_streamer [robot-motion-streamer] motion_streamer.py:136 | 关节指令下发失败：关节 1 指令加速度 1002°/s² 超过上限 720°/s²
2026-08-07 15:38:50,189 ERROR   robot.realtime.motion_streamer [robot-motion-streamer] motion_streamer.py:136 | 关节指令下发失败：关节 1 指令加速度 3238°/s² 超过上限 720°/s²
2026-08-07 15:38:50,192 ERROR   robot.realtime.motion_streamer [robot-motion-streamer] motion_streamer.py:136 | 关节指令下发失败：关节 1 指令加速度 1955°/s² 超过上限 720°/s²
2026-08-07 15:38:50,197 ERROR   robot.realtime.motion_streamer [robot-motion-streamer] motion_streamer.py:136 | 关节指令下发失败：关节 1 指令加速度 908°/s² 超过上限 720°/s²
2026-08-07 15:38:50,223 ERROR   robot.realtime.motion_streamer [robot-motion-streamer] motion_streamer.py:136 | 关节指令下发失败：关节 1 指令加速度 1149°/s² 超过上限 720°/s²
2026-08-07 15:38:50,237 ERROR   robot.realtime.motion_streamer [robot-motion-streamer] motion_streamer.py:136 | 关节指令下发失败：关节 1 指令加速度 895°/s² 超过上限 720°/s²
2026-08-07 15:38:50,289 ERROR   robot.realtime.motion_streamer [robot-motion-streamer] motion_streamer.py:136 | 关节指令下发失败：关节 1 指令加速度 1095°/s² 超过上限 720°/s²
2026-08-07 15:38:50,298 ERROR   robot.realtime.motion_streamer [robot-motion-streamer] motion_streamer.py:136 | 关节指令下发失败：关节 1 指令加速度 1305°/s² 超过上限 720°/s²
2026-08-07 15:38:50,327 ERROR   robot.realtime.motion_streamer [robot-motion-streamer] motion_streamer.py:136 | 关节指令下发失败：关节 1 指令加速度 1699°/s² 超过上限 720°/s²
2026-08-07 15:38:50,406 WARNING robot.realtime.clock [robot-continuous-jog] clock.py:103 | jog-joint 循环滞后 6.2 ms（超过一个控制周期 5.0 ms）
2026-08-07 15:38:50,416 ERROR   robot.realtime.motion_streamer [robot-motion-streamer] motion_streamer.py:136 | 关节指令下发失败：关节 1 指令速度 3186.4°/s 超过上限 180.0°/s
2026-08-07 15:38:50,417 ERROR   robot.realtime.motion_streamer [robot-motion-streamer] motion_streamer.py:136 | 关节指令下发失败：关节 1 指令速度 270.1°/s 超过上限 180.0°/s
2026-08-07 15:38:50,417 ERROR   robot.realtime.motion_streamer [robot-motion-streamer] motion_streamer.py:136 | 关节指令下发失败：关节 1 指令速度 372.7°/s 超过上限 180.0°/s
2026-08-07 15:38:50,423 ERROR   robot.realtime.motion_streamer [robot-motion-streamer] motion_streamer.py:136 | 关节指令下发失败：关节 1 指令加速度 5739°/s² 超过上限 720°/s²
2026-08-07 15:38:50,427 ERROR   robot.realtime.motion_streamer [robot-motion-streamer] motion_streamer.py:136 | 关节指令下发失败：关节 1 指令加速度 2385°/s² 超过上限 720°/s²
2026-08-07 15:38:50,432 ERROR   robot.realtime.motion_streamer [robot-motion-streamer] motion_streamer.py:136 | 关节指令下发失败：关节 1 指令加速度 1352°/s² 超过上限 720°/s²
2026-08-07 15:38:50,444 ERROR   robot.realtime.motion_streamer [robot-motion-streamer] motion_streamer.py:136 | 关节指令下发失败：关节 1 指令加速度 1996°/s² 超过上限 720°/s²
2026-08-07 15:38:50,449 ERROR   robot.realtime.motion_streamer [robot-motion-streamer] motion_streamer.py:136 | 关节指令下发失败：关节 1 指令加速度 994°/s² 超过上限 720°/s²
2026-08-07 15:38:50,458 ERROR   robot.realtime.motion_streamer [robot-motion-streamer] motion_streamer.py:136 | 关节指令下发失败：关节 1 指令加速度 1133°/s² 超过上限 720°/s²
2026-08-07 15:38:50,503 ERROR   robot.realtime.motion_streamer [robot-motion-streamer] motion_streamer.py:136 | 关节指令下发失败：关节 1 指令速度 1592.8°/s 超过上限 180.0°/s
2026-08-07 15:38:50,508 ERROR   robot.realtime.motion_streamer [robot-motion-streamer] motion_streamer.py:136 | 关节指令下发失败：关节 1 指令加速度 4393°/s² 超过上限 720°/s²
2026-08-07 15:38:50,513 ERROR   robot.realtime.motion_streamer [robot-motion-streamer] motion_streamer.py:136 | 关节指令下发失败：关节 1 指令加速度 1534°/s² 超过上限 720°/s²
2026-08-07 15:38:50,617 ERROR   robot.realtime.motion_streamer [robot-motion-streamer] motion_streamer.py:136 | 关节指令下发失败：关节 1 指令加速度 3298°/s² 超过上限 720°/s²
2026-08-07 15:38:50,678 ERROR   robot.realtime.motion_streamer [robot-motion-streamer] motion_streamer.py:136 | 关节指令下发失败：关节 1 指令加速度 1186°/s² 超过上限 720°/s²
2026-08-07 15:38:50,694 ERROR   robot.realtime.motion_streamer [robot-motion-streamer] motion_streamer.py:136 | 关节指令下发失败：关节 1 指令速度 672.9°/s 超过上限 180.0°/s
2026-08-07 15:38:50,697 ERROR   robot.realtime.motion_streamer [robot-motion-streamer] motion_streamer.py:136 | 关节指令下发失败：关节 1 指令加速度 9055°/s² 超过上限 720°/s²
2026-08-07 15:38:50,702 ERROR   robot.realtime.motion_streamer [robot-motion-streamer] motion_streamer.py:136 | 关节指令下发失败：关节 1 指令加速度 1936°/s² 超过上限 720°/s²
2026-08-07 15:38:50,708 ERROR   robot.realtime.motion_streamer [robot-motion-streamer] motion_streamer.py:136 | 关节指令下发失败：关节 1 指令加速度 918°/s² 超过上限 720°/s²
2026-08-07 15:38:50,717 ERROR   robot.realtime.motion_streamer [robot-motion-streamer] motion_streamer.py:136 | 关节指令下发失败：关节 1 指令加速度 1395°/s² 超过上限 720°/s²
2026-08-07 15:38:50,762 ERROR   robot.realtime.motion_streamer [robot-motion-streamer] motion_streamer.py:136 | 关节指令下发失败：关节 1 指令加速度 1248°/s² 超过上限 720°/s²
2026-08-07 15:38:50,789 ERROR   robot.realtime.motion_streamer [robot-motion-streamer] motion_streamer.py:136 | 关节指令下发失败：关节 1 指令速度 720.0°/s 超过上限 180.0°/s
2026-08-07 15:38:50,792 ERROR   robot.realtime.motion_streamer [robot-motion-streamer] motion_streamer.py:136 | 关节指令下发失败：关节 1 指令加速度 10248°/s² 超过上限 720°/s²
2026-08-07 15:38:50,797 ERROR   robot.realtime.motion_streamer [robot-motion-streamer] motion_streamer.py:136 | 关节指令下发失败：关节 1 指令加速度 2174°/s² 超过上限 720°/s²
2026-08-07 15:38:50,803 ERROR   robot.realtime.motion_streamer [robot-motion-streamer] motion_streamer.py:136 | 关节指令下发失败：关节 1 指令加速度 999°/s² 超过上限 720°/s²
2026-08-07 15:38:50,831 ERROR   robot.realtime.motion_streamer [robot-motion-streamer] motion_streamer.py:136 | 关节指令下发失败：关节 1 指令加速度 15272°/s² 超过上限 720°/s²
2026-08-07 15:38:50,854 ERROR   robot.realtime.motion_streamer [robot-motion-streamer] motion_streamer.py:136 | 关节指令下发失败：关节 1 指令速度 529.7°/s 超过上限 180.0°/s
2026-08-07 15:38:50,857 ERROR   robot.realtime.motion_streamer [robot-motion-streamer] motion_streamer.py:136 | 关节指令下发失败：关节 1 指令加速度 12077°/s² 超过上限 720°/s²
2026-08-07 15:38:50,858 ERROR   robot.realtime.motion_streamer [robot-motion-streamer] motion_streamer.py:136 | 关节指令下发失败：关节 1 指令加速度 15189°/s² 超过上限 720°/s²
2026-08-07 15:38:50,862 ERROR   robot.realtime.motion_streamer [robot-motion-streamer] motion_streamer.py:136 | 关节指令下发失败：关节 1 指令加速度 3575°/s² 超过上限 720°/s²
2026-08-07 15:38:50,867 ERROR   robot.realtime.motion_streamer [robot-motion-streamer] motion_streamer.py:136 | 关节指令下发失败：关节 1 指令加速度 1862°/s² 超过上限 720°/s²
2026-08-07 15:38:50,872 ERROR   robot.realtime.motion_streamer [robot-motion-streamer] motion_streamer.py:136 | 关节指令下发失败：关节 1 指令加速度 1111°/s² 超过上限 720°/s²
2026-08-07 15:38:50,882 ERROR   robot.realtime.motion_streamer [robot-motion-streamer] motion_streamer.py:136 | 关节指令下发失败：关节 1 指令加速度 1611°/s² 超过上限 720°/s²
2026-08-07 15:38:50,979 ERROR   robot.realtime.motion_streamer [robot-motion-streamer] motion_streamer.py:136 | 关节指令下发失败：关节 1 指令速度 578.8°/s 超过上限 180.0°/s
2026-08-07 15:38:50,984 ERROR   robot.realtime.motion_streamer [robot-motion-streamer] motion_streamer.py:136 | 关节指令下发失败：关节 1 指令加速度 4319°/s² 超过上限 720°/s²
2026-08-07 15:38:50,987 ERROR   robot.realtime.motion_streamer [robot-motion-streamer] motion_streamer.py:136 | 关节指令下发失败：关节 1 指令加速度 2280°/s² 超过上限 720°/s²
2026-08-07 15:38:50,992 ERROR   robot.realtime.motion_streamer [robot-motion-streamer] motion_streamer.py:136 | 关节指令下发失败：关节 1 指令加速度 1186°/s² 超过上限 720°/s²
2026-08-07 15:38:51,003 ERROR   robot.realtime.motion_streamer [robot-motion-streamer] motion_streamer.py:136 | 关节指令下发失败：关节 1 指令加速度 1320°/s² 超过上限 720°/s²
2026-08-07 15:38:51,024 ERROR   robot.realtime.motion_streamer [robot-motion-streamer] motion_streamer.py:136 | 关节指令下发失败：关节 1 指令加速度 1088°/s² 超过上限 720°/s²
2026-08-07 15:38:51,072 ERROR   robot.realtime.motion_streamer [robot-motion-streamer] motion_streamer.py:136 | 关节指令下发失败：关节 1 指令加速度 1979°/s² 超过上限 720°/s²
2026-08-07 15:38:51,092 ERROR   robot.realtime.motion_streamer [robot-motion-streamer] motion_streamer.py:136 | 关节指令下发失败：关节 1 指令加速度 1084°/s² 超过上限 720°/s²
2026-08-07 15:38:51,103 ERROR   robot.realtime.motion_streamer [robot-motion-streamer] motion_streamer.py:136 | 关节指令下发失败：关节 1 指令加速度 1055°/s² 超过上限 720°/s²
2026-08-07 15:38:51,112 ERROR   robot.realtime.motion_streamer [robot-motion-streamer] motion_streamer.py:136 | 关节指令下发失败：关节 1 指令加速度 1578°/s² 超过上限 720°/s²
2026-08-07 15:38:51,143 ERROR   robot.realtime.motion_streamer [robot-motion-streamer] motion_streamer.py:136 | 关节指令下发失败：关节 1 指令加速度 1238°/s² 超过上限 720°/s²
2026-08-07 15:38:51,153 ERROR   robot.realtime.motion_streamer [robot-motion-streamer] motion_streamer.py:136 | 关节指令下发失败：关节 1 指令速度 221.6°/s 超过上限 180.0°/s
2026-08-07 15:38:51,157 ERROR   robot.realtime.motion_streamer [robot-motion-streamer] motion_streamer.py:136 | 关节指令下发失败：关节 1 指令加速度 5555°/s² 超过上限 720°/s²
2026-08-07 15:38:51,162 ERROR   robot.realtime.motion_streamer [robot-motion-streamer] motion_streamer.py:136 | 关节指令下发失败：关节 1 指令加速度 1429°/s² 超过上限 720°/s²
2026-08-07 15:38:51,172 ERROR   robot.realtime.motion_streamer [robot-motion-streamer] motion_streamer.py:136 | 关节指令下发失败：关节 1 指令加速度 1257°/s² 超过上限 720°/s²
2026-08-07 15:38:51,232 ERROR   robot.realtime.motion_streamer [robot-motion-streamer] motion_streamer.py:136 | 关节指令下发失败：关节 1 指令加速度 897°/s² 超过上限 720°/s²
2026-08-07 15:38:51,274 ERROR   robot.realtime.motion_streamer [robot-motion-streamer] motion_streamer.py:136 | 关节指令下发失败：关节 1 指令加速度 1378°/s² 超过上限 720°/s²
2026-08-07 15:38:51,278 ERROR   robot.realtime.motion_streamer [robot-motion-streamer] motion_streamer.py:136 | 关节指令下发失败：关节 1 指令加速度 1031°/s² 超过上限 720°/s²
2026-08-07 15:38:51,292 ERROR   robot.realtime.motion_streamer [robot-motion-streamer] motion_streamer.py:136 | 关节指令下发失败：关节 1 指令加速度 1284°/s² 超过上限 720°/s²
2026-08-07 15:38:51,303 ERROR   robot.realtime.motion_streamer [robot-motion-streamer] motion_streamer.py:136 | 关节指令下发失败：关节 1 指令加速度 922°/s² 超过上限 720°/s²
2026-08-07 15:38:51,312 ERROR   robot.realtime.motion_streamer [robot-motion-streamer] motion_streamer.py:136 | 关节指令下发失败：关节 1 指令加速度 4138°/s² 超过上限 720°/s²
2026-08-07 15:38:51,317 ERROR   robot.realtime.motion_streamer [robot-motion-streamer] motion_streamer.py:136 | 关节指令下发失败：关节 1 指令加速度 880°/s² 超过上限 720°/s²
2026-08-07 15:38:51,330 ERROR   robot.realtime.motion_streamer [robot-motion-streamer] motion_streamer.py:136 | 关节指令下发失败：关节 1 指令加速度 1827°/s² 超过上限 720°/s²
2026-08-07 15:38:51,333 ERROR   robot.realtime.motion_streamer [robot-motion-streamer] motion_streamer.py:136 | 关节指令下发失败：关节 1 指令加速度 1423°/s² 超过上限 720°/s²
2026-08-07 15:38:51,337 ERROR   robot.realtime.motion_streamer [robot-motion-streamer] motion_streamer.py:136 | 关节指令下发失败：关节 1 指令加速度 967°/s² 超过上限 720°/s²
2026-08-07 15:38:51,356 ERROR   robot.realtime.motion_streamer [robot-motion-streamer] motion_streamer.py:136 | 关节指令下发失败：关节 1 指令加速度 988°/s² 超过上限 720°/s²
2026-08-07 15:38:51,370 WARNING robot.realtime.clock [robot-continuous-jog] clock.py:103 | jog-joint 循环滞后 5.8 ms（超过一个控制周期 5.0 ms）
2026-08-07 15:38:51,371 ERROR   robot.realtime.motion_streamer [robot-motion-streamer] motion_streamer.py:136 | 关节指令下发失败：关节 1 指令速度 228.9°/s 超过上限 180.0°/s
2026-08-07 15:38:51,378 WARNING robot.realtime.clock [robot-continuous-jog] clock.py:103 | jog-joint 循环滞后 8.9 ms（超过一个控制周期 5.0 ms）
2026-08-07 15:38:51,379 ERROR   robot.realtime.motion_streamer [robot-motion-streamer] motion_streamer.py:136 | 关节指令下发失败：关节 1 指令加速度 1589°/s² 超过上限 720°/s²
2026-08-07 15:38:51,380 WARNING robot.realtime.clock [robot-continuous-jog] clock.py:103 | jog-joint 循环滞后 5.9 ms（超过一个控制周期 5.0 ms）
2026-08-07 15:38:51,380 ERROR   robot.realtime.motion_streamer [robot-motion-streamer] motion_streamer.py:136 | 关节指令下发失败：关节 1 指令加速度 1741°/s² 超过上限 720°/s²
2026-08-07 15:38:51,388 ERROR   robot.realtime.motion_streamer [robot-motion-streamer] motion_streamer.py:136 | 关节指令下发失败：关节 1 指令速度 1348.4°/s 超过上限 180.0°/s
2026-08-07 15:38:51,388 ERROR   robot.realtime.motion_streamer [robot-motion-streamer] motion_streamer.py:136 | 关节指令下发失败：关节 1 指令速度 851.9°/s 超过上限 180.0°/s
2026-08-07 15:38:51,388 ERROR   robot.realtime.motion_streamer [robot-motion-streamer] motion_streamer.py:136 | 关节指令下发失败：关节 1 指令速度 835.8°/s 超过上限 180.0°/s
2026-08-07 15:38:51,391 ERROR   robot.realtime.motion_streamer [robot-motion-streamer] motion_streamer.py:136 | 关节指令下发失败：关节 1 指令加速度 19723°/s² 超过上限 720°/s²
2026-08-07 15:38:51,397 ERROR   robot.realtime.motion_streamer [robot-motion-streamer] motion_streamer.py:136 | 关节指令下发失败：关节 1 指令加速度 2774°/s² 超过上限 720°/s²
2026-08-07 15:38:51,402 ERROR   robot.realtime.motion_streamer [robot-motion-streamer] motion_streamer.py:136 | 关节指令下发失败：关节 1 指令加速度 1058°/s² 超过上限 720°/s²
2026-08-07 15:38:51,412 ERROR   robot.realtime.motion_streamer [robot-motion-streamer] motion_streamer.py:136 | 关节指令下发失败：关节 1 指令加速度 2498°/s² 超过上限 720°/s²
2026-08-07 15:38:51,417 ERROR   robot.realtime.motion_streamer [robot-motion-streamer] motion_streamer.py:136 | 关节指令下发失败：关节 1 指令加速度 1256°/s² 超过上限 720°/s²
2026-08-07 15:38:51,478 ERROR   robot.realtime.motion_streamer [robot-motion-streamer] motion_streamer.py:136 | 关节指令下发失败：关节 1 指令加速度 976°/s² 超过上限 720°/s²
2026-08-07 15:38:51,538 ERROR   robot.realtime.motion_streamer [robot-motion-streamer] motion_streamer.py:136 | 关节指令下发失败：关节 1 指令加速度 1807°/s² 超过上限 720°/s²
2026-08-07 15:38:51,593 ERROR   robot.realtime.motion_streamer [robot-motion-streamer] motion_streamer.py:136 | 关节指令下发失败：关节 1 指令速度 1157.9°/s 超过上限 180.0°/s
2026-08-07 15:38:51,594 ERROR   robot.realtime.motion_streamer [robot-motion-streamer] motion_streamer.py:136 | 关节指令下发失败：关节 1 指令加速度 258768°/s² 超过上限 720°/s²
2026-08-07 15:38:51,597 ERROR   robot.realtime.motion_streamer [robot-motion-streamer] motion_streamer.py:136 | 关节指令下发失败：关节 1 指令加速度 12888°/s² 超过上限 720°/s²
2026-08-07 15:38:51,602 ERROR   robot.realtime.motion_streamer [robot-motion-streamer] motion_streamer.py:136 | 关节指令下发失败：关节 1 指令加速度 3025°/s² 超过上限 720°/s²
2026-08-07 15:38:51,607 ERROR   robot.realtime.motion_streamer [robot-motion-streamer] motion_streamer.py:136 | 关节指令下发失败：关节 1 指令加速度 1492°/s² 超过上限 720°/s²
2026-08-07 15:38:51,612 ERROR   robot.realtime.motion_streamer [robot-motion-streamer] motion_streamer.py:136 | 关节指令下发失败：关节 1 指令加速度 889°/s² 超过上限 720°/s²
2026-08-07 15:38:51,622 ERROR   robot.realtime.motion_streamer [robot-motion-streamer] motion_streamer.py:136 | 关节指令下发失败：关节 1 指令加速度 1436°/s² 超过上限 720°/s²
2026-08-07 15:38:51,677 ERROR   robot.realtime.motion_streamer [robot-motion-streamer] motion_streamer.py:136 | 关节指令下发失败：关节 1 指令加速度 1778°/s² 超过上限 720°/s²
2026-08-07 15:38:51,733 ERROR   robot.realtime.motion_streamer [robot-motion-streamer] motion_streamer.py:136 | 关节指令下发失败：关节 1 指令加速度 1365°/s² 超过上限 720°/s²
2026-08-07 15:38:52,064 ERROR   robot.realtime.motion_streamer [robot-motion-streamer] motion_streamer.py:136 | 关节指令下发失败：关节 1 指令加速度 965°/s² 超过上限 720°/s²
2026-08-07 15:38:52,067 ERROR   robot.realtime.motion_streamer [robot-motion-streamer] motion_streamer.py:136 | 关节指令下发失败：关节 1 指令加速度 972°/s² 超过上限 720°/s²
2026-08-07 15:38:52,142 ERROR   robot.realtime.motion_streamer [robot-motion-streamer] motion_streamer.py:136 | 关节指令下发失败：关节 1 指令速度 1015.8°/s 超过上限 180.0°/s
2026-08-07 15:38:52,147 ERROR   robot.realtime.motion_streamer [robot-motion-streamer] motion_streamer.py:136 | 关节指令下发失败：关节 1 指令加速度 3477°/s² 超过上限 720°/s²
2026-08-07 15:38:52,148 ERROR   robot.realtime.motion_streamer [robot-motion-streamer] motion_streamer.py:136 | 关节指令下发失败：关节 1 指令加速度 5079°/s² 超过上限 720°/s²
2026-08-07 15:38:52,151 ERROR   robot.realtime.motion_streamer [robot-motion-streamer] motion_streamer.py:136 | 关节指令下发失败：关节 1 指令加速度 2436°/s² 超过上限 720°/s²
2026-08-07 15:38:52,157 ERROR   robot.realtime.motion_streamer [robot-motion-streamer] motion_streamer.py:136 | 关节指令下发失败：关节 1 指令加速度 1168°/s² 超过上限 720°/s²
2026-08-07 15:38:52,167 ERROR   robot.realtime.motion_streamer [robot-motion-streamer] motion_streamer.py:136 | 关节指令下发失败：关节 1 指令加速度 1658°/s² 超过上限 720°/s²
2026-08-07 15:38:52,188 ERROR   robot.realtime.motion_streamer [robot-motion-streamer] motion_streamer.py:136 | 关节指令下发失败：关节 1 指令加速度 1991°/s² 超过上限 720°/s²
2026-08-07 15:38:52,192 ERROR   robot.realtime.motion_streamer [robot-motion-streamer] motion_streamer.py:136 | 关节指令下发失败：关节 1 指令加速度 1025°/s² 超过上限 720°/s²
2026-08-07 15:38:52,226 ERROR   robot.realtime.motion_streamer [robot-motion-streamer] motion_streamer.py:136 | 关节指令下发失败：关节 1 指令加速度 1417°/s² 超过上限 720°/s²
2026-08-07 15:38:52,242 ERROR   robot.realtime.motion_streamer [robot-motion-streamer] motion_streamer.py:136 | 关节指令下发失败：关节 1 指令加速度 2456°/s² 超过上限 720°/s²
2026-08-07 15:38:52,247 ERROR   robot.realtime.motion_streamer [robot-motion-streamer] motion_streamer.py:136 | 关节指令下发失败：关节 1 指令加速度 924°/s² 超过上限 720°/s²
2026-08-07 15:38:52,341 ERROR   robot.realtime.motion_streamer [robot-motion-streamer] motion_streamer.py:136 | 关节指令下发失败：关节 1 指令加速度 976°/s² 超过上限 720°/s²
2026-08-07 15:38:52,478 ERROR   robot.realtime.motion_streamer [robot-motion-streamer] motion_streamer.py:136 | 关节指令下发失败：关节 1 指令加速度 2352°/s² 超过上限 720°/s²
2026-08-07 15:38:52,487 ERROR   robot.realtime.motion_streamer [robot-motion-streamer] motion_streamer.py:136 | 关节指令下发失败：关节 1 指令加速度 936°/s² 超过上限 720°/s²
2026-08-07 15:38:52,512 ERROR   robot.realtime.motion_streamer [robot-motion-streamer] motion_streamer.py:136 | 关节指令下发失败：关节 1 指令加速度 2437°/s² 超过上限 720°/s²
2026-08-07 15:38:52,572 ERROR   robot.realtime.motion_streamer [robot-motion-streamer] motion_streamer.py:136 | 关节指令下发失败：关节 1 指令加速度 898°/s² 超过上限 720°/s²
2026-08-07 15:38:52,611 ERROR   robot.realtime.motion_streamer [robot-motion-streamer] motion_streamer.py:136 | 关节指令下发失败：关节 1 指令加速度 1709°/s² 超过上限 720°/s²
2026-08-07 15:38:52,777 ERROR   robot.realtime.motion_streamer [robot-motion-streamer] motion_streamer.py:136 | 关节指令下发失败：关节 1 指令加速度 2642°/s² 超过上限 720°/s²
2026-08-07 15:38:53,083 ERROR   robot.realtime.motion_streamer [robot-motion-streamer] motion_streamer.py:136 | 关节指令下发失败：关节 1 指令加速度 983°/s² 超过上限 720°/s²
2026-08-07 15:38:53,127 ERROR   robot.realtime.motion_streamer [robot-motion-streamer] motion_streamer.py:136 | 关节指令下发失败：关节 1 指令加速度 1016°/s² 超过上限 720°/s²
2026-08-07 15:38:53,143 ERROR   robot.realtime.motion_streamer [robot-motion-streamer] motion_streamer.py:136 | 关节指令下发失败：关节 1 指令加速度 1754°/s² 超过上限 720°/s²
2026-08-07 15:38:53,159 ERROR   robot.realtime.motion_streamer [robot-motion-streamer] motion_streamer.py:136 | 关节指令下发失败：关节 1 指令加速度 969°/s² 超过上限 720°/s²
2026-08-07 15:38:53,163 ERROR   robot.realtime.motion_streamer [robot-motion-streamer] motion_streamer.py:136 | 关节指令下发失败：关节 1 指令加速度 2105°/s² 超过上限 720°/s²
2026-08-07 15:38:53,173 ERROR   robot.realtime.motion_streamer [robot-motion-streamer] motion_streamer.py:136 | 关节指令下发失败：关节 1 指令加速度 896°/s² 超过上限 720°/s²
2026-08-07 15:38:53,188 ERROR   robot.realtime.motion_streamer [robot-motion-streamer] motion_streamer.py:136 | 关节指令下发失败：关节 1 指令加速度 2560°/s² 超过上限 720°/s²
2026-08-07 15:38:53,278 ERROR   robot.realtime.motion_streamer [robot-motion-streamer] motion_streamer.py:136 | 关节指令下发失败：关节 1 指令速度 1255.4°/s 超过上限 180.0°/s
2026-08-07 15:38:53,283 ERROR   robot.realtime.motion_streamer [robot-motion-streamer] motion_streamer.py:136 | 关节指令下发失败：关节 1 指令加速度 4843°/s² 超过上限 720°/s²
2026-08-07 15:38:53,288 ERROR   robot.realtime.motion_streamer [robot-motion-streamer] motion_streamer.py:136 | 关节指令下发失败：关节 1 指令加速度 1598°/s² 超过上限 720°/s²
2026-08-07 15:38:53,337 ERROR   robot.realtime.motion_streamer [robot-motion-streamer] motion_streamer.py:136 | 关节指令下发失败：关节 1 指令加速度 972°/s² 超过上限 720°/s²
2026-08-07 15:38:53,356 ERROR   robot.realtime.motion_streamer [robot-motion-streamer] motion_streamer.py:136 | 关节指令下发失败：关节 1 指令加速度 2024°/s² 超过上限 720°/s²
2026-08-07 15:38:53,359 ERROR   robot.realtime.motion_streamer [robot-motion-streamer] motion_streamer.py:136 | 关节指令下发失败：关节 1 指令加速度 1679°/s² 超过上限 720°/s²
2026-08-07 15:38:53,363 ERROR   robot.realtime.motion_streamer [robot-motion-streamer] motion_streamer.py:136 | 关节指令下发失败：关节 1 指令加速度 1019°/s² 超过上限 720°/s²
2026-08-07 15:38:53,376 ERROR   robot.realtime.motion_streamer [robot-motion-streamer] motion_streamer.py:136 | 关节指令下发失败：关节 1 指令加速度 4638°/s² 超过上限 720°/s²
2026-08-07 15:38:53,387 ERROR   robot.realtime.motion_streamer [robot-motion-streamer] motion_streamer.py:136 | 关节指令下发失败：关节 1 指令加速度 1030°/s² 超过上限 720°/s²
2026-08-07 15:38:53,422 ERROR   robot.realtime.motion_streamer [robot-motion-streamer] motion_streamer.py:136 | 关节指令下发失败：关节 1 指令加速度 4285°/s² 超过上限 720°/s²
2026-08-07 15:38:53,477 ERROR   robot.realtime.motion_streamer [robot-motion-streamer] motion_streamer.py:136 | 关节指令下发失败：关节 1 指令加速度 933°/s² 超过上限 720°/s²
2026-08-07 15:38:53,538 ERROR   robot.realtime.motion_streamer [robot-motion-streamer] motion_streamer.py:136 | 关节指令下发失败：关节 1 指令速度 1046.3°/s 超过上限 180.0°/s
2026-08-07 15:38:53,539 ERROR   robot.realtime.motion_streamer [robot-motion-streamer] motion_streamer.py:136 | 关节指令下发失败：关节 1 指令加速度 166004°/s² 超过上限 720°/s²
2026-08-07 15:38:53,542 ERROR   robot.realtime.motion_streamer [robot-motion-streamer] motion_streamer.py:136 | 关节指令下发失败：关节 1 指令加速度 10063°/s² 超过上限 720°/s²
2026-08-07 15:38:53,547 ERROR   robot.realtime.motion_streamer [robot-motion-streamer] motion_streamer.py:136 | 关节指令下发失败：关节 1 指令加速度 2946°/s² 超过上限 720°/s²
2026-08-07 15:38:53,552 ERROR   robot.realtime.motion_streamer [robot-motion-streamer] motion_streamer.py:136 | 关节指令下发失败：关节 1 指令加速度 1524°/s² 超过上限 720°/s²
2026-08-07 15:38:53,557 ERROR   robot.realtime.motion_streamer [robot-motion-streamer] motion_streamer.py:136 | 关节指令下发失败：关节 1 指令加速度 947°/s² 超过上限 720°/s²
2026-08-07 15:38:53,567 ERROR   robot.realtime.motion_streamer [robot-motion-streamer] motion_streamer.py:136 | 关节指令下发失败：关节 1 指令加速度 1312°/s² 超过上限 720°/s²
2026-08-07 15:38:53,718 ERROR   robot.realtime.motion_streamer [robot-motion-streamer] motion_streamer.py:136 | 关节指令下发失败：关节 1 指令速度 1759.5°/s 超过上限 180.0°/s
2026-08-07 15:38:53,723 ERROR   robot.realtime.motion_streamer [robot-motion-streamer] motion_streamer.py:136 | 关节指令下发失败：关节 1 指令加速度 4637°/s² 超过上限 720°/s²
2026-08-07 15:38:53,727 ERROR   robot.realtime.motion_streamer [robot-motion-streamer] motion_streamer.py:136 | 关节指令下发失败：关节 1 指令加速度 1651°/s² 超过上限 720°/s²
2026-08-07 15:38:53,741 ERROR   robot.realtime.motion_streamer [robot-motion-streamer] motion_streamer.py:136 | 关节指令下发失败：关节 1 指令加速度 1352°/s² 超过上限 720°/s²
2026-08-07 15:38:53,747 ERROR   robot.realtime.motion_streamer [robot-motion-streamer] motion_streamer.py:136 | 关节指令下发失败：关节 1 指令加速度 3911°/s² 超过上限 720°/s²
2026-08-07 15:38:53,757 ERROR   robot.realtime.motion_streamer [robot-motion-streamer] motion_streamer.py:136 | 关节指令下发失败：关节 1 指令加速度 2224°/s² 超过上限 720°/s²
2026-08-07 15:38:53,884 ERROR   robot.realtime.motion_streamer [robot-motion-streamer] motion_streamer.py:136 | 关节指令下发失败：关节 1 指令速度 1496.2°/s 超过上限 180.0°/s
2026-08-07 15:38:53,888 ERROR   robot.realtime.motion_streamer [robot-motion-streamer] motion_streamer.py:136 | 关节指令下发失败：关节 1 指令加速度 6744°/s² 超过上限 720°/s²
2026-08-07 15:38:53,892 ERROR   robot.realtime.motion_streamer [robot-motion-streamer] motion_streamer.py:136 | 关节指令下发失败：关节 1 指令加速度 2037°/s² 超过上限 720°/s²
2026-08-07 15:38:53,897 ERROR   robot.realtime.motion_streamer [robot-motion-streamer] motion_streamer.py:136 | 关节指令下发失败：关节 1 指令加速度 959°/s² 超过上限 720°/s²
2026-08-07 15:38:53,907 ERROR   robot.realtime.motion_streamer [robot-motion-streamer] motion_streamer.py:136 | 关节指令下发失败：关节 1 指令加速度 1052°/s² 超过上限 720°/s²
2026-08-07 15:38:53,978 ERROR   robot.realtime.motion_streamer [robot-motion-streamer] motion_streamer.py:136 | 关节指令下发失败：关节 1 指令加速度 1058°/s² 超过上限 720°/s²
2026-08-07 15:38:54,049 ERROR   robot.realtime.motion_streamer [robot-motion-streamer] motion_streamer.py:136 | 关节指令下发失败：关节 1 指令加速度 1777°/s² 超过上限 720°/s²
2026-08-07 15:38:54,058 ERROR   robot.realtime.motion_streamer [robot-motion-streamer] motion_streamer.py:136 | 关节指令下发失败：关节 1 指令加速度 864°/s² 超过上限 720°/s²
2026-08-07 15:38:54,077 ERROR   robot.realtime.motion_streamer [robot-motion-streamer] motion_streamer.py:136 | 关节指令下发失败：关节 1 指令加速度 940°/s² 超过上限 720°/s²
2026-08-07 15:38:54,091 ERROR   robot.realtime.motion_streamer [robot-motion-streamer] motion_streamer.py:136 | 关节指令下发失败：关节 1 指令加速度 2286°/s² 超过上限 720°/s²
2026-08-07 15:38:54,103 ERROR   robot.realtime.motion_streamer [robot-motion-streamer] motion_streamer.py:136 | 关节指令下发失败：关节 1 指令加速度 921°/s² 超过上限 720°/s²
2026-08-07 15:38:54,192 ERROR   robot.realtime.motion_streamer [robot-motion-streamer] motion_streamer.py:136 | 关节指令下发失败：关节 1 指令加速度 1218°/s² 超过上限 720°/s²
2026-08-07 15:38:54,238 ERROR   robot.realtime.motion_streamer [robot-motion-streamer] motion_streamer.py:136 | 关节指令下发失败：关节 1 指令加速度 1011°/s² 超过上限 720°/s²
2026-08-07 15:38:54,274 ERROR   robot.realtime.motion_streamer [robot-motion-streamer] motion_streamer.py:136 | 关节指令下发失败：关节 1 指令速度 626.8°/s 超过上限 180.0°/s
2026-08-07 15:38:54,277 ERROR   robot.realtime.motion_streamer [robot-motion-streamer] motion_streamer.py:136 | 关节指令下发失败：关节 1 指令加速度 10480°/s² 超过上限 720°/s²
2026-08-07 15:38:54,282 ERROR   robot.realtime.motion_streamer [robot-motion-streamer] motion_streamer.py:136 | 关节指令下发失败：关节 1 指令加速度 1969°/s² 超过上限 720°/s²
2026-08-07 15:38:54,292 ERROR   robot.realtime.motion_streamer [robot-motion-streamer] motion_streamer.py:136 | 关节指令下发失败：关节 1 指令加速度 1650°/s² 超过上限 720°/s²
2026-08-07 15:38:54,384 ERROR   robot.realtime.motion_streamer [robot-motion-streamer] motion_streamer.py:136 | 关节指令下发失败：关节 1 指令速度 851.2°/s 超过上限 180.0°/s
2026-08-07 15:38:54,388 ERROR   robot.realtime.motion_streamer [robot-motion-streamer] motion_streamer.py:136 | 关节指令下发失败：关节 1 指令加速度 7623°/s² 超过上限 720°/s²
2026-08-07 15:38:54,392 ERROR   robot.realtime.motion_streamer [robot-motion-streamer] motion_streamer.py:136 | 关节指令下发失败：关节 1 指令加速度 2268°/s² 超过上限 720°/s²
2026-08-07 15:38:54,397 ERROR   robot.realtime.motion_streamer [robot-motion-streamer] motion_streamer.py:136 | 关节指令下发失败：关节 1 指令加速度 1123°/s² 超过上限 720°/s²
2026-08-07 15:38:54,407 ERROR   robot.realtime.motion_streamer [robot-motion-streamer] motion_streamer.py:136 | 关节指令下发失败：关节 1 指令加速度 1202°/s² 超过上限 720°/s²
2026-08-07 15:38:54,477 ERROR   robot.realtime.motion_streamer [robot-motion-streamer] motion_streamer.py:136 | 关节指令下发失败：关节 1 指令速度 850.1°/s 超过上限 180.0°/s
2026-08-07 15:38:54,478 ERROR   robot.realtime.motion_streamer [robot-motion-streamer] motion_streamer.py:136 | 关节指令下发失败：关节 1 指令加速度 161096°/s² 超过上限 720°/s²
2026-08-07 15:38:54,478 ERROR   robot.realtime.motion_streamer [robot-motion-streamer] motion_streamer.py:136 | 关节指令下发失败：关节 1 指令加速度 74277°/s² 超过上限 720°/s²
2026-08-07 15:38:54,482 ERROR   robot.realtime.motion_streamer [robot-motion-streamer] motion_streamer.py:136 | 关节指令下发失败：关节 1 指令加速度 11495°/s² 超过上限 720°/s²
2026-08-07 15:38:54,487 ERROR   robot.realtime.motion_streamer [robot-motion-streamer] motion_streamer.py:136 | 关节指令下发失败：关节 1 指令加速度 3071°/s² 超过上限 720°/s²
2026-08-07 15:38:54,492 ERROR   robot.realtime.motion_streamer [robot-motion-streamer] motion_streamer.py:136 | 关节指令下发失败：关节 1 指令加速度 1584°/s² 超过上限 720°/s²
2026-08-07 15:38:54,497 ERROR   robot.realtime.motion_streamer [robot-motion-streamer] motion_streamer.py:136 | 关节指令下发失败：关节 1 指令加速度 965°/s² 超过上限 720°/s²
2026-08-07 15:38:54,507 ERROR   robot.realtime.motion_streamer [robot-motion-streamer] motion_streamer.py:136 | 关节指令下发失败：关节 1 指令加速度 1839°/s² 超过上限 720°/s²
2026-08-07 15:38:54,512 ERROR   robot.realtime.motion_streamer [robot-motion-streamer] motion_streamer.py:136 | 关节指令下发失败：关节 1 指令加速度 900°/s² 超过上限 720°/s²
2026-08-07 15:38:54,658 ERROR   robot.realtime.motion_streamer [robot-motion-streamer] motion_streamer.py:136 | 关节指令下发失败：关节 1 指令加速度 1950°/s² 超过上限 720°/s²
2026-08-07 15:38:54,683 ERROR   robot.realtime.motion_streamer [robot-motion-streamer] motion_streamer.py:136 | 关节指令下发失败：关节 1 指令加速度 1303°/s² 超过上限 720°/s²
2026-08-07 15:38:54,739 ERROR   robot.realtime.motion_streamer [robot-motion-streamer] motion_streamer.py:136 | 关节指令下发失败：关节 1 指令速度 510.0°/s 超过上限 180.0°/s
2026-08-07 15:38:54,754 ERROR   robot.realtime.motion_streamer [robot-motion-streamer] motion_streamer.py:136 | 关节指令下发失败：关节 1 指令速度 901.3°/s 超过上限 180.0°/s
2026-08-07 15:38:54,757 ERROR   robot.realtime.motion_streamer [robot-motion-streamer] motion_streamer.py:136 | 关节指令下发失败：关节 1 指令加速度 13909°/s² 超过上限 720°/s²
2026-08-07 15:38:54,758 ERROR   robot.realtime.motion_streamer [robot-motion-streamer] motion_streamer.py:136 | 关节指令下发失败：关节 1 指令加速度 19159°/s² 超过上限 720°/s²
2026-08-07 15:38:54,758 ERROR   robot.realtime.motion_streamer [robot-motion-streamer] motion_streamer.py:136 | 关节指令下发失败：关节 1 指令加速度 25182°/s² 超过上限 720°/s²
2026-08-07 15:38:54,762 ERROR   robot.realtime.motion_streamer [robot-motion-streamer] motion_streamer.py:136 | 关节指令下发失败：关节 1 指令加速度 4896°/s² 超过上限 720°/s²
2026-08-07 15:38:54,767 ERROR   robot.realtime.motion_streamer [robot-motion-streamer] motion_streamer.py:136 | 关节指令下发失败：关节 1 指令加速度 2083°/s² 超过上限 720°/s²
2026-08-07 15:38:54,772 ERROR   robot.realtime.motion_streamer [robot-motion-streamer] motion_streamer.py:136 | 关节指令下发失败：关节 1 指令加速度 1121°/s² 超过上限 720°/s²
2026-08-07 15:38:54,783 ERROR   robot.realtime.motion_streamer [robot-motion-streamer] motion_streamer.py:136 | 关节指令下发失败：关节 1 指令加速度 2340°/s² 超过上限 720°/s²
2026-08-07 15:38:54,789 ERROR   robot.realtime.motion_streamer [robot-motion-streamer] motion_streamer.py:136 | 关节指令下发失败：关节 1 指令加速度 1172°/s² 超过上限 720°/s²
2026-08-07 15:38:54,807 ERROR   robot.realtime.motion_streamer [robot-motion-streamer] motion_streamer.py:136 | 关节指令下发失败：关节 1 指令加速度 871°/s² 超过上限 720°/s²
2026-08-07 15:38:54,827 ERROR   robot.realtime.motion_streamer [robot-motion-streamer] motion_streamer.py:136 | 关节指令下发失败：关节 1 指令加速度 952°/s² 超过上限 720°/s²
2026-08-07 15:38:55,176 ERROR   robot.realtime.motion_streamer [robot-motion-streamer] motion_streamer.py:136 | 关节指令下发失败：关节 1 指令速度 678.5°/s 超过上限 180.0°/s
2026-08-07 15:38:55,179 ERROR   robot.realtime.motion_streamer [robot-motion-streamer] motion_streamer.py:136 | 关节指令下发失败：关节 1 指令加速度 15150°/s² 超过上限 720°/s²
2026-08-07 15:38:55,182 ERROR   robot.realtime.motion_streamer [robot-motion-streamer] motion_streamer.py:136 | 关节指令下发失败：关节 1 指令加速度 6543°/s² 超过上限 720°/s²
2026-08-07 15:38:55,182 ERROR   robot.realtime.motion_streamer [robot-motion-streamer] motion_streamer.py:136 | 关节指令下发失败：关节 1 指令加速度 8418°/s² 超过上限 720°/s²
2026-08-07 15:38:55,187 ERROR   robot.realtime.motion_streamer [robot-motion-streamer] motion_streamer.py:136 | 关节指令下发失败：关节 1 指令加速度 2999°/s² 超过上限 720°/s²
2026-08-07 15:38:55,191 ERROR   robot.realtime.motion_streamer [robot-motion-streamer] motion_streamer.py:136 | 关节指令下发失败：关节 1 指令加速度 1685°/s² 超过上限 720°/s²
2026-08-07 15:38:55,196 ERROR   robot.realtime.motion_streamer [robot-motion-streamer] motion_streamer.py:136 | 关节指令下发失败：关节 1 指令加速度 1091°/s² 超过上限 720°/s²
2026-08-07 15:38:55,207 ERROR   robot.realtime.motion_streamer [robot-motion-streamer] motion_streamer.py:136 | 关节指令下发失败：关节 1 指令加速度 1851°/s² 超过上限 720°/s²
2026-08-07 15:38:55,212 ERROR   robot.realtime.motion_streamer [robot-motion-streamer] motion_streamer.py:136 | 关节指令下发失败：关节 1 指令加速度 892°/s² 超过上限 720°/s²
2026-08-07 15:38:55,233 ERROR   robot.realtime.motion_streamer [robot-motion-streamer] motion_streamer.py:136 | 关节指令下发失败：关节 1 指令加速度 411492°/s² 超过上限 720°/s²
2026-08-07 15:38:55,239 ERROR   robot.realtime.motion_streamer [robot-motion-streamer] motion_streamer.py:136 | 关节指令下发失败：关节 1 指令加速度 3290°/s² 超过上限 720°/s²
2026-08-07 15:38:55,243 ERROR   robot.realtime.motion_streamer [robot-motion-streamer] motion_streamer.py:136 | 关节指令下发失败：关节 1 指令加速度 1591°/s² 超过上限 720°/s²
2026-08-07 15:38:55,247 ERROR   robot.realtime.motion_streamer [robot-motion-streamer] motion_streamer.py:136 | 关节指令下发失败：关节 1 指令加速度 972°/s² 超过上限 720°/s²
2026-08-07 15:38:55,279 ERROR   robot.realtime.motion_streamer [robot-motion-streamer] motion_streamer.py:136 | 关节指令下发失败：关节 1 指令加速度 2722°/s² 超过上限 720°/s²
2026-08-07 15:38:55,282 ERROR   robot.realtime.motion_streamer [robot-motion-streamer] motion_streamer.py:136 | 关节指令下发失败：关节 1 指令加速度 1934°/s² 超过上限 720°/s²
2026-08-07 15:38:55,287 ERROR   robot.realtime.motion_streamer [robot-motion-streamer] motion_streamer.py:136 | 关节指令下发失败：关节 1 指令加速度 880°/s² 超过上限 720°/s²
2026-08-07 15:38:55,990 WARNING robot.realtime.clock [robot-continuous-jog] clock.py:103 | jog-joint 循环滞后 14.5 ms（超过一个控制周期 5.0 ms）
2026-08-07 15:38:56,001 WARNING robot.realtime.clock [robot-continuous-jog] clock.py:103 | jog-joint 循环滞后 20.6 ms（超过一个控制周期 5.0 ms）
2026-08-07 15:38:56,010 WARNING robot.realtime.clock [robot-continuous-jog] clock.py:103 | jog-joint 循环滞后 24.4 ms（超过一个控制周期 5.0 ms）
2026-08-07 15:38:56,017 WARNING robot.realtime.clock [robot-continuous-jog] clock.py:103 | jog-joint 循环滞后 26.3 ms（超过一个控制周期 5.0 ms）
2026-08-07 15:38:56,021 WARNING robot.realtime.clock [robot-continuous-jog] clock.py:103 | jog-joint 循环滞后 25.5 ms（超过一个控制周期 5.0 ms）
2026-08-07 15:38:56,021 ERROR   robot.realtime.motion_streamer [robot-motion-streamer] motion_streamer.py:136 | 关节指令下发失败：关节 1 指令加速度 1644°/s² 超过上限 720°/s²
2026-08-07 15:38:56,026 WARNING robot.realtime.clock [robot-continuous-jog] clock.py:103 | jog-joint 循环滞后 26.2 ms（超过一个控制周期 5.0 ms）
2026-08-07 15:38:56,031 WARNING robot.realtime.clock [robot-continuous-jog] clock.py:103 | jog-joint 循环滞后 25.5 ms（超过一个控制周期 5.0 ms）
2026-08-07 15:38:56,031 ERROR   robot.realtime.motion_streamer [robot-motion-streamer] motion_streamer.py:136 | 关节指令下发失败：关节 1 指令加速度 1108°/s² 超过上限 720°/s²
2026-08-07 15:38:56,037 WARNING robot.realtime.clock [robot-continuous-jog] clock.py:103 | jog-joint 循环滞后 26.3 ms（超过一个控制周期 5.0 ms）
2026-08-07 15:38:56,042 WARNING robot.realtime.clock [robot-continuous-jog] clock.py:103 | jog-joint 循环滞后 26.6 ms（超过一个控制周期 5.0 ms）
2026-08-07 15:38:56,046 WARNING robot.realtime.clock [robot-continuous-jog] clock.py:103 | jog-joint 循环滞后 25.7 ms（超过一个控制周期 5.0 ms）
2026-08-07 15:38:56,046 ERROR   robot.realtime.motion_streamer [robot-motion-streamer] motion_streamer.py:136 | 关节指令下发失败：关节 1 指令加速度 1046°/s² 超过上限 720°/s²
2026-08-07 15:38:56,049 WARNING robot.realtime.clock [robot-continuous-jog] clock.py:103 | jog-joint 循环滞后 23.3 ms（超过一个控制周期 5.0 ms）
2026-08-07 15:38:56,049 ERROR   robot.realtime.motion_streamer [robot-motion-streamer] motion_streamer.py:136 | 关节指令下发失败：关节 1 指令加速度 1113°/s² 超过上限 720°/s²
2026-08-07 15:38:56,051 WARNING robot.realtime.clock [robot-continuous-jog] clock.py:103 | jog-joint 循环滞后 20.7 ms（超过一个控制周期 5.0 ms）
2026-08-07 15:38:56,051 ERROR   robot.realtime.motion_streamer [robot-motion-streamer] motion_streamer.py:136 | 关节指令下发失败：关节 1 指令加速度 1154°/s² 超过上限 720°/s²
2026-08-07 15:38:56,053 WARNING robot.realtime.clock [robot-continuous-jog] clock.py:103 | jog-joint 循环滞后 17.5 ms（超过一个控制周期 5.0 ms）
2026-08-07 15:38:56,053 ERROR   robot.realtime.motion_streamer [robot-motion-streamer] motion_streamer.py:136 | 关节指令下发失败：关节 1 指令加速度 1192°/s² 超过上限 720°/s²
2026-08-07 15:38:56,055 WARNING robot.realtime.clock [robot-continuous-jog] clock.py:103 | jog-joint 循环滞后 14.5 ms（超过一个控制周期 5.0 ms）
2026-08-07 15:38:56,055 ERROR   robot.realtime.motion_streamer [robot-motion-streamer] motion_streamer.py:136 | 关节指令下发失败：关节 1 指令加速度 1093°/s² 超过上限 720°/s²
2026-08-07 15:38:56,057 WARNING robot.realtime.clock [robot-continuous-jog] clock.py:103 | jog-joint 循环滞后 12.1 ms（超过一个控制周期 5.0 ms）
2026-08-07 15:38:56,058 ERROR   robot.realtime.motion_streamer [robot-motion-streamer] motion_streamer.py:136 | 关节指令下发失败：关节 1 指令加速度 904°/s² 超过上限 720°/s²
2026-08-07 15:38:56,060 WARNING robot.realtime.clock [robot-continuous-jog] clock.py:103 | jog-joint 循环滞后 10.3 ms（超过一个控制周期 5.0 ms）
2026-08-07 15:38:56,063 WARNING robot.realtime.clock [robot-continuous-jog] clock.py:103 | jog-joint 循环滞后 7.9 ms（超过一个控制周期 5.0 ms）
2026-08-07 15:38:56,066 WARNING robot.realtime.clock [robot-continuous-jog] clock.py:103 | jog-joint 循环滞后 5.5 ms（超过一个控制周期 5.0 ms）
2026-08-07 15:38:56,069 ERROR   robot.realtime.motion_streamer [robot-motion-streamer] motion_streamer.py:136 | 关节指令下发失败：关节 1 指令加速度 2507°/s² 超过上限 720°/s²
2026-08-07 15:38:56,069 ERROR   robot.realtime.motion_streamer [robot-motion-streamer] motion_streamer.py:136 | 关节指令下发失败：关节 1 指令加速度 2971°/s² 超过上限 720°/s²
2026-08-07 15:38:56,077 ERROR   robot.realtime.motion_streamer [robot-motion-streamer] motion_streamer.py:136 | 关节指令下发失败：关节 1 指令加速度 4154°/s² 超过上限 720°/s²
2026-08-07 15:38:56,082 ERROR   robot.realtime.motion_streamer [robot-motion-streamer] motion_streamer.py:136 | 关节指令下发失败：关节 1 指令加速度 2062°/s² 超过上限 720°/s²
2026-08-07 15:38:56,087 ERROR   robot.realtime.motion_streamer [robot-motion-streamer] motion_streamer.py:136 | 关节指令下发失败：关节 1 指令加速度 1367°/s² 超过上限 720°/s²
2026-08-07 15:38:56,092 ERROR   robot.realtime.motion_streamer [robot-motion-streamer] motion_streamer.py:136 | 关节指令下发失败：关节 1 指令加速度 1026°/s² 超过上限 720°/s²
2026-08-07 15:38:56,303 ERROR   robot.realtime.motion_streamer [robot-motion-streamer] motion_streamer.py:136 | 关节指令下发失败：关节 1 指令加速度 1410°/s² 超过上限 720°/s²
2026-08-07 15:38:56,554 ERROR   robot.realtime.motion_streamer [robot-motion-streamer] motion_streamer.py:136 | 关节指令下发失败：关节 1 指令速度 1585.9°/s 超过上限 180.0°/s
2026-08-07 15:38:56,555 ERROR   robot.realtime.motion_streamer [robot-motion-streamer] motion_streamer.py:136 | 关节指令下发失败：关节 1 指令加速度 85983°/s² 超过上限 720°/s²
2026-08-07 15:38:56,558 ERROR   robot.realtime.motion_streamer [robot-motion-streamer] motion_streamer.py:136 | 关节指令下发失败：关节 1 指令加速度 13065°/s² 超过上限 720°/s²
2026-08-07 15:38:56,563 ERROR   robot.realtime.motion_streamer [robot-motion-streamer] motion_streamer.py:136 | 关节指令下发失败：关节 1 指令加速度 3135°/s² 超过上限 720°/s²
2026-08-07 15:38:56,568 ERROR   robot.realtime.motion_streamer [robot-motion-streamer] motion_streamer.py:136 | 关节指令下发失败：关节 1 指令加速度 1616°/s² 超过上限 720°/s²
2026-08-07 15:38:56,573 ERROR   robot.realtime.motion_streamer [robot-motion-streamer] motion_streamer.py:136 | 关节指令下发失败：关节 1 指令加速度 979°/s² 超过上限 720°/s²
2026-08-07 15:38:56,583 ERROR   robot.realtime.motion_streamer [robot-motion-streamer] motion_streamer.py:136 | 关节指令下发失败：关节 1 指令加速度 1386°/s² 超过上限 720°/s²
2026-08-07 15:38:56,955 ERROR   robot.realtime.motion_streamer [robot-motion-streamer] motion_streamer.py:136 | 关节指令下发失败：关节 1 指令加速度 10061°/s² 超过上限 720°/s²
2026-08-07 15:38:56,959 ERROR   robot.realtime.motion_streamer [robot-motion-streamer] motion_streamer.py:136 | 关节指令下发失败：关节 1 指令加速度 2372°/s² 超过上限 720°/s²
2026-08-07 15:38:56,964 ERROR   robot.realtime.motion_streamer [robot-motion-streamer] motion_streamer.py:136 | 关节指令下发失败：关节 1 指令加速度 873°/s² 超过上限 720°/s²
2026-08-07 15:38:57,007 WARNING robot.realtime.clock [robot-continuous-jog] clock.py:103 | jog-joint 循环滞后 6.8 ms（超过一个控制周期 5.0 ms）
2026-08-07 15:38:57,008 ERROR   robot.realtime.motion_streamer [robot-motion-streamer] motion_streamer.py:136 | 关节指令下发失败：关节 1 指令加速度 187540°/s² 超过上限 720°/s²
2026-08-07 15:38:57,014 WARNING robot.realtime.clock [robot-continuous-jog] clock.py:103 | jog-joint 循环滞后 8.5 ms（超过一个控制周期 5.0 ms）
2026-08-07 15:38:57,014 ERROR   robot.realtime.motion_streamer [robot-motion-streamer] motion_streamer.py:136 | 关节指令下发失败：关节 1 指令加速度 1927°/s² 超过上限 720°/s²
2026-08-07 15:38:57,018 WARNING robot.realtime.clock [robot-continuous-jog] clock.py:103 | jog-joint 循环滞后 7.4 ms（超过一个控制周期 5.0 ms）
2026-08-07 15:38:57,018 ERROR   robot.realtime.motion_streamer [robot-motion-streamer] motion_streamer.py:136 | 关节指令下发失败：关节 1 指令加速度 1271°/s² 超过上限 720°/s²
2026-08-07 15:38:57,020 WARNING robot.realtime.clock [robot-continuous-jog] clock.py:103 | jog-joint 循环滞后 5.1 ms（超过一个控制周期 5.0 ms）
2026-08-07 15:38:57,021 ERROR   robot.realtime.motion_streamer [robot-motion-streamer] motion_streamer.py:136 | 关节指令下发失败：关节 1 指令加速度 1102°/s² 超过上限 720°/s²
2026-08-07 15:38:57,023 ERROR   robot.realtime.motion_streamer [robot-motion-streamer] motion_streamer.py:136 | 关节指令下发失败：关节 1 指令加速度 1022°/s² 超过上限 720°/s²
2026-08-07 15:38:57,024 ERROR   robot.realtime.motion_streamer [robot-motion-streamer] motion_streamer.py:136 | 关节指令下发失败：关节 1 指令加速度 1061°/s² 超过上限 720°/s²
2026-08-07 15:38:57,034 ERROR   robot.realtime.motion_streamer [robot-motion-streamer] motion_streamer.py:136 | 关节指令下发失败：关节 1 指令加速度 1900°/s² 超过上限 720°/s²
2026-08-07 15:38:57,039 ERROR   robot.realtime.motion_streamer [robot-motion-streamer] motion_streamer.py:136 | 关节指令下发失败：关节 1 指令加速度 925°/s² 超过上限 720°/s²
2026-08-07 15:38:57,053 ERROR   robot.realtime.motion_streamer [robot-motion-streamer] motion_streamer.py:136 | 关节指令下发失败：关节 1 指令加速度 1071°/s² 超过上限 720°/s²
2026-08-07 15:38:57,083 ERROR   robot.realtime.motion_streamer [robot-motion-streamer] motion_streamer.py:136 | 关节指令下发失败：关节 1 指令加速度 878°/s² 超过上限 720°/s²
2026-08-07 15:38:57,100 ERROR   robot.realtime.motion_streamer [robot-motion-streamer] motion_streamer.py:136 | 关节指令下发失败：关节 1 指令加速度 3156°/s² 超过上限 720°/s²
2026-08-07 15:38:57,104 ERROR   robot.realtime.motion_streamer [robot-motion-streamer] motion_streamer.py:136 | 关节指令下发失败：关节 1 指令加速度 1270°/s² 超过上限 720°/s²
2026-08-07 15:38:57,115 ERROR   robot.realtime.motion_streamer [robot-motion-streamer] motion_streamer.py:136 | 关节指令下发失败：关节 1 指令加速度 8254°/s² 超过上限 720°/s²
2026-08-07 15:38:57,117 ERROR   robot.realtime.motion_streamer [robot-motion-streamer] motion_streamer.py:136 | 关节指令下发失败：关节 1 指令加速度 3973°/s² 超过上限 720°/s²
2026-08-07 15:38:57,129 ERROR   robot.realtime.motion_streamer [robot-motion-streamer] motion_streamer.py:136 | 关节指令下发失败：关节 1 指令加速度 1495°/s² 超过上限 720°/s²
2026-08-07 15:38:57,144 ERROR   robot.realtime.motion_streamer [robot-motion-streamer] motion_streamer.py:136 | 关节指令下发失败：关节 1 指令速度 668.5°/s 超过上限 180.0°/s
2026-08-07 15:38:57,144 ERROR   robot.realtime.motion_streamer [robot-motion-streamer] motion_streamer.py:136 | 关节指令下发失败：关节 1 指令速度 386.9°/s 超过上限 180.0°/s
2026-08-07 15:38:57,148 ERROR   robot.realtime.motion_streamer [robot-motion-streamer] motion_streamer.py:136 | 关节指令下发失败：关节 1 指令加速度 13605°/s² 超过上限 720°/s²
2026-08-07 15:38:57,153 ERROR   robot.realtime.motion_streamer [robot-motion-streamer] motion_streamer.py:136 | 关节指令下发失败：关节 1 指令加速度 2705°/s² 超过上限 720°/s²
2026-08-07 15:38:57,157 ERROR   robot.realtime.motion_streamer [robot-motion-streamer] motion_streamer.py:136 | 关节指令下发失败：关节 1 指令加速度 1491°/s² 超过上限 720°/s²
2026-08-07 15:38:57,163 ERROR   robot.realtime.motion_streamer [robot-motion-streamer] motion_streamer.py:136 | 关节指令下发失败：关节 1 指令加速度 899°/s² 超过上限 720°/s²
2026-08-07 15:38:57,173 ERROR   robot.realtime.motion_streamer [robot-motion-streamer] motion_streamer.py:136 | 关节指令下发失败：关节 1 指令加速度 1537°/s² 超过上限 720°/s²
2026-08-07 15:38:57,194 ERROR   robot.realtime.motion_streamer [robot-motion-streamer] motion_streamer.py:136 | 关节指令下发失败：关节 1 指令速度 1227.2°/s 超过上限 180.0°/s
2026-08-07 15:38:57,198 ERROR   robot.realtime.motion_streamer [robot-motion-streamer] motion_streamer.py:136 | 关节指令下发失败：关节 1 指令加速度 8071°/s² 超过上限 720°/s²
2026-08-07 15:38:57,203 ERROR   robot.realtime.motion_streamer [robot-motion-streamer] motion_streamer.py:136 | 关节指令下发失败：关节 1 指令加速度 1868°/s² 超过上限 720°/s²
2026-08-07 15:38:57,215 ERROR   robot.realtime.motion_streamer [robot-motion-streamer] motion_streamer.py:136 | 关节指令下发失败：关节 1 指令加速度 1383°/s² 超过上限 720°/s²
2026-08-07 15:38:57,223 ERROR   robot.realtime.motion_streamer [robot-motion-streamer] motion_streamer.py:136 | 关节指令下发失败：关节 1 指令加速度 1653°/s² 超过上限 720°/s²
2026-08-07 15:38:57,259 ERROR   robot.realtime.motion_streamer [robot-motion-streamer] motion_streamer.py:136 | 关节指令下发失败：关节 1 指令速度 1044.7°/s 超过上限 180.0°/s
2026-08-07 15:38:57,264 ERROR   robot.realtime.motion_streamer [robot-motion-streamer] motion_streamer.py:136 | 关节指令下发失败：关节 1 指令加速度 5501°/s² 超过上限 720°/s²
2026-08-07 15:38:57,274 ERROR   robot.realtime.motion_streamer [robot-motion-streamer] motion_streamer.py:136 | 关节指令下发失败：关节 1 指令速度 803.5°/s 超过上限 180.0°/s
2026-08-07 15:38:57,277 ERROR   robot.realtime.motion_streamer [robot-motion-streamer] motion_streamer.py:136 | 关节指令下发失败：关节 1 指令加速度 9928°/s² 超过上限 720°/s²
2026-08-07 15:38:57,282 ERROR   robot.realtime.motion_streamer [robot-motion-streamer] motion_streamer.py:136 | 关节指令下发失败：关节 1 指令加速度 1691°/s² 超过上限 720°/s²
2026-08-07 15:38:57,292 ERROR   robot.realtime.motion_streamer [robot-motion-streamer] motion_streamer.py:136 | 关节指令下发失败：关节 1 指令加速度 1537°/s² 超过上限 720°/s²
2026-08-07 15:38:57,404 ERROR   robot.realtime.motion_streamer [robot-motion-streamer] motion_streamer.py:136 | 关节指令下发失败：关节 1 指令速度 1131.0°/s 超过上限 180.0°/s
2026-08-07 15:38:57,405 ERROR   robot.realtime.motion_streamer [robot-motion-streamer] motion_streamer.py:136 | 关节指令下发失败：关节 1 指令加速度 169629°/s² 超过上限 720°/s²
2026-08-07 15:38:57,407 ERROR   robot.realtime.motion_streamer [robot-motion-streamer] motion_streamer.py:136 | 关节指令下发失败：关节 1 指令加速度 22915°/s² 超过上限 720°/s²
2026-08-07 15:38:57,408 ERROR   robot.realtime.motion_streamer [robot-motion-streamer] motion_streamer.py:136 | 关节指令下发失败：关节 1 指令加速度 28450°/s² 超过上限 720°/s²
2026-08-07 15:38:57,413 ERROR   robot.realtime.motion_streamer [robot-motion-streamer] motion_streamer.py:136 | 关节指令下发失败：关节 1 指令加速度 5046°/s² 超过上限 720°/s²
2026-08-07 15:38:57,417 ERROR   robot.realtime.motion_streamer [robot-motion-streamer] motion_streamer.py:136 | 关节指令下发失败：关节 1 指令加速度 2349°/s² 超过上限 720°/s²
2026-08-07 15:38:57,422 ERROR   robot.realtime.motion_streamer [robot-motion-streamer] motion_streamer.py:136 | 关节指令下发失败：关节 1 指令加速度 1427°/s² 超过上限 720°/s²
2026-08-07 15:38:57,427 ERROR   robot.realtime.motion_streamer [robot-motion-streamer] motion_streamer.py:136 | 关节指令下发失败：关节 1 指令加速度 1011°/s² 超过上限 720°/s²
2026-08-07 15:38:57,438 ERROR   robot.realtime.motion_streamer [robot-motion-streamer] motion_streamer.py:136 | 关节指令下发失败：关节 1 指令加速度 1973°/s² 超过上限 720°/s²
2026-08-07 15:38:57,442 ERROR   robot.realtime.motion_streamer [robot-motion-streamer] motion_streamer.py:136 | 关节指令下发失败：关节 1 指令加速度 943°/s² 超过上限 720°/s²
2026-08-07 15:38:57,458 ERROR   robot.realtime.motion_streamer [robot-motion-streamer] motion_streamer.py:136 | 关节指令下发失败：关节 1 指令加速度 1151°/s² 超过上限 720°/s²
2026-08-07 15:38:57,473 ERROR   robot.realtime.motion_streamer [robot-motion-streamer] motion_streamer.py:136 | 关节指令下发失败：关节 1 指令加速度 1301°/s² 超过上限 720°/s²
2026-08-07 15:38:57,493 ERROR   robot.realtime.motion_streamer [robot-motion-streamer] motion_streamer.py:136 | 关节指令下发失败：关节 1 指令加速度 1247°/s² 超过上限 720°/s²
2026-08-07 15:38:57,503 ERROR   robot.realtime.motion_streamer [robot-motion-streamer] motion_streamer.py:136 | 关节指令下发失败：关节 1 指令加速度 884°/s² 超过上限 720°/s²
2026-08-07 15:38:57,543 ERROR   robot.realtime.motion_streamer [robot-motion-streamer] motion_streamer.py:136 | 关节指令下发失败：关节 1 指令加速度 1517°/s² 超过上限 720°/s²
2026-08-07 15:38:57,553 ERROR   robot.realtime.motion_streamer [robot-motion-streamer] motion_streamer.py:136 | 关节指令下发失败：关节 1 指令加速度 2302°/s² 超过上限 720°/s²
2026-08-07 15:38:57,572 ERROR   robot.realtime.motion_streamer [robot-motion-streamer] motion_streamer.py:136 | 关节指令下发失败：关节 1 指令加速度 1437°/s² 超过上限 720°/s²
2026-08-07 15:38:57,613 ERROR   robot.realtime.motion_streamer [robot-motion-streamer] motion_streamer.py:136 | 关节指令下发失败：关节 1 指令加速度 1400°/s² 超过上限 720°/s²
2026-08-07 15:38:57,728 ERROR   robot.realtime.motion_streamer [robot-motion-streamer] motion_streamer.py:136 | 关节指令下发失败：关节 1 指令加速度 1370°/s² 超过上限 720°/s²
2026-08-07 15:38:57,753 ERROR   robot.realtime.motion_streamer [robot-motion-streamer] motion_streamer.py:136 | 关节指令下发失败：关节 1 指令加速度 3687°/s² 超过上限 720°/s²
2026-08-07 15:38:57,758 ERROR   robot.realtime.motion_streamer [robot-motion-streamer] motion_streamer.py:136 | 关节指令下发失败：关节 1 指令加速度 886°/s² 超过上限 720°/s²
2026-08-07 15:38:57,809 ERROR   robot.realtime.motion_streamer [robot-motion-streamer] motion_streamer.py:136 | 关节指令下发失败：关节 1 指令速度 769.4°/s 超过上限 180.0°/s
2026-08-07 15:38:57,814 ERROR   robot.realtime.motion_streamer [robot-motion-streamer] motion_streamer.py:136 | 关节指令下发失败：关节 1 指令加速度 5394°/s² 超过上限 720°/s²
2026-08-07 15:38:57,819 ERROR   robot.realtime.motion_streamer [robot-motion-streamer] motion_streamer.py:136 | 关节指令下发失败：关节 1 指令加速度 1548°/s² 超过上限 720°/s²
2026-08-07 15:38:57,824 ERROR   robot.realtime.motion_streamer [robot-motion-streamer] motion_streamer.py:136 | 关节指令下发失败：关节 1 指令加速度 930°/s² 超过上限 720°/s²
2026-08-07 15:38:57,865 ERROR   robot.realtime.motion_streamer [robot-motion-streamer] motion_streamer.py:136 | 关节指令下发失败：关节 1 指令速度 953.1°/s 超过上限 180.0°/s
2026-08-07 15:38:57,865 ERROR   robot.realtime.motion_streamer [robot-motion-streamer] motion_streamer.py:136 | 关节指令下发失败：关节 1 指令速度 311.4°/s 超过上限 180.0°/s
2026-08-07 15:38:57,868 ERROR   robot.realtime.motion_streamer [robot-motion-streamer] motion_streamer.py:136 | 关节指令下发失败：关节 1 指令加速度 16548°/s² 超过上限 720°/s²
2026-08-07 15:38:57,873 ERROR   robot.realtime.motion_streamer [robot-motion-streamer] motion_streamer.py:136 | 关节指令下发失败：关节 1 指令加速度 3516°/s² 超过上限 720°/s²
2026-08-07 15:38:57,878 ERROR   robot.realtime.motion_streamer [robot-motion-streamer] motion_streamer.py:136 | 关节指令下发失败：关节 1 指令加速度 1881°/s² 超过上限 720°/s²
2026-08-07 15:38:57,883 ERROR   robot.realtime.motion_streamer [robot-motion-streamer] motion_streamer.py:136 | 关节指令下发失败：关节 1 指令加速度 1138°/s² 超过上限 720°/s²
2026-08-07 15:38:57,893 ERROR   robot.realtime.motion_streamer [robot-motion-streamer] motion_streamer.py:136 | 关节指令下发失败：关节 1 指令加速度 1660°/s² 超过上限 720°/s²
2026-08-07 15:38:57,989 ERROR   robot.realtime.motion_streamer [robot-motion-streamer] motion_streamer.py:136 | 关节指令下发失败：关节 1 指令加速度 1027°/s² 超过上限 720°/s²
2026-08-07 15:38:58,058 ERROR   robot.realtime.motion_streamer [robot-motion-streamer] motion_streamer.py:136 | 关节指令下发失败：关节 1 指令加速度 963°/s² 超过上限 720°/s²
2026-08-07 15:38:58,077 ERROR   robot.realtime.motion_streamer [robot-motion-streamer] motion_streamer.py:136 | 关节指令下发失败：关节 1 指令加速度 1417°/s² 超过上限 720°/s²
2026-08-07 15:38:58,118 ERROR   robot.realtime.motion_streamer [robot-motion-streamer] motion_streamer.py:136 | 关节指令下发失败：关节 1 指令加速度 1122°/s² 超过上限 720°/s²
2026-08-07 15:38:58,148 ERROR   robot.realtime.motion_streamer [robot-motion-streamer] motion_streamer.py:136 | 关节指令下发失败：关节 1 指令加速度 1020°/s² 超过上限 720°/s²
2026-08-07 15:38:58,148 ERROR   robot.realtime.motion_streamer [robot-motion-streamer] motion_streamer.py:136 | 关节指令下发失败：关节 1 指令加速度 3376°/s² 超过上限 720°/s²
2026-08-07 15:38:58,152 ERROR   robot.realtime.motion_streamer [robot-motion-streamer] motion_streamer.py:136 | 关节指令下发失败：关节 1 指令加速度 1352°/s² 超过上限 720°/s²
2026-08-07 15:38:58,162 ERROR   robot.realtime.motion_streamer [robot-motion-streamer] motion_streamer.py:136 | 关节指令下发失败：关节 1 指令加速度 1139°/s² 超过上限 720°/s²
2026-08-07 15:38:58,253 ERROR   robot.realtime.motion_streamer [robot-motion-streamer] motion_streamer.py:136 | 关节指令下发失败：关节 1 指令加速度 1096°/s² 超过上限 720°/s²
2026-08-07 15:38:58,274 ERROR   robot.realtime.motion_streamer [robot-motion-streamer] motion_streamer.py:136 | 关节指令下发失败：关节 1 指令加速度 1379°/s² 超过上限 720°/s²
2026-08-07 15:38:58,324 ERROR   robot.realtime.motion_streamer [robot-motion-streamer] motion_streamer.py:136 | 关节指令下发失败：关节 1 指令加速度 1997°/s² 超过上限 720°/s²
2026-08-07 15:38:58,335 ERROR   robot.realtime.motion_streamer [robot-motion-streamer] motion_streamer.py:136 | 关节指令下发失败：关节 1 指令加速度 1102°/s² 超过上限 720°/s²
2026-08-07 15:38:58,348 ERROR   robot.realtime.motion_streamer [robot-motion-streamer] motion_streamer.py:136 | 关节指令下发失败：关节 1 指令加速度 1505°/s² 超过上限 720°/s²
2026-08-07 15:38:58,368 ERROR   robot.realtime.motion_streamer [robot-motion-streamer] motion_streamer.py:136 | 关节指令下发失败：关节 1 指令加速度 1071°/s² 超过上限 720°/s²
2026-08-07 15:38:58,408 ERROR   robot.realtime.motion_streamer [robot-motion-streamer] motion_streamer.py:136 | 关节指令下发失败：关节 1 指令加速度 3459°/s² 超过上限 720°/s²
2026-08-07 15:38:58,428 ERROR   robot.realtime.motion_streamer [robot-motion-streamer] motion_streamer.py:136 | 关节指令下发失败：关节 1 指令加速度 1016°/s² 超过上限 720°/s²
2026-08-07 15:38:58,448 ERROR   robot.realtime.motion_streamer [robot-motion-streamer] motion_streamer.py:136 | 关节指令下发失败：关节 1 指令加速度 1284°/s² 超过上限 720°/s²
2026-08-07 15:38:58,468 ERROR   robot.realtime.motion_streamer [robot-motion-streamer] motion_streamer.py:136 | 关节指令下发失败：关节 1 指令加速度 1511°/s² 超过上限 720°/s²
2026-08-07 15:38:58,488 ERROR   robot.realtime.motion_streamer [robot-motion-streamer] motion_streamer.py:136 | 关节指令下发失败：关节 1 指令加速度 1083°/s² 超过上限 720°/s²
2026-08-07 15:38:58,628 ERROR   robot.realtime.motion_streamer [robot-motion-streamer] motion_streamer.py:136 | 关节指令下发失败：关节 1 指令加速度 62997°/s² 超过上限 720°/s²
2026-08-07 15:38:58,633 ERROR   robot.realtime.motion_streamer [robot-motion-streamer] motion_streamer.py:136 | 关节指令下发失败：关节 1 指令加速度 2496°/s² 超过上限 720°/s²
2026-08-07 15:38:58,638 ERROR   robot.realtime.motion_streamer [robot-motion-streamer] motion_streamer.py:136 | 关节指令下发失败：关节 1 指令加速度 1054°/s² 超过上限 720°/s²
2026-08-07 15:38:58,648 ERROR   robot.realtime.motion_streamer [robot-motion-streamer] motion_streamer.py:136 | 关节指令下发失败：关节 1 指令加速度 951°/s² 超过上限 720°/s²
2026-08-07 15:38:58,724 ERROR   robot.realtime.motion_streamer [robot-motion-streamer] motion_streamer.py:136 | 关节指令下发失败：关节 1 指令加速度 1927°/s² 超过上限 720°/s²
2026-08-07 15:38:58,833 ERROR   robot.realtime.motion_streamer [robot-motion-streamer] motion_streamer.py:136 | 关节指令下发失败：关节 1 指令加速度 1171°/s² 超过上限 720°/s²
2026-08-07 15:38:58,979 ERROR   robot.realtime.motion_streamer [robot-motion-streamer] motion_streamer.py:136 | 关节指令下发失败：关节 1 指令速度 525.0°/s 超过上限 180.0°/s
2026-08-07 15:38:58,983 ERROR   robot.realtime.motion_streamer [robot-motion-streamer] motion_streamer.py:136 | 关节指令下发失败：关节 1 指令加速度 7314°/s² 超过上限 720°/s²
2026-08-07 15:38:58,988 ERROR   robot.realtime.motion_streamer [robot-motion-streamer] motion_streamer.py:136 | 关节指令下发失败：关节 1 指令加速度 2055°/s² 超过上限 720°/s²
2026-08-07 15:38:58,993 ERROR   robot.realtime.motion_streamer [robot-motion-streamer] motion_streamer.py:136 | 关节指令下发失败：关节 1 指令加速度 1041°/s² 超过上限 720°/s²
2026-08-07 15:38:59,003 ERROR   robot.realtime.motion_streamer [robot-motion-streamer] motion_streamer.py:136 | 关节指令下发失败：关节 1 指令加速度 1092°/s² 超过上限 720°/s²
2026-08-07 15:38:59,082 ERROR   robot.realtime.motion_streamer [robot-motion-streamer] motion_streamer.py:136 | 关节指令下发失败：关节 1 指令加速度 2118°/s² 超过上限 720°/s²
2026-08-07 15:38:59,098 ERROR   robot.realtime.motion_streamer [robot-motion-streamer] motion_streamer.py:136 | 关节指令下发失败：关节 1 指令速度 665.2°/s 超过上限 180.0°/s
2026-08-07 15:38:59,103 ERROR   robot.realtime.motion_streamer [robot-motion-streamer] motion_streamer.py:136 | 关节指令下发失败：关节 1 指令加速度 4279°/s² 超过上限 720°/s²
2026-08-07 15:38:59,108 ERROR   robot.realtime.motion_streamer [robot-motion-streamer] motion_streamer.py:136 | 关节指令下发失败：关节 1 指令加速度 1554°/s² 超过上限 720°/s²
2026-08-07 15:38:59,138 ERROR   robot.realtime.motion_streamer [robot-motion-streamer] motion_streamer.py:136 | 关节指令下发失败：关节 1 指令加速度 1071°/s² 超过上限 720°/s²
2026-08-07 15:38:59,158 ERROR   robot.realtime.motion_streamer [robot-motion-streamer] motion_streamer.py:136 | 关节指令下发失败：关节 1 指令加速度 991°/s² 超过上限 720°/s²
2026-08-07 15:38:59,175 ERROR   robot.realtime.motion_streamer [robot-motion-streamer] motion_streamer.py:136 | 关节指令下发失败：关节 1 指令速度 789.1°/s 超过上限 180.0°/s
2026-08-07 15:38:59,179 ERROR   robot.realtime.motion_streamer [robot-motion-streamer] motion_streamer.py:136 | 关节指令下发失败：关节 1 指令加速度 5705°/s² 超过上限 720°/s²
2026-08-07 15:38:59,183 ERROR   robot.realtime.motion_streamer [robot-motion-streamer] motion_streamer.py:136 | 关节指令下发失败：关节 1 指令加速度 2716°/s² 超过上限 720°/s²
2026-08-07 15:38:59,188 ERROR   robot.realtime.motion_streamer [robot-motion-streamer] motion_streamer.py:136 | 关节指令下发失败：关节 1 指令加速度 1232°/s² 超过上限 720°/s²
2026-08-07 15:38:59,199 ERROR   robot.realtime.motion_streamer [robot-motion-streamer] motion_streamer.py:136 | 关节指令下发失败：关节 1 指令加速度 1364°/s² 超过上限 720°/s²
2026-08-07 15:38:59,262 ERROR   robot.realtime.motion_streamer [robot-motion-streamer] motion_streamer.py:136 | 关节指令下发失败：关节 1 指令加速度 1049°/s² 超过上限 720°/s²
2026-08-07 15:38:59,354 ERROR   robot.realtime.motion_streamer [robot-motion-streamer] motion_streamer.py:136 | 关节指令下发失败：关节 1 指令加速度 4908°/s² 超过上限 720°/s²
2026-08-07 15:38:59,359 ERROR   robot.realtime.motion_streamer [robot-motion-streamer] motion_streamer.py:136 | 关节指令下发失败：关节 1 指令加速度 1042°/s² 超过上限 720°/s²
2026-08-07 15:38:59,623 ERROR   robot.realtime.motion_streamer [robot-motion-streamer] motion_streamer.py:136 | 关节指令下发失败：关节 1 指令加速度 2843°/s² 超过上限 720°/s²
2026-08-07 15:38:59,718 ERROR   robot.realtime.motion_streamer [robot-motion-streamer] motion_streamer.py:136 | 关节指令下发失败：关节 1 指令加速度 2866°/s² 超过上限 720°/s²
2026-08-07 15:38:59,824 ERROR   robot.realtime.motion_streamer [robot-motion-streamer] motion_streamer.py:136 | 关节指令下发失败：关节 1 指令加速度 1436°/s² 超过上限 720°/s²
2026-08-07 15:38:59,940 ERROR   robot.realtime.motion_streamer [robot-motion-streamer] motion_streamer.py:136 | 关节指令下发失败：关节 1 指令加速度 534918°/s² 超过上限 720°/s²
2026-08-07 15:38:59,943 ERROR   robot.realtime.motion_streamer [robot-motion-streamer] motion_streamer.py:136 | 关节指令下发失败：关节 1 指令加速度 7259°/s² 超过上限 720°/s²
2026-08-07 15:38:59,948 ERROR   robot.realtime.motion_streamer [robot-motion-streamer] motion_streamer.py:136 | 关节指令下发失败：关节 1 指令加速度 2251°/s² 超过上限 720°/s²
2026-08-07 15:38:59,953 ERROR   robot.realtime.motion_streamer [robot-motion-streamer] motion_streamer.py:136 | 关节指令下发失败：关节 1 指令加速度 1073°/s² 超过上限 720°/s²
2026-08-07 15:38:59,963 ERROR   robot.realtime.motion_streamer [robot-motion-streamer] motion_streamer.py:136 | 关节指令下发失败：关节 1 指令加速度 1255°/s² 超过上限 720°/s²
2026-08-07 15:39:00,028 ERROR   robot.realtime.motion_streamer [robot-motion-streamer] motion_streamer.py:136 | 关节指令下发失败：关节 1 指令加速度 1544°/s² 超过上限 720°/s²
2026-08-07 15:39:00,068 ERROR   robot.realtime.motion_streamer [robot-motion-streamer] motion_streamer.py:136 | 关节指令下发失败：关节 1 指令加速度 1062°/s² 超过上限 720°/s²
2026-08-07 15:39:00,088 ERROR   robot.realtime.motion_streamer [robot-motion-streamer] motion_streamer.py:136 | 关节指令下发失败：关节 1 指令加速度 1031°/s² 超过上限 720°/s²
2026-08-07 15:39:00,118 ERROR   robot.realtime.motion_streamer [robot-motion-streamer] motion_streamer.py:136 | 关节指令下发失败：关节 1 指令加速度 1159°/s² 超过上限 720°/s²
2026-08-07 15:39:00,135 ERROR   robot.realtime.motion_streamer [robot-motion-streamer] motion_streamer.py:136 | 关节指令下发失败：关节 1 指令加速度 238452°/s² 超过上限 720°/s²
2026-08-07 15:39:00,143 ERROR   robot.realtime.motion_streamer [robot-motion-streamer] motion_streamer.py:136 | 关节指令下发失败：关节 1 指令加速度 1056°/s² 超过上限 720°/s²
2026-08-07 15:39:00,144 ERROR   robot.realtime.motion_streamer [robot-motion-streamer] motion_streamer.py:136 | 关节指令下发失败：关节 1 指令加速度 1872°/s² 超过上限 720°/s²
2026-08-07 15:39:00,148 ERROR   robot.realtime.motion_streamer [robot-motion-streamer] motion_streamer.py:136 | 关节指令下发失败：关节 1 指令加速度 1034°/s² 超过上限 720°/s²
2026-08-07 15:39:00,195 ERROR   robot.realtime.motion_streamer [robot-motion-streamer] motion_streamer.py:136 | 关节指令下发失败：关节 1 指令速度 949.7°/s 超过上限 180.0°/s
2026-08-07 15:39:00,198 ERROR   robot.realtime.motion_streamer [robot-motion-streamer] motion_streamer.py:136 | 关节指令下发失败：关节 1 指令加速度 15015°/s² 超过上限 720°/s²
2026-08-07 15:39:00,199 ERROR   robot.realtime.motion_streamer [robot-motion-streamer] motion_streamer.py:136 | 关节指令下发失败：关节 1 指令加速度 19870°/s² 超过上限 720°/s²
2026-08-07 15:39:00,203 ERROR   robot.realtime.motion_streamer [robot-motion-streamer] motion_streamer.py:136 | 关节指令下发失败：关节 1 指令加速度 4665°/s² 超过上限 720°/s²
2026-08-07 15:39:00,207 ERROR   robot.realtime.motion_streamer [robot-motion-streamer] motion_streamer.py:136 | 关节指令下发失败：关节 1 指令加速度 2163°/s² 超过上限 720°/s²
2026-08-07 15:39:00,213 ERROR   robot.realtime.motion_streamer [robot-motion-streamer] motion_streamer.py:136 | 关节指令下发失败：关节 1 指令加速度 1236°/s² 超过上限 720°/s²
2026-08-07 15:39:00,223 ERROR   robot.realtime.motion_streamer [robot-motion-streamer] motion_streamer.py:136 | 关节指令下发失败：关节 1 指令加速度 1707°/s² 超过上限 720°/s²
2026-08-07 15:39:00,359 ERROR   robot.realtime.motion_streamer [robot-motion-streamer] motion_streamer.py:136 | 关节指令下发失败：关节 1 指令加速度 3868°/s² 超过上限 720°/s²
2026-08-07 15:39:00,360 ERROR   robot.realtime.motion_streamer [robot-motion-streamer] motion_streamer.py:136 | 关节指令下发失败：关节 1 指令加速度 6559°/s² 超过上限 720°/s²
2026-08-07 15:39:00,363 ERROR   robot.realtime.motion_streamer [robot-motion-streamer] motion_streamer.py:136 | 关节指令下发失败：关节 1 指令加速度 3076°/s² 超过上限 720°/s²
2026-08-07 15:39:00,368 ERROR   robot.realtime.motion_streamer [robot-motion-streamer] motion_streamer.py:136 | 关节指令下发失败：关节 1 指令加速度 1493°/s² 超过上限 720°/s²
2026-08-07 15:39:00,373 ERROR   robot.realtime.motion_streamer [robot-motion-streamer] motion_streamer.py:136 | 关节指令下发失败：关节 1 指令加速度 895°/s² 超过上限 720°/s²
2026-08-07 15:39:00,385 ERROR   robot.realtime.motion_streamer [robot-motion-streamer] motion_streamer.py:136 | 关节指令下发失败：关节 1 指令加速度 1464°/s² 超过上限 720°/s²
2026-08-07 15:39:00,395 ERROR   robot.realtime.motion_streamer [robot-motion-streamer] motion_streamer.py:136 | 关节指令下发失败：关节 1 指令加速度 299792°/s² 超过上限 720°/s²
2026-08-07 15:39:00,399 ERROR   robot.realtime.motion_streamer [robot-motion-streamer] motion_streamer.py:136 | 关节指令下发失败：关节 1 指令加速度 6606°/s² 超过上限 720°/s²
2026-08-07 15:39:00,403 ERROR   robot.realtime.motion_streamer [robot-motion-streamer] motion_streamer.py:136 | 关节指令下发失败：关节 1 指令加速度 2054°/s² 超过上限 720°/s²
2026-08-07 15:39:00,408 ERROR   robot.realtime.motion_streamer [robot-motion-streamer] motion_streamer.py:136 | 关节指令下发失败：关节 1 指令加速度 999°/s² 超过上限 720°/s²
2026-08-07 15:39:00,418 ERROR   robot.realtime.motion_streamer [robot-motion-streamer] motion_streamer.py:136 | 关节指令下发失败：关节 1 指令加速度 889°/s² 超过上限 720°/s²
2026-08-07 15:39:00,494 ERROR   robot.realtime.motion_streamer [robot-motion-streamer] motion_streamer.py:136 | 关节指令下发失败：关节 1 指令加速度 1512°/s² 超过上限 720°/s²
2026-08-07 15:39:00,523 ERROR   robot.realtime.motion_streamer [robot-motion-streamer] motion_streamer.py:136 | 关节指令下发失败：关节 1 指令加速度 928°/s² 超过上限 720°/s²
2026-08-07 15:39:00,523 ERROR   robot.realtime.motion_streamer [robot-motion-streamer] motion_streamer.py:136 | 关节指令下发失败：关节 1 指令速度 2014.5°/s 超过上限 180.0°/s
2026-08-07 15:39:00,527 ERROR   robot.realtime.motion_streamer [robot-motion-streamer] motion_streamer.py:136 | 关节指令下发失败：关节 1 指令加速度 7396°/s² 超过上限 720°/s²
2026-08-07 15:39:00,532 ERROR   robot.realtime.motion_streamer [robot-motion-streamer] motion_streamer.py:136 | 关节指令下发失败：关节 1 指令加速度 1682°/s² 超过上限 720°/s²
2026-08-07 15:39:00,544 ERROR   robot.realtime.motion_streamer [robot-motion-streamer] motion_streamer.py:136 | 关节指令下发失败：关节 1 指令加速度 1373°/s² 超过上限 720°/s²
2026-08-07 15:39:00,575 ERROR   robot.realtime.motion_streamer [robot-motion-streamer] motion_streamer.py:136 | 关节指令下发失败：关节 1 指令速度 832.6°/s 超过上限 180.0°/s
2026-08-07 15:39:00,579 ERROR   robot.realtime.motion_streamer [robot-motion-streamer] motion_streamer.py:136 | 关节指令下发失败：关节 1 指令加速度 7217°/s² 超过上限 720°/s²
2026-08-07 15:39:00,583 ERROR   robot.realtime.motion_streamer [robot-motion-streamer] motion_streamer.py:136 | 关节指令下发失败：关节 1 指令加速度 2863°/s² 超过上限 720°/s²
2026-08-07 15:39:00,588 ERROR   robot.realtime.motion_streamer [robot-motion-streamer] motion_streamer.py:136 | 关节指令下发失败：关节 1 指令加速度 1192°/s² 超过上限 720°/s²
2026-08-07 15:39:00,599 ERROR   robot.realtime.motion_streamer [robot-motion-streamer] motion_streamer.py:136 | 关节指令下发失败：关节 1 指令加速度 1374°/s² 超过上限 720°/s²
2026-08-07 15:39:00,754 ERROR   robot.realtime.motion_streamer [robot-motion-streamer] motion_streamer.py:136 | 关节指令下发失败：关节 1 指令加速度 2004°/s² 超过上限 720°/s²
2026-08-07 15:39:00,758 ERROR   robot.realtime.motion_streamer [robot-motion-streamer] motion_streamer.py:136 | 关节指令下发失败：关节 1 指令加速度 1033°/s² 超过上限 720°/s²
2026-08-07 15:39:00,889 ERROR   robot.realtime.motion_streamer [robot-motion-streamer] motion_streamer.py:136 | 关节指令下发失败：关节 1 指令加速度 2049°/s² 超过上限 720°/s²
2026-08-07 15:39:00,893 ERROR   robot.realtime.motion_streamer [robot-motion-streamer] motion_streamer.py:136 | 关节指令下发失败：关节 1 指令加速度 1021°/s² 超过上限 720°/s²
2026-08-07 15:39:00,999 ERROR   robot.realtime.motion_streamer [robot-motion-streamer] motion_streamer.py:136 | 关节指令下发失败：关节 1 指令速度 1141.1°/s 超过上限 180.0°/s
2026-08-07 15:39:00,999 ERROR   robot.realtime.motion_streamer [robot-motion-streamer] motion_streamer.py:136 | 关节指令下发失败：关节 1 指令速度 303.3°/s 超过上限 180.0°/s
2026-08-07 15:39:00,999 ERROR   robot.realtime.motion_streamer [robot-motion-streamer] motion_streamer.py:136 | 关节指令下发失败：关节 1 指令速度 350.1°/s 超过上限 180.0°/s
2026-08-07 15:39:01,002 ERROR   robot.realtime.motion_streamer [robot-motion-streamer] motion_streamer.py:136 | 关节指令下发失败：关节 1 指令加速度 21920°/s² 超过上限 720°/s²
2026-08-07 15:39:01,008 ERROR   robot.realtime.motion_streamer [robot-motion-streamer] motion_streamer.py:136 | 关节指令下发失败：关节 1 指令加速度 4262°/s² 超过上限 720°/s²
2026-08-07 15:39:01,013 ERROR   robot.realtime.motion_streamer [robot-motion-streamer] motion_streamer.py:136 | 关节指令下发失败：关节 1 指令加速度 2028°/s² 超过上限 720°/s²
2026-08-07 15:39:01,018 ERROR   robot.realtime.motion_streamer [robot-motion-streamer] motion_streamer.py:136 | 关节指令下发失败：关节 1 指令加速度 1237°/s² 超过上限 720°/s²
2026-08-07 15:39:01,029 ERROR   robot.realtime.motion_streamer [robot-motion-streamer] motion_streamer.py:136 | 关节指令下发失败：关节 1 指令加速度 1867°/s² 超过上限 720°/s²
2026-08-07 15:39:01,034 ERROR   robot.realtime.motion_streamer [robot-motion-streamer] motion_streamer.py:136 | 关节指令下发失败：关节 1 指令加速度 934°/s² 超过上限 720°/s²
2026-08-07 15:39:01,058 ERROR   robot.realtime.motion_streamer [robot-motion-streamer] motion_streamer.py:136 | 关节指令下发失败：关节 1 指令加速度 1416°/s² 超过上限 720°/s²
2026-08-07 15:39:01,148 ERROR   robot.realtime.motion_streamer [robot-motion-streamer] motion_streamer.py:136 | 关节指令下发失败：关节 1 指令加速度 2565°/s² 超过上限 720°/s²
2026-08-07 15:39:01,178 ERROR   robot.realtime.motion_streamer [robot-motion-streamer] motion_streamer.py:136 | 关节指令下发失败：关节 1 指令加速度 5462°/s² 超过上限 720°/s²
2026-08-07 15:39:01,188 ERROR   robot.realtime.motion_streamer [robot-motion-streamer] motion_streamer.py:136 | 关节指令下发失败：关节 1 指令加速度 3335°/s² 超过上限 720°/s²
2026-08-07 15:39:01,207 ERROR   robot.realtime.motion_streamer [robot-motion-streamer] motion_streamer.py:136 | 关节指令下发失败：关节 1 指令加速度 990°/s² 超过上限 720°/s²
2026-08-07 15:39:01,227 ERROR   robot.realtime.motion_streamer [robot-motion-streamer] motion_streamer.py:136 | 关节指令下发失败：关节 1 指令加速度 1154°/s² 超过上限 720°/s²
2026-08-07 15:39:01,258 ERROR   robot.realtime.motion_streamer [robot-motion-streamer] motion_streamer.py:136 | 关节指令下发失败：关节 1 指令加速度 1559°/s² 超过上限 720°/s²
2026-08-07 15:39:01,274 ERROR   robot.realtime.motion_streamer [robot-motion-streamer] motion_streamer.py:136 | 关节指令下发失败：关节 1 指令加速度 2153°/s² 超过上限 720°/s²
2026-08-07 15:39:01,278 ERROR   robot.realtime.motion_streamer [robot-motion-streamer] motion_streamer.py:136 | 关节指令下发失败：关节 1 指令加速度 925°/s² 超过上限 720°/s²
2026-08-07 15:39:01,333 ERROR   robot.realtime.motion_streamer [robot-motion-streamer] motion_streamer.py:136 | 关节指令下发失败：关节 1 指令速度 1039.8°/s 超过上限 180.0°/s
2026-08-07 15:39:01,334 ERROR   robot.realtime.motion_streamer [robot-motion-streamer] motion_streamer.py:136 | 关节指令下发失败：关节 1 指令加速度 108865°/s² 超过上限 720°/s²
2026-08-07 15:39:01,338 ERROR   robot.realtime.motion_streamer [robot-motion-streamer] motion_streamer.py:136 | 关节指令下发失败：关节 1 指令加速度 8777°/s² 超过上限 720°/s²
2026-08-07 15:39:01,343 ERROR   robot.realtime.motion_streamer [robot-motion-streamer] motion_streamer.py:136 | 关节指令下发失败：关节 1 指令加速度 2584°/s² 超过上限 720°/s²
2026-08-07 15:39:01,349 ERROR   robot.realtime.motion_streamer [robot-motion-streamer] motion_streamer.py:136 | 关节指令下发失败：关节 1 指令加速度 1204°/s² 超过上限 720°/s²
2026-08-07 15:39:01,352 ERROR   robot.realtime.motion_streamer [robot-motion-streamer] motion_streamer.py:136 | 关节指令下发失败：关节 1 指令加速度 922°/s² 超过上限 720°/s²
2026-08-07 15:39:01,362 ERROR   robot.realtime.motion_streamer [robot-motion-streamer] motion_streamer.py:136 | 关节指令下发失败：关节 1 指令加速度 1266°/s² 超过上限 720°/s²
2026-08-07 15:39:01,694 ERROR   robot.realtime.motion_streamer [robot-motion-streamer] motion_streamer.py:136 | 关节指令下发失败：关节 1 指令加速度 955°/s² 超过上限 720°/s²
2026-08-07 15:39:01,738 ERROR   robot.realtime.motion_streamer [robot-motion-streamer] motion_streamer.py:136 | 关节指令下发失败：关节 1 指令加速度 1814°/s² 超过上限 720°/s²
2026-08-07 15:39:01,755 ERROR   robot.realtime.motion_streamer [robot-motion-streamer] motion_streamer.py:136 | 关节指令下发失败：关节 1 指令速度 1013.9°/s 超过上限 180.0°/s
2026-08-07 15:39:01,760 ERROR   robot.realtime.motion_streamer [robot-motion-streamer] motion_streamer.py:136 | 关节指令下发失败：关节 1 指令加速度 6605°/s² 超过上限 720°/s²
2026-08-07 15:39:01,763 ERROR   robot.realtime.motion_streamer [robot-motion-streamer] motion_streamer.py:136 | 关节指令下发失败：关节 1 指令加速度 3101°/s² 超过上限 720°/s²
2026-08-07 15:39:01,768 ERROR   robot.realtime.motion_streamer [robot-motion-streamer] motion_streamer.py:136 | 关节指令下发失败：关节 1 指令加速度 1360°/s² 超过上限 720°/s²
2026-08-07 15:39:01,778 ERROR   robot.realtime.motion_streamer [robot-motion-streamer] motion_streamer.py:136 | 关节指令下发失败：关节 1 指令加速度 1145°/s² 超过上限 720°/s²
2026-08-07 15:39:01,839 ERROR   robot.realtime.motion_streamer [robot-motion-streamer] motion_streamer.py:136 | 关节指令下发失败：关节 1 指令加速度 1019°/s² 超过上限 720°/s²
2026-08-07 15:39:01,934 ERROR   robot.realtime.motion_streamer [robot-motion-streamer] motion_streamer.py:136 | 关节指令下发失败：关节 1 指令速度 1777.0°/s 超过上限 180.0°/s
2026-08-07 15:39:01,938 ERROR   robot.realtime.motion_streamer [robot-motion-streamer] motion_streamer.py:136 | 关节指令下发失败：关节 1 指令加速度 7033°/s² 超过上限 720°/s²
2026-08-07 15:39:01,943 ERROR   robot.realtime.motion_streamer [robot-motion-streamer] motion_streamer.py:136 | 关节指令下发失败：关节 1 指令加速度 1906°/s² 超过上限 720°/s²
2026-08-07 15:39:01,948 ERROR   robot.realtime.motion_streamer [robot-motion-streamer] motion_streamer.py:136 | 关节指令下发失败：关节 1 指令加速度 1054°/s² 超过上限 720°/s²
2026-08-07 15:39:01,958 ERROR   robot.realtime.motion_streamer [robot-motion-streamer] motion_streamer.py:136 | 关节指令下发失败：关节 1 指令加速度 1073°/s² 超过上限 720°/s²
2026-08-07 15:39:01,974 ERROR   robot.realtime.motion_streamer [robot-motion-streamer] motion_streamer.py:136 | 关节指令下发失败：关节 1 指令加速度 1740°/s² 超过上限 720°/s²
2026-08-07 15:39:01,983 ERROR   robot.realtime.motion_streamer [robot-motion-streamer] motion_streamer.py:136 | 关节指令下发失败：关节 1 指令加速度 1123°/s² 超过上限 720°/s²
2026-08-07 15:39:01,993 ERROR   robot.realtime.motion_streamer [robot-motion-streamer] motion_streamer.py:136 | 关节指令下发失败：关节 1 指令加速度 1206°/s² 超过上限 720°/s²
2026-08-07 15:39:02,009 ERROR   robot.realtime.motion_streamer [robot-motion-streamer] motion_streamer.py:136 | 关节指令下发失败：关节 1 指令加速度 405723°/s² 超过上限 720°/s²
2026-08-07 15:39:02,013 ERROR   robot.realtime.motion_streamer [robot-motion-streamer] motion_streamer.py:136 | 关节指令下发失败：关节 1 指令加速度 7099°/s² 超过上限 720°/s²
2026-08-07 15:39:02,018 ERROR   robot.realtime.motion_streamer [robot-motion-streamer] motion_streamer.py:136 | 关节指令下发失败：关节 1 指令加速度 1918°/s² 超过上限 720°/s²
2026-08-07 15:39:02,023 ERROR   robot.realtime.motion_streamer [robot-motion-streamer] motion_streamer.py:136 | 关节指令下发失败：关节 1 指令加速度 910°/s² 超过上限 720°/s²
2026-08-07 15:39:02,033 ERROR   robot.realtime.motion_streamer [robot-motion-streamer] motion_streamer.py:136 | 关节指令下发失败：关节 1 指令加速度 994°/s² 超过上限 720°/s²
2026-08-07 15:39:02,107 ERROR   robot.realtime.motion_streamer [robot-motion-streamer] motion_streamer.py:136 | 关节指令下发失败：关节 1 指令加速度 1807°/s² 超过上限 720°/s²
2026-08-07 15:39:02,127 ERROR   robot.realtime.motion_streamer [robot-motion-streamer] motion_streamer.py:136 | 关节指令下发失败：关节 1 指令加速度 1477°/s² 超过上限 720°/s²
2026-08-07 15:39:02,159 ERROR   robot.realtime.motion_streamer [robot-motion-streamer] motion_streamer.py:136 | 关节指令下发失败：关节 1 指令加速度 1922°/s² 超过上限 720°/s²
2026-08-07 15:39:02,168 ERROR   robot.realtime.motion_streamer [robot-motion-streamer] motion_streamer.py:136 | 关节指令下发失败：关节 1 指令速度 709.2°/s 超过上限 180.0°/s
2026-08-07 15:39:02,173 ERROR   robot.realtime.motion_streamer [robot-motion-streamer] motion_streamer.py:136 | 关节指令下发失败：关节 1 指令加速度 4591°/s² 超过上限 720°/s²
2026-08-07 15:39:02,178 ERROR   robot.realtime.motion_streamer [robot-motion-streamer] motion_streamer.py:136 | 关节指令下发失败：关节 1 指令加速度 1281°/s² 超过上限 720°/s²
2026-08-07 15:39:02,188 ERROR   robot.realtime.motion_streamer [robot-motion-streamer] motion_streamer.py:136 | 关节指令下发失败：关节 1 指令加速度 1160°/s² 超过上限 720°/s²
2026-08-07 15:39:02,239 ERROR   robot.realtime.motion_streamer [robot-motion-streamer] motion_streamer.py:136 | 关节指令下发失败：关节 1 指令速度 985.6°/s 超过上限 180.0°/s
2026-08-07 15:39:02,243 ERROR   robot.realtime.motion_streamer [robot-motion-streamer] motion_streamer.py:136 | 关节指令下发失败：关节 1 指令加速度 8585°/s² 超过上限 720°/s²
2026-08-07 15:39:02,248 ERROR   robot.realtime.motion_streamer [robot-motion-streamer] motion_streamer.py:136 | 关节指令下发失败：关节 1 指令加速度 1629°/s² 超过上限 720°/s²
2026-08-07 15:39:02,258 ERROR   robot.realtime.motion_streamer [robot-motion-streamer] motion_streamer.py:136 | 关节指令下发失败：关节 1 指令加速度 1378°/s² 超过上限 720°/s²
2026-08-07 15:39:02,355 ERROR   robot.realtime.motion_streamer [robot-motion-streamer] motion_streamer.py:136 | 关节指令下发失败：关节 1 指令加速度 889°/s² 超过上限 720°/s²
2026-08-07 15:39:02,360 ERROR   robot.realtime.motion_streamer [robot-motion-streamer] motion_streamer.py:136 | 关节指令下发失败：关节 1 指令加速度 1277°/s² 超过上限 720°/s²
2026-08-07 15:39:02,372 ERROR   robot.realtime.motion_streamer [robot-motion-streamer] motion_streamer.py:136 | 关节指令下发失败：关节 1 指令速度 609.5°/s 超过上限 180.0°/s
2026-08-07 15:39:02,375 ERROR   robot.realtime.motion_streamer [robot-motion-streamer] motion_streamer.py:136 | 关节指令下发失败：关节 1 指令加速度 8911°/s² 超过上限 720°/s²
2026-08-07 15:39:02,377 ERROR   robot.realtime.motion_streamer [robot-motion-streamer] motion_streamer.py:136 | 关节指令下发失败：关节 1 指令加速度 4731°/s² 超过上限 720°/s²
2026-08-07 15:39:02,383 ERROR   robot.realtime.motion_streamer [robot-motion-streamer] motion_streamer.py:136 | 关节指令下发失败：关节 1 指令加速度 1524°/s² 超过上限 720°/s²
2026-08-07 15:39:02,394 ERROR   robot.realtime.motion_streamer [robot-motion-streamer] motion_streamer.py:136 | 关节指令下发失败：关节 1 指令加速度 1738°/s² 超过上限 720°/s²
2026-08-07 15:39:02,525 ERROR   robot.realtime.motion_streamer [robot-motion-streamer] motion_streamer.py:136 | 关节指令下发失败：关节 1 指令加速度 1170°/s² 超过上限 720°/s²
2026-08-07 15:39:02,562 ERROR   robot.realtime.motion_streamer [robot-motion-streamer] motion_streamer.py:136 | 关节指令下发失败：关节 1 指令加速度 1769°/s² 超过上限 720°/s²
2026-08-07 15:39:02,592 ERROR   robot.realtime.motion_streamer [robot-motion-streamer] motion_streamer.py:136 | 关节指令下发失败：关节 1 指令加速度 2874°/s² 超过上限 720°/s²
2026-08-07 15:39:02,608 ERROR   robot.realtime.motion_streamer [robot-motion-streamer] motion_streamer.py:136 | 关节指令下发失败：关节 1 指令加速度 1432°/s² 超过上限 720°/s²
2026-08-07 15:39:02,623 ERROR   robot.realtime.motion_streamer [robot-motion-streamer] motion_streamer.py:136 | 关节指令下发失败：关节 1 指令加速度 2270°/s² 超过上限 720°/s²
2026-08-07 15:39:02,708 ERROR   robot.realtime.motion_streamer [robot-motion-streamer] motion_streamer.py:136 | 关节指令下发失败：关节 1 指令加速度 2055°/s² 超过上限 720°/s²
2026-08-07 15:39:02,755 ERROR   robot.realtime.motion_streamer [robot-motion-streamer] motion_streamer.py:136 | 关节指令下发失败：关节 1 指令加速度 471440°/s² 超过上限 720°/s²
2026-08-07 15:39:02,759 ERROR   robot.realtime.motion_streamer [robot-motion-streamer] motion_streamer.py:136 | 关节指令下发失败：关节 1 指令加速度 6649°/s² 超过上限 720°/s²
2026-08-07 15:39:02,763 ERROR   robot.realtime.motion_streamer [robot-motion-streamer] motion_streamer.py:136 | 关节指令下发失败：关节 1 指令加速度 2230°/s² 超过上限 720°/s²
2026-08-07 15:39:02,768 ERROR   robot.realtime.motion_streamer [robot-motion-streamer] motion_streamer.py:136 | 关节指令下发失败：关节 1 指令加速度 1131°/s² 超过上限 720°/s²
2026-08-07 15:39:02,778 ERROR   robot.realtime.motion_streamer [robot-motion-streamer] motion_streamer.py:136 | 关节指令下发失败：关节 1 指令加速度 1109°/s² 超过上限 720°/s²
2026-08-07 15:39:02,809 ERROR   robot.realtime.motion_streamer [robot-motion-streamer] motion_streamer.py:136 | 关节指令下发失败：关节 1 指令加速度 1635°/s² 超过上限 720°/s²
2026-08-07 15:39:02,818 ERROR   robot.realtime.motion_streamer [robot-motion-streamer] motion_streamer.py:136 | 关节指令下发失败：关节 1 指令加速度 946°/s² 超过上限 720°/s²
2026-08-07 15:39:02,871 WARNING robot.realtime.clock [robot-continuous-jog] clock.py:103 | jog-joint 循环滞后 5.3 ms（超过一个控制周期 5.0 ms）
2026-08-07 15:39:02,876 WARNING robot.realtime.clock [robot-continuous-jog] clock.py:103 | jog-joint 循环滞后 5.4 ms（超过一个控制周期 5.0 ms）
2026-08-07 15:39:02,876 ERROR   robot.realtime.motion_streamer [robot-motion-streamer] motion_streamer.py:136 | 关节指令下发失败：关节 1 指令加速度 1796°/s² 超过上限 720°/s²
2026-08-07 15:39:02,881 WARNING robot.realtime.clock [robot-continuous-jog] clock.py:103 | jog-joint 循环滞后 5.6 ms（超过一个控制周期 5.0 ms）
2026-08-07 15:39:02,888 WARNING robot.realtime.clock [robot-continuous-jog] clock.py:103 | jog-joint 循环滞后 7.5 ms（超过一个控制周期 5.0 ms）
2026-08-07 15:39:02,895 WARNING robot.realtime.clock [robot-continuous-jog] clock.py:103 | jog-joint 循环滞后 9.4 ms（超过一个控制周期 5.0 ms）
2026-08-07 15:39:02,900 WARNING robot.realtime.clock [robot-continuous-jog] clock.py:103 | jog-joint 循环滞后 9.9 ms（超过一个控制周期 5.0 ms）
2026-08-07 15:39:02,912 WARNING robot.realtime.clock [robot-continuous-jog] clock.py:103 | jog-joint 循环滞后 16.3 ms（超过一个控制周期 5.0 ms）
2026-08-07 15:39:02,917 WARNING robot.realtime.clock [robot-continuous-jog] clock.py:103 | jog-joint 循环滞后 16.5 ms（超过一个控制周期 5.0 ms）
2026-08-07 15:39:02,917 ERROR   robot.realtime.motion_streamer [robot-motion-streamer] motion_streamer.py:136 | 关节指令下发失败：关节 1 指令加速度 1404°/s² 超过上限 720°/s²
2026-08-07 15:39:02,937 WARNING robot.realtime.clock [robot-continuous-jog] clock.py:103 | jog-joint 循环滞后 31.9 ms（超过一个控制周期 5.0 ms）
2026-08-07 15:39:02,946 WARNING robot.realtime.clock [robot-continuous-jog] clock.py:103 | jog-joint 循环滞后 36.1 ms（超过一个控制周期 5.0 ms）
2026-08-07 15:39:02,952 WARNING robot.realtime.clock [robot-continuous-jog] clock.py:103 | jog-joint 循环滞后 37.3 ms（超过一个控制周期 5.0 ms）
2026-08-07 15:39:02,957 WARNING robot.realtime.clock [robot-continuous-jog] clock.py:103 | jog-joint 循环滞后 36.7 ms（超过一个控制周期 5.0 ms）
2026-08-07 15:39:02,957 ERROR   robot.realtime.motion_streamer [robot-motion-streamer] motion_streamer.py:136 | 关节指令下发失败：关节 1 指令加速度 1063°/s² 超过上限 720°/s²
2026-08-07 15:39:02,962 WARNING robot.realtime.clock [robot-continuous-jog] clock.py:103 | jog-joint 循环滞后 37.1 ms（超过一个控制周期 5.0 ms）
2026-08-07 15:39:02,982 WARNING robot.realtime.clock [robot-continuous-jog] clock.py:103 | jog-joint 循环滞后 51.9 ms（超过一个控制周期 5.0 ms）
2026-08-07 15:39:02,988 WARNING robot.realtime.clock [robot-continuous-jog] clock.py:103 | jog-joint 循环滞后 52.4 ms（超过一个控制周期 5.0 ms）
2026-08-07 15:39:02,988 ERROR   robot.realtime.motion_streamer [robot-motion-streamer] motion_streamer.py:136 | 关节指令下发失败：关节 1 指令加速度 1897°/s² 超过上限 720°/s²
2026-08-07 15:39:02,994 WARNING robot.realtime.clock [robot-continuous-jog] clock.py:103 | jog-joint 循环滞后 53.9 ms（超过一个控制周期 5.0 ms）
2026-08-07 15:39:03,001 WARNING robot.realtime.clock [robot-continuous-jog] clock.py:103 | jog-joint 循环滞后 56.1 ms（超过一个控制周期 5.0 ms）
2026-08-07 15:39:03,007 WARNING robot.realtime.clock [robot-continuous-jog] clock.py:103 | jog-joint 循环滞后 56.4 ms（超过一个控制周期 5.0 ms）
2026-08-07 15:39:03,011 WARNING robot.realtime.clock [robot-continuous-jog] clock.py:103 | jog-joint 循环滞后 56.2 ms（超过一个控制周期 5.0 ms）
2026-08-07 15:39:03,018 WARNING robot.realtime.clock [robot-continuous-jog] clock.py:103 | jog-joint 循环滞后 57.5 ms（超过一个控制周期 5.0 ms）
2026-08-07 15:39:03,025 WARNING robot.realtime.clock [robot-continuous-jog] clock.py:103 | jog-joint 循环滞后 59.8 ms（超过一个控制周期 5.0 ms）
2026-08-07 15:39:03,029 WARNING robot.realtime.clock [robot-continuous-jog] clock.py:103 | jog-joint 循环滞后 59.2 ms（超过一个控制周期 5.0 ms）
2026-08-07 15:39:03,030 ERROR   robot.realtime.motion_streamer [robot-motion-streamer] motion_streamer.py:136 | 关节指令下发失败：关节 1 指令加速度 1581°/s² 超过上限 720°/s²
2026-08-07 15:39:03,032 WARNING robot.realtime.clock [robot-continuous-jog] clock.py:103 | jog-joint 循环滞后 57.2 ms（超过一个控制周期 5.0 ms）
2026-08-07 15:39:03,033 ERROR   robot.realtime.motion_streamer [robot-motion-streamer] motion_streamer.py:136 | 关节指令下发失败：关节 1 指令加速度 1043°/s² 超过上限 720°/s²
2026-08-07 15:39:03,035 WARNING robot.realtime.clock [robot-continuous-jog] clock.py:103 | jog-joint 循环滞后 55.0 ms（超过一个控制周期 5.0 ms）
2026-08-07 15:39:03,035 ERROR   robot.realtime.motion_streamer [robot-motion-streamer] motion_streamer.py:136 | 关节指令下发失败：关节 1 指令加速度 1152°/s² 超过上限 720°/s²
2026-08-07 15:39:03,037 WARNING robot.realtime.clock [robot-continuous-jog] clock.py:103 | jog-joint 循环滞后 52.0 ms（超过一个控制周期 5.0 ms）
2026-08-07 15:39:03,037 ERROR   robot.realtime.motion_streamer [robot-motion-streamer] motion_streamer.py:136 | 关节指令下发失败：关节 1 指令加速度 1197°/s² 超过上限 720°/s²
2026-08-07 15:39:03,039 WARNING robot.realtime.clock [robot-continuous-jog] clock.py:103 | jog-joint 循环滞后 48.8 ms（超过一个控制周期 5.0 ms）
2026-08-07 15:39:03,039 ERROR   robot.realtime.motion_streamer [robot-motion-streamer] motion_streamer.py:136 | 关节指令下发失败：关节 1 指令加速度 1199°/s² 超过上限 720°/s²
2026-08-07 15:39:03,041 WARNING robot.realtime.clock [robot-continuous-jog] clock.py:103 | jog-joint 循环滞后 45.5 ms（超过一个控制周期 5.0 ms）
2026-08-07 15:39:03,041 ERROR   robot.realtime.motion_streamer [robot-motion-streamer] motion_streamer.py:136 | 关节指令下发失败：关节 1 指令加速度 1190°/s² 超过上限 720°/s²
2026-08-07 15:39:03,042 WARNING robot.realtime.clock [robot-continuous-jog] clock.py:103 | jog-joint 循环滞后 42.1 ms（超过一个控制周期 5.0 ms）
2026-08-07 15:39:03,042 ERROR   robot.realtime.motion_streamer [robot-motion-streamer] motion_streamer.py:136 | 关节指令下发失败：关节 1 指令加速度 1166°/s² 超过上限 720°/s²
2026-08-07 15:39:03,044 WARNING robot.realtime.clock [robot-continuous-jog] clock.py:103 | jog-joint 循环滞后 38.8 ms（超过一个控制周期 5.0 ms）
2026-08-07 15:39:03,044 ERROR   robot.realtime.motion_streamer [robot-motion-streamer] motion_streamer.py:136 | 关节指令下发失败：关节 1 指令加速度 1132°/s² 超过上限 720°/s²
2026-08-07 15:39:03,046 WARNING robot.realtime.clock [robot-continuous-jog] clock.py:103 | jog-joint 循环滞后 35.5 ms（超过一个控制周期 5.0 ms）
2026-08-07 15:39:03,046 ERROR   robot.realtime.motion_streamer [robot-motion-streamer] motion_streamer.py:136 | 关节指令下发失败：关节 1 指令加速度 1089°/s² 超过上限 720°/s²
2026-08-07 15:39:03,047 WARNING robot.realtime.clock [robot-continuous-jog] clock.py:103 | jog-joint 循环滞后 32.2 ms（超过一个控制周期 5.0 ms）
2026-08-07 15:39:03,048 ERROR   robot.realtime.motion_streamer [robot-motion-streamer] motion_streamer.py:136 | 关节指令下发失败：关节 1 指令加速度 1045°/s² 超过上限 720°/s²
2026-08-07 15:39:03,049 WARNING robot.realtime.clock [robot-continuous-jog] clock.py:103 | jog-joint 循环滞后 28.8 ms（超过一个控制周期 5.0 ms）
2026-08-07 15:39:03,049 ERROR   robot.realtime.motion_streamer [robot-motion-streamer] motion_streamer.py:136 | 关节指令下发失败：关节 1 指令加速度 1009°/s² 超过上限 720°/s²
2026-08-07 15:39:03,051 WARNING robot.realtime.clock [robot-continuous-jog] clock.py:103 | jog-joint 循环滞后 25.5 ms（超过一个控制周期 5.0 ms）
2026-08-07 15:39:03,051 ERROR   robot.realtime.motion_streamer [robot-motion-streamer] motion_streamer.py:136 | 关节指令下发失败：关节 1 指令加速度 963°/s² 超过上限 720°/s²
2026-08-07 15:39:03,053 WARNING robot.realtime.clock [robot-continuous-jog] clock.py:103 | jog-joint 循环滞后 22.4 ms（超过一个控制周期 5.0 ms）
2026-08-07 15:39:03,053 ERROR   robot.realtime.motion_streamer [robot-motion-streamer] motion_streamer.py:136 | 关节指令下发失败：关节 1 指令加速度 875°/s² 超过上限 720°/s²
2026-08-07 15:39:03,055 WARNING robot.realtime.clock [robot-continuous-jog] clock.py:103 | jog-joint 循环滞后 19.8 ms（超过一个控制周期 5.0 ms）
2026-08-07 15:39:03,057 WARNING robot.realtime.clock [robot-continuous-jog] clock.py:103 | jog-joint 循环滞后 16.5 ms（超过一个控制周期 5.0 ms）
2026-08-07 15:39:03,057 ERROR   robot.realtime.motion_streamer [robot-motion-streamer] motion_streamer.py:136 | 关节指令下发失败：关节 1 指令加速度 7091°/s² 超过上限 720°/s²
2026-08-07 15:39:03,058 WARNING robot.realtime.clock [robot-continuous-jog] clock.py:103 | jog-joint 循环滞后 13.1 ms（超过一个控制周期 5.0 ms）
2026-08-07 15:39:03,058 ERROR   robot.realtime.motion_streamer [robot-motion-streamer] motion_streamer.py:136 | 关节指令下发失败：关节 1 指令加速度 3116°/s² 超过上限 720°/s²
2026-08-07 15:39:03,060 WARNING robot.realtime.clock [robot-continuous-jog] clock.py:103 | jog-joint 循环滞后 9.7 ms（超过一个控制周期 5.0 ms）
2026-08-07 15:39:03,060 ERROR   robot.realtime.motion_streamer [robot-motion-streamer] motion_streamer.py:136 | 关节指令下发失败：关节 1 指令加速度 2101°/s² 超过上限 720°/s²
2026-08-07 15:39:03,062 WARNING robot.realtime.clock [robot-continuous-jog] clock.py:103 | jog-joint 循环滞后 6.4 ms（超过一个控制周期 5.0 ms）
2026-08-07 15:39:03,062 ERROR   robot.realtime.motion_streamer [robot-motion-streamer] motion_streamer.py:136 | 关节指令下发失败：关节 1 指令加速度 1571°/s² 超过上限 720°/s²
2026-08-07 15:39:03,065 ERROR   robot.realtime.motion_streamer [robot-motion-streamer] motion_streamer.py:136 | 关节指令下发失败：关节 1 指令速度 1218.5°/s 超过上限 180.0°/s
2026-08-07 15:39:03,067 ERROR   robot.realtime.motion_streamer [robot-motion-streamer] motion_streamer.py:136 | 关节指令下发失败：关节 1 指令加速度 18281°/s² 超过上限 720°/s²
2026-08-07 15:39:03,072 ERROR   robot.realtime.motion_streamer [robot-motion-streamer] motion_streamer.py:136 | 关节指令下发失败：关节 1 指令加速度 1145°/s² 超过上限 720°/s²
2026-08-07 15:39:03,077 ERROR   robot.realtime.motion_streamer [robot-motion-streamer] motion_streamer.py:136 | 关节指令下发失败：关节 1 指令加速度 1181°/s² 超过上限 720°/s²
2026-08-07 15:39:03,082 ERROR   robot.realtime.motion_streamer [robot-motion-streamer] motion_streamer.py:136 | 关节指令下发失败：关节 1 指令加速度 995°/s² 超过上限 720°/s²
2026-08-07 15:39:03,093 ERROR   robot.realtime.motion_streamer [robot-motion-streamer] motion_streamer.py:136 | 关节指令下发失败：关节 1 指令加速度 1009°/s² 超过上限 720°/s²
2026-08-07 15:39:03,109 ERROR   robot.realtime.motion_streamer [robot-motion-streamer] motion_streamer.py:136 | 关节指令下发失败：关节 1 指令加速度 1138°/s² 超过上限 720°/s²
2026-08-07 15:39:03,218 ERROR   robot.realtime.motion_streamer [robot-motion-streamer] motion_streamer.py:136 | 关节指令下发失败：关节 1 指令加速度 1945°/s² 超过上限 720°/s²
2026-08-07 15:39:03,243 ERROR   robot.realtime.motion_streamer [robot-motion-streamer] motion_streamer.py:136 | 关节指令下发失败：关节 1 指令加速度 2181°/s² 超过上限 720°/s²
2026-08-07 15:39:03,605 ERROR   robot.realtime.motion_streamer [robot-motion-streamer] motion_streamer.py:136 | 关节指令下发失败：关节 1 指令加速度 997°/s² 超过上限 720°/s²
2026-08-07 15:39:03,683 ERROR   robot.realtime.motion_streamer [robot-motion-streamer] motion_streamer.py:136 | 关节指令下发失败：关节 1 指令加速度 1305°/s² 超过上限 720°/s²
2026-08-07 15:39:03,705 ERROR   robot.realtime.motion_streamer [robot-motion-streamer] motion_streamer.py:136 | 关节指令下发失败：关节 1 指令加速度 1190°/s² 超过上限 720°/s²
2026-08-07 15:39:03,738 ERROR   robot.realtime.motion_streamer [robot-motion-streamer] motion_streamer.py:136 | 关节指令下发失败：关节 1 指令速度 1182.6°/s 超过上限 180.0°/s
2026-08-07 15:39:03,739 ERROR   robot.realtime.motion_streamer [robot-motion-streamer] motion_streamer.py:136 | 关节指令下发失败：关节 1 指令加速度 225944°/s² 超过上限 720°/s²
2026-08-07 15:39:03,739 ERROR   robot.realtime.motion_streamer [robot-motion-streamer] motion_streamer.py:136 | 关节指令下发失败：关节 1 指令速度 228.7°/s 超过上限 180.0°/s
2026-08-07 15:39:03,742 ERROR   robot.realtime.motion_streamer [robot-motion-streamer] motion_streamer.py:136 | 关节指令下发失败：关节 1 指令加速度 18121°/s² 超过上限 720°/s²
2026-08-07 15:39:03,748 ERROR   robot.realtime.motion_streamer [robot-motion-streamer] motion_streamer.py:136 | 关节指令下发失败：关节 1 指令加速度 3755°/s² 超过上限 720°/s²
2026-08-07 15:39:03,753 ERROR   robot.realtime.motion_streamer [robot-motion-streamer] motion_streamer.py:136 | 关节指令下发失败：关节 1 指令加速度 1753°/s² 超过上限 720°/s²
2026-08-07 15:39:03,758 ERROR   robot.realtime.motion_streamer [robot-motion-streamer] motion_streamer.py:136 | 关节指令下发失败：关节 1 指令加速度 1078°/s² 超过上限 720°/s²
2026-08-07 15:39:03,768 ERROR   robot.realtime.motion_streamer [robot-motion-streamer] motion_streamer.py:136 | 关节指令下发失败：关节 1 指令加速度 1976°/s² 超过上限 720°/s²
2026-08-07 15:39:03,773 ERROR   robot.realtime.motion_streamer [robot-motion-streamer] motion_streamer.py:136 | 关节指令下发失败：关节 1 指令加速度 998°/s² 超过上限 720°/s²
2026-08-07 15:39:03,964 ERROR   robot.realtime.motion_streamer [robot-motion-streamer] motion_streamer.py:136 | 关节指令下发失败：关节 1 指令速度 1176.9°/s 超过上限 180.0°/s
2026-08-07 15:39:03,964 ERROR   robot.realtime.motion_streamer [robot-motion-streamer] motion_streamer.py:136 | 关节指令下发失败：关节 1 指令速度 388.6°/s 超过上限 180.0°/s
2026-08-07 15:39:03,968 ERROR   robot.realtime.motion_streamer [robot-motion-streamer] motion_streamer.py:136 | 关节指令下发失败：关节 1 指令加速度 14205°/s² 超过上限 720°/s²
2026-08-07 15:39:03,972 ERROR   robot.realtime.motion_streamer [robot-motion-streamer] motion_streamer.py:136 | 关节指令下发失败：关节 1 指令加速度 3558°/s² 超过上限 720°/s²
2026-08-07 15:39:03,977 ERROR   robot.realtime.motion_streamer [robot-motion-streamer] motion_streamer.py:136 | 关节指令下发失败：关节 1 指令加速度 1739°/s² 超过上限 720°/s²
2026-08-07 15:39:03,983 ERROR   robot.realtime.motion_streamer [robot-motion-streamer] motion_streamer.py:136 | 关节指令下发失败：关节 1 指令加速度 1015°/s² 超过上限 720°/s²
2026-08-07 15:39:03,992 ERROR   robot.realtime.motion_streamer [robot-motion-streamer] motion_streamer.py:136 | 关节指令下发失败：关节 1 指令加速度 1204°/s² 超过上限 720°/s²
2026-08-07 15:39:04,108 ERROR   robot.realtime.motion_streamer [robot-motion-streamer] motion_streamer.py:136 | 关节指令下发失败：关节 1 指令加速度 1544°/s² 超过上限 720°/s²
2026-08-07 15:39:04,129 ERROR   robot.realtime.motion_streamer [robot-motion-streamer] motion_streamer.py:136 | 关节指令下发失败：关节 1 指令加速度 4091°/s² 超过上限 720°/s²
2026-08-07 15:39:04,133 ERROR   robot.realtime.motion_streamer [robot-motion-streamer] motion_streamer.py:136 | 关节指令下发失败：关节 1 指令加速度 1174°/s² 超过上限 720°/s²
2026-08-07 15:39:04,175 WARNING robot.realtime.clock [robot-continuous-jog] clock.py:103 | jog-joint 循环滞后 9.5 ms（超过一个控制周期 5.0 ms）
2026-08-07 15:39:04,184 WARNING robot.realtime.clock [robot-continuous-jog] clock.py:103 | jog-joint 循环滞后 13.5 ms（超过一个控制周期 5.0 ms）
2026-08-07 15:39:04,187 WARNING robot.realtime.clock [robot-continuous-jog] clock.py:103 | jog-joint 循环滞后 12.2 ms（超过一个控制周期 5.0 ms）
2026-08-07 15:39:04,188 ERROR   robot.realtime.motion_streamer [robot-motion-streamer] motion_streamer.py:136 | 关节指令下发失败：关节 1 指令加速度 3053°/s² 超过上限 720°/s²
2026-08-07 15:39:04,193 WARNING robot.realtime.clock [robot-continuous-jog] clock.py:103 | jog-joint 循环滞后 12.4 ms（超过一个控制周期 5.0 ms）
2026-08-07 15:39:04,193 ERROR   robot.realtime.motion_streamer [robot-motion-streamer] motion_streamer.py:136 | 关节指令下发失败：关节 1 指令加速度 902°/s² 超过上限 720°/s²
2026-08-07 15:39:04,197 WARNING robot.realtime.clock [robot-continuous-jog] clock.py:103 | jog-joint 循环滞后 11.9 ms（超过一个控制周期 5.0 ms）
2026-08-07 15:39:04,201 WARNING robot.realtime.clock [robot-continuous-jog] clock.py:103 | jog-joint 循环滞后 10.7 ms（超过一个控制周期 5.0 ms）
2026-08-07 15:39:04,201 ERROR   robot.realtime.motion_streamer [robot-motion-streamer] motion_streamer.py:136 | 关节指令下发失败：关节 1 指令加速度 1402°/s² 超过上限 720°/s²
2026-08-07 15:39:04,205 WARNING robot.realtime.clock [robot-continuous-jog] clock.py:103 | jog-joint 循环滞后 9.9 ms（超过一个控制周期 5.0 ms）
2026-08-07 15:39:04,209 WARNING robot.realtime.clock [robot-continuous-jog] clock.py:103 | jog-joint 循环滞后 8.8 ms（超过一个控制周期 5.0 ms）
2026-08-07 15:39:04,212 WARNING robot.realtime.clock [robot-continuous-jog] clock.py:103 | jog-joint 循环滞后 7.3 ms（超过一个控制周期 5.0 ms）
2026-08-07 15:39:04,218 ERROR   robot.realtime.motion_streamer [robot-motion-streamer] motion_streamer.py:136 | 关节指令下发失败：关节 1 指令加速度 1552°/s² 超过上限 720°/s²
2026-08-07 15:39:04,219 ERROR   robot.realtime.motion_streamer [robot-motion-streamer] motion_streamer.py:136 | 关节指令下发失败：关节 1 指令速度 2704.8°/s 超过上限 180.0°/s
2026-08-07 15:39:04,222 ERROR   robot.realtime.motion_streamer [robot-motion-streamer] motion_streamer.py:136 | 关节指令下发失败：关节 1 指令加速度 6400°/s² 超过上限 720°/s²
2026-08-07 15:39:04,232 ERROR   robot.realtime.motion_streamer [robot-motion-streamer] motion_streamer.py:136 | 关节指令下发失败：关节 1 指令加速度 2535°/s² 超过上限 720°/s²
2026-08-07 15:39:04,238 ERROR   robot.realtime.motion_streamer [robot-motion-streamer] motion_streamer.py:136 | 关节指令下发失败：关节 1 指令加速度 1267°/s² 超过上限 720°/s²
2026-08-07 15:39:04,438 ERROR   robot.realtime.motion_streamer [robot-motion-streamer] motion_streamer.py:136 | 关节指令下发失败：关节 1 指令加速度 1351°/s² 超过上限 720°/s²
2026-08-07 15:39:04,458 ERROR   robot.realtime.motion_streamer [robot-motion-streamer] motion_streamer.py:136 | 关节指令下发失败：关节 1 指令加速度 2404°/s² 超过上限 720°/s²
2026-08-07 15:39:04,513 ERROR   robot.realtime.motion_streamer [robot-motion-streamer] motion_streamer.py:136 | 关节指令下发失败：关节 1 指令加速度 887°/s² 超过上限 720°/s²
2026-08-07 15:39:04,542 ERROR   robot.realtime.motion_streamer [robot-motion-streamer] motion_streamer.py:136 | 关节指令下发失败：关节 1 指令加速度 6845°/s² 超过上限 720°/s²
2026-08-07 15:39:04,555 ERROR   robot.realtime.motion_streamer [robot-motion-streamer] motion_streamer.py:136 | 关节指令下发失败：关节 1 指令加速度 1017°/s² 超过上限 720°/s²
2026-08-07 15:39:04,578 ERROR   robot.realtime.motion_streamer [robot-motion-streamer] motion_streamer.py:136 | 关节指令下发失败：关节 1 指令加速度 929°/s² 超过上限 720°/s²
2026-08-07 15:51:44,514 INFO    robot.interfaces.oscilloscope [MainThread] service.py:97 | oscilloscope sampler started at 50.0 Hz for 7 joints
2026-08-07 15:51:44,514 INFO    robot.urdf.catalog [MainThread] catalog.py:86 | 已添加 URDF 搜索目录：/home/liv/zerithWorkSpace/code/e1pro/e1_pro_full
2026-08-07 15:51:45,914 INFO    robot.interfaces.simulator [MainThread] viser_app.py:214 | 已加载机器人 E1-PRO：/home/liv/zerithWorkSpace/code/e1pro/e1_pro_full/marvin6/urdf/E1-PRO_EVT2.0_V12_260730.urdf
2026-08-07 15:51:45,914 INFO    robot.interfaces.simulator [MainThread] viser_app.py:215 | 轨迹速度规划后端：analytic double-S
2026-08-07 15:51:45,914 INFO    robot.interfaces.simulator [MainThread] viser_app.py:216 | 示教器通信接口：http://127.0.0.1:8765
2026-08-07 15:52:13,120 WARNING robot.realtime.clock [robot-continuous-jog] clock.py:103 | jog-joint 循环滞后 6.3 ms（超过一个控制周期 5.0 ms）
2026-08-07 15:52:13,127 WARNING robot.realtime.clock [robot-continuous-jog] clock.py:103 | jog-joint 循环滞后 8.2 ms（超过一个控制周期 5.0 ms）
2026-08-07 15:52:13,138 WARNING robot.realtime.clock [robot-continuous-jog] clock.py:103 | jog-joint 循环滞后 14.4 ms（超过一个控制周期 5.0 ms）
2026-08-07 15:52:13,146 WARNING robot.realtime.clock [robot-continuous-jog] clock.py:103 | jog-joint 循环滞后 17.9 ms（超过一个控制周期 5.0 ms）
2026-08-07 15:52:13,154 WARNING robot.realtime.clock [robot-continuous-jog] clock.py:103 | jog-joint 循环滞后 20.9 ms（超过一个控制周期 5.0 ms）
2026-08-07 15:52:13,158 WARNING robot.realtime.clock [robot-continuous-jog] clock.py:103 | jog-joint 循环滞后 19.7 ms（超过一个控制周期 5.0 ms）
2026-08-07 15:52:13,161 WARNING robot.realtime.clock [robot-continuous-jog] clock.py:103 | jog-joint 循环滞后 17.3 ms（超过一个控制周期 5.0 ms）
2026-08-07 15:52:13,163 WARNING robot.realtime.clock [robot-continuous-jog] clock.py:103 | jog-joint 循环滞后 14.5 ms（超过一个控制周期 5.0 ms）
2026-08-07 15:52:13,165 WARNING robot.realtime.clock [robot-continuous-jog] clock.py:103 | jog-joint 循环滞后 11.6 ms（超过一个控制周期 5.0 ms）
2026-08-07 15:52:13,170 WARNING robot.realtime.clock [robot-continuous-jog] clock.py:103 | jog-joint 循环滞后 12.1 ms（超过一个控制周期 5.0 ms）
2026-08-07 15:52:13,175 WARNING robot.realtime.clock [robot-continuous-jog] clock.py:103 | jog-joint 循环滞后 11.5 ms（超过一个控制周期 5.0 ms）
2026-08-07 15:52:13,178 WARNING robot.realtime.clock [robot-continuous-jog] clock.py:103 | jog-joint 循环滞后 9.2 ms（超过一个控制周期 5.0 ms）
2026-08-07 15:52:13,180 WARNING robot.realtime.clock [robot-continuous-jog] clock.py:103 | jog-joint 循环滞后 6.2 ms（超过一个控制周期 5.0 ms）
2026-08-07 15:52:13,394 ERROR   robot.realtime.motion_streamer [robot-motion-streamer] motion_streamer.py:162 | 关节指令下发失败：关节 1 指令加速度 1366°/s² 超过上限 720°/s²
2026-08-07 15:52:13,576 ERROR   robot.realtime.motion_streamer [robot-motion-streamer] motion_streamer.py:162 | 关节指令下发失败：关节 1 指令加速度 867°/s² 超过上限 720°/s²
2026-08-07 15:52:13,618 ERROR   robot.realtime.motion_streamer [robot-motion-streamer] motion_streamer.py:162 | 关节指令下发失败：关节 1 指令加速度 1474°/s² 超过上限 720°/s²
2026-08-07 15:52:14,217 ERROR   robot.realtime.motion_streamer [robot-motion-streamer] motion_streamer.py:162 | 关节指令下发失败：关节 1 指令加速度 1458°/s² 超过上限 720°/s²
2026-08-07 15:52:14,238 ERROR   robot.realtime.motion_streamer [robot-motion-streamer] motion_streamer.py:162 | 关节指令下发失败：关节 1 指令加速度 1631°/s² 超过上限 720°/s²
2026-08-07 15:52:14,343 WARNING robot.realtime.clock [robot-continuous-jog] clock.py:103 | jog-joint 循环滞后 9.7 ms（超过一个控制周期 5.0 ms）
2026-08-07 15:52:14,352 WARNING robot.realtime.clock [robot-continuous-jog] clock.py:103 | jog-joint 循环滞后 13.7 ms（超过一个控制周期 5.0 ms）
2026-08-07 15:52:14,357 WARNING robot.realtime.clock [robot-continuous-jog] clock.py:103 | jog-joint 循环滞后 14.4 ms（超过一个控制周期 5.0 ms）
2026-08-07 15:52:14,361 WARNING robot.realtime.clock [robot-continuous-jog] clock.py:103 | jog-joint 循环滞后 12.9 ms（超过一个控制周期 5.0 ms）
2026-08-07 15:52:14,364 WARNING robot.realtime.clock [robot-continuous-jog] clock.py:103 | jog-joint 循环滞后 10.7 ms（超过一个控制周期 5.0 ms）
2026-08-07 15:52:14,365 WARNING robot.realtime.clock [robot-continuous-jog] clock.py:103 | jog-joint 循环滞后 7.6 ms（超过一个控制周期 5.0 ms）
2026-08-07 15:52:14,497 ERROR   robot.realtime.motion_streamer [robot-motion-streamer] motion_streamer.py:162 | 关节指令下发失败：关节 1 指令加速度 1911°/s² 超过上限 720°/s²
2026-08-07 15:52:14,502 ERROR   robot.realtime.motion_streamer [robot-motion-streamer] motion_streamer.py:162 | 关节指令下发失败：关节 1 指令加速度 951°/s² 超过上限 720°/s²
2026-08-07 15:52:15,346 WARNING robot.realtime.clock [robot-continuous-jog] clock.py:103 | jog-joint 循环滞后 9.7 ms（超过一个控制周期 5.0 ms）
2026-08-07 15:52:15,350 WARNING robot.realtime.clock [robot-continuous-jog] clock.py:103 | jog-joint 循环滞后 8.5 ms（超过一个控制周期 5.0 ms）
2026-08-07 15:52:15,351 ERROR   robot.realtime.motion_streamer [robot-motion-streamer] motion_streamer.py:162 | 关节指令下发失败：关节 1 指令加速度 2651°/s² 超过上限 720°/s²
2026-08-07 15:52:15,356 WARNING robot.realtime.clock [robot-continuous-jog] clock.py:103 | jog-joint 循环滞后 10.0 ms（超过一个控制周期 5.0 ms）
2026-08-07 15:52:15,357 ERROR   robot.realtime.motion_streamer [robot-motion-streamer] motion_streamer.py:162 | 关节指令下发失败：关节 1 指令加速度 1403°/s² 超过上限 720°/s²
2026-08-07 15:52:15,372 WARNING robot.realtime.clock [robot-continuous-jog] clock.py:103 | jog-joint 循环滞后 20.5 ms（超过一个控制周期 5.0 ms）
2026-08-07 15:52:15,380 WARNING robot.realtime.clock [robot-continuous-jog] clock.py:103 | jog-joint 循环滞后 23.6 ms（超过一个控制周期 5.0 ms）
2026-08-07 15:52:15,387 WARNING robot.realtime.clock [robot-continuous-jog] clock.py:103 | jog-joint 循环滞后 26.0 ms（超过一个控制周期 5.0 ms）
2026-08-07 15:52:15,394 WARNING robot.realtime.clock [robot-continuous-jog] clock.py:103 | jog-joint 循环滞后 28.2 ms（超过一个控制周期 5.0 ms）
2026-08-07 15:52:15,398 WARNING robot.realtime.clock [robot-continuous-jog] clock.py:103 | jog-joint 循环滞后 27.1 ms（超过一个控制周期 5.0 ms）
2026-08-07 15:52:15,400 WARNING robot.realtime.clock [robot-continuous-jog] clock.py:103 | jog-joint 循环滞后 24.2 ms（超过一个控制周期 5.0 ms）
2026-08-07 15:52:15,402 WARNING robot.realtime.clock [robot-continuous-jog] clock.py:103 | jog-joint 循环滞后 20.9 ms（超过一个控制周期 5.0 ms）
2026-08-07 15:52:15,403 WARNING robot.realtime.clock [robot-continuous-jog] clock.py:103 | jog-joint 循环滞后 17.4 ms（超过一个控制周期 5.0 ms）
2026-08-07 15:52:15,405 WARNING robot.realtime.clock [robot-continuous-jog] clock.py:103 | jog-joint 循环滞后 14.0 ms（超过一个控制周期 5.0 ms）
2026-08-07 15:52:15,407 WARNING robot.realtime.clock [robot-continuous-jog] clock.py:103 | jog-joint 循环滞后 10.6 ms（超过一个控制周期 5.0 ms）
2026-08-07 15:52:15,408 WARNING robot.realtime.clock [robot-continuous-jog] clock.py:103 | jog-joint 循环滞后 7.1 ms（超过一个控制周期 5.0 ms）
2026-08-07 15:52:15,418 ERROR   robot.realtime.motion_streamer [robot-motion-streamer] motion_streamer.py:162 | 关节指令下发失败：关节 1 指令加速度 987°/s² 超过上限 720°/s²
2026-08-07 15:52:16,876 WARNING robot.realtime.clock [robot-continuous-jog] clock.py:103 | jog-joint 循环滞后 7.8 ms（超过一个控制周期 5.0 ms）
2026-08-07 15:52:16,890 WARNING robot.realtime.clock [robot-continuous-jog] clock.py:103 | jog-joint 循环滞后 16.8 ms（超过一个控制周期 5.0 ms）
2026-08-07 15:52:16,895 WARNING robot.realtime.clock [robot-continuous-jog] clock.py:103 | jog-joint 循环滞后 16.8 ms（超过一个控制周期 5.0 ms）
2026-08-07 15:52:16,898 WARNING robot.realtime.clock [robot-continuous-jog] clock.py:103 | jog-joint 循环滞后 14.8 ms（超过一个控制周期 5.0 ms）
2026-08-07 15:52:16,900 WARNING robot.realtime.clock [robot-continuous-jog] clock.py:103 | jog-joint 循环滞后 12.5 ms（超过一个控制周期 5.0 ms）
2026-08-07 15:52:16,902 WARNING robot.realtime.clock [robot-continuous-jog] clock.py:103 | jog-joint 循环滞后 9.2 ms（超过一个控制周期 5.0 ms）
2026-08-07 15:52:16,904 WARNING robot.realtime.clock [robot-continuous-jog] clock.py:103 | jog-joint 循环滞后 6.0 ms（超过一个控制周期 5.0 ms）
2026-08-07 15:52:16,982 ERROR   robot.realtime.motion_streamer [robot-motion-streamer] motion_streamer.py:162 | 关节指令下发失败：关节 1 指令加速度 1514°/s² 超过上限 720°/s²
2026-08-07 15:52:17,637 ERROR   robot.realtime.motion_streamer [robot-motion-streamer] motion_streamer.py:162 | 关节指令下发失败：关节 1 指令加速度 2906°/s² 超过上限 720°/s²
2026-08-07 15:52:17,643 ERROR   robot.realtime.motion_streamer [robot-motion-streamer] motion_streamer.py:162 | 关节指令下发失败：关节 1 指令加速度 1277°/s² 超过上限 720°/s²
2026-08-07 15:52:17,667 ERROR   robot.realtime.motion_streamer [robot-motion-streamer] motion_streamer.py:162 | 关节指令下发失败：关节 1 指令加速度 1841°/s² 超过上限 720°/s²
2026-08-07 15:52:17,672 ERROR   robot.realtime.motion_streamer [robot-motion-streamer] motion_streamer.py:162 | 关节指令下发失败：关节 1 指令加速度 919°/s² 超过上限 720°/s²
2026-08-07 15:52:17,786 ERROR   robot.realtime.motion_streamer [robot-motion-streamer] motion_streamer.py:162 | 关节指令下发失败：关节 1 指令加速度 1880°/s² 超过上限 720°/s²
2026-08-07 15:52:17,792 ERROR   robot.realtime.motion_streamer [robot-motion-streamer] motion_streamer.py:162 | 关节指令下发失败：关节 1 指令加速度 937°/s² 超过上限 720°/s²
2026-08-07 15:52:18,266 WARNING robot.realtime.clock [robot-continuous-jog] clock.py:103 | jog-joint 循环滞后 9.0 ms（超过一个控制周期 5.0 ms）
2026-08-07 15:52:18,281 WARNING robot.realtime.clock [robot-continuous-jog] clock.py:103 | jog-joint 循环滞后 18.8 ms（超过一个控制周期 5.0 ms）
2026-08-07 15:52:18,283 WARNING robot.realtime.clock [robot-continuous-jog] clock.py:103 | jog-joint 循环滞后 16.5 ms（超过一个控制周期 5.0 ms）
2026-08-07 15:52:18,289 WARNING robot.realtime.clock [robot-continuous-jog] clock.py:103 | jog-joint 循环滞后 16.7 ms（超过一个控制周期 5.0 ms）
2026-08-07 15:52:18,293 WARNING robot.realtime.clock [robot-continuous-jog] clock.py:103 | jog-joint 循环滞后 16.1 ms（超过一个控制周期 5.0 ms）
2026-08-07 15:52:18,296 WARNING robot.realtime.clock [robot-continuous-jog] clock.py:103 | jog-joint 循环滞后 13.8 ms（超过一个控制周期 5.0 ms）
2026-08-07 15:52:18,298 WARNING robot.realtime.clock [robot-continuous-jog] clock.py:103 | jog-joint 循环滞后 10.7 ms（超过一个控制周期 5.0 ms）
2026-08-07 15:52:18,299 WARNING robot.realtime.clock [robot-continuous-jog] clock.py:103 | jog-joint 循环滞后 7.3 ms（超过一个控制周期 5.0 ms）
2026-08-07 15:52:18,345 ERROR   robot.realtime.motion_streamer [robot-motion-streamer] motion_streamer.py:162 | 关节指令下发失败：关节 1 指令加速度 1155°/s² 超过上限 720°/s²
2026-08-07 15:52:19,100 ERROR   robot.realtime.motion_streamer [robot-motion-streamer] motion_streamer.py:162 | 关节指令下发失败：关节 1 指令加速度 2915°/s² 超过上限 720°/s²
2026-08-07 15:52:19,105 ERROR   robot.realtime.motion_streamer [robot-motion-streamer] motion_streamer.py:162 | 关节指令下发失败：关节 1 指令加速度 1457°/s² 超过上限 720°/s²
2026-08-07 15:52:19,110 ERROR   robot.realtime.motion_streamer [robot-motion-streamer] motion_streamer.py:162 | 关节指令下发失败：关节 1 指令加速度 972°/s² 超过上限 720°/s²
2026-08-07 15:52:20,130 WARNING robot.realtime.clock [robot-continuous-jog] clock.py:103 | jog-joint 循环滞后 8.2 ms（超过一个控制周期 5.0 ms）
2026-08-07 15:52:20,136 WARNING robot.realtime.clock [robot-continuous-jog] clock.py:103 | jog-joint 循环滞后 9.5 ms（超过一个控制周期 5.0 ms）
2026-08-07 15:52:20,136 ERROR   robot.realtime.motion_streamer [robot-motion-streamer] motion_streamer.py:162 | 关节指令下发失败：关节 1 指令加速度 1921°/s² 超过上限 720°/s²
2026-08-07 15:52:20,139 WARNING robot.realtime.clock [robot-continuous-jog] clock.py:103 | jog-joint 循环滞后 8.1 ms（超过一个控制周期 5.0 ms）
2026-08-07 15:52:20,142 ERROR   robot.realtime.motion_streamer [robot-motion-streamer] motion_streamer.py:162 | 关节指令下发失败：关节 1 指令加速度 1032°/s² 超过上限 720°/s²
2026-08-07 15:52:20,147 WARNING robot.realtime.clock [robot-continuous-jog] clock.py:103 | jog-joint 循环滞后 10.2 ms（超过一个控制周期 5.0 ms）
2026-08-07 15:52:20,152 WARNING robot.realtime.clock [robot-continuous-jog] clock.py:103 | jog-joint 循环滞后 11.0 ms（超过一个控制周期 5.0 ms）
2026-08-07 15:52:20,158 WARNING robot.realtime.clock [robot-continuous-jog] clock.py:103 | jog-joint 循环滞后 11.7 ms（超过一个控制周期 5.0 ms）
2026-08-07 15:52:20,161 WARNING robot.realtime.clock [robot-continuous-jog] clock.py:103 | jog-joint 循环滞后 10.0 ms（超过一个控制周期 5.0 ms）
2026-08-07 15:52:20,163 WARNING robot.realtime.clock [robot-continuous-jog] clock.py:103 | jog-joint 循环滞后 7.0 ms（超过一个控制周期 5.0 ms）
2026-08-07 15:52:20,230 ERROR   robot.realtime.motion_streamer [robot-motion-streamer] motion_streamer.py:162 | 关节指令下发失败：关节 1 指令加速度 2138°/s² 超过上限 720°/s²
2026-08-07 15:52:20,235 ERROR   robot.realtime.motion_streamer [robot-motion-streamer] motion_streamer.py:162 | 关节指令下发失败：关节 1 指令加速度 1068°/s² 超过上限 720°/s²
2026-08-07 15:52:20,267 ERROR   robot.realtime.motion_streamer [robot-motion-streamer] motion_streamer.py:162 | 关节指令下发失败：关节 1 指令加速度 1374°/s² 超过上限 720°/s²
2026-08-07 15:52:20,319 ERROR   robot.realtime.motion_streamer [robot-motion-streamer] motion_streamer.py:162 | 关节指令下发失败：关节 1 指令加速度 1295°/s² 超过上限 720°/s²
2026-08-07 15:52:20,678 WARNING robot.realtime.clock [robot-continuous-jog] clock.py:103 | jog-joint 循环滞后 5.5 ms（超过一个控制周期 5.0 ms）
2026-08-07 15:52:20,684 ERROR   robot.realtime.motion_streamer [robot-motion-streamer] motion_streamer.py:162 | 关节指令下发失败：关节 1 指令加速度 2187°/s² 超过上限 720°/s²
2026-08-07 15:52:20,690 ERROR   robot.realtime.motion_streamer [robot-motion-streamer] motion_streamer.py:162 | 关节指令下发失败：关节 1 指令加速度 998°/s² 超过上限 720°/s²
2026-08-07 15:52:20,740 ERROR   robot.realtime.motion_streamer [robot-motion-streamer] motion_streamer.py:162 | 关节指令下发失败：关节 1 指令加速度 963°/s² 超过上限 720°/s²
2026-08-07 15:52:20,820 ERROR   robot.realtime.motion_streamer [robot-motion-streamer] motion_streamer.py:162 | 关节指令下发失败：关节 1 指令加速度 911°/s² 超过上限 720°/s²
2026-08-07 15:52:20,871 ERROR   robot.realtime.motion_streamer [robot-motion-streamer] motion_streamer.py:162 | 关节指令下发失败：关节 1 指令加速度 2214°/s² 超过上限 720°/s²
2026-08-07 15:52:20,876 ERROR   robot.realtime.motion_streamer [robot-motion-streamer] motion_streamer.py:162 | 关节指令下发失败：关节 1 指令加速度 1106°/s² 超过上限 720°/s²
2026-08-07 15:52:21,357 WARNING robot.realtime.clock [robot-continuous-jog] clock.py:103 | jog-joint 循环滞后 10.3 ms（超过一个控制周期 5.0 ms）
2026-08-07 15:52:21,371 WARNING robot.realtime.clock [robot-continuous-jog] clock.py:103 | jog-joint 循环滞后 19.9 ms（超过一个控制周期 5.0 ms）
2026-08-07 15:52:21,379 WARNING robot.realtime.clock [robot-continuous-jog] clock.py:103 | jog-joint 循环滞后 22.7 ms（超过一个控制周期 5.0 ms）
2026-08-07 15:52:21,386 WARNING robot.realtime.clock [robot-continuous-jog] clock.py:103 | jog-joint 循环滞后 24.5 ms（超过一个控制周期 5.0 ms）
2026-08-07 15:52:21,389 WARNING robot.realtime.clock [robot-continuous-jog] clock.py:103 | jog-joint 循环滞后 22.6 ms（超过一个控制周期 5.0 ms）
2026-08-07 15:52:21,391 WARNING robot.realtime.clock [robot-continuous-jog] clock.py:103 | jog-joint 循环滞后 19.8 ms（超过一个控制周期 5.0 ms）
2026-08-07 15:52:21,393 WARNING robot.realtime.clock [robot-continuous-jog] clock.py:103 | jog-joint 循环滞后 16.4 ms（超过一个控制周期 5.0 ms）
2026-08-07 15:52:21,394 WARNING robot.realtime.clock [robot-continuous-jog] clock.py:103 | jog-joint 循环滞后 12.9 ms（超过一个控制周期 5.0 ms）
2026-08-07 15:52:21,396 WARNING robot.realtime.clock [robot-continuous-jog] clock.py:103 | jog-joint 循环滞后 9.4 ms（超过一个控制周期 5.0 ms）
2026-08-07 15:52:21,397 WARNING robot.realtime.clock [robot-continuous-jog] clock.py:103 | jog-joint 循环滞后 6.0 ms（超过一个控制周期 5.0 ms）
2026-08-07 15:52:21,471 ERROR   robot.realtime.motion_streamer [robot-motion-streamer] motion_streamer.py:162 | 关节指令下发失败：关节 1 指令加速度 2213°/s² 超过上限 720°/s²
2026-08-07 15:52:21,476 ERROR   robot.realtime.motion_streamer [robot-motion-streamer] motion_streamer.py:162 | 关节指令下发失败：关节 1 指令加速度 1104°/s² 超过上限 720°/s²
2026-08-07 15:52:21,505 ERROR   robot.realtime.motion_streamer [robot-motion-streamer] motion_streamer.py:162 | 关节指令下发失败：关节 1 指令加速度 2110°/s² 超过上限 720°/s²
2026-08-07 15:52:21,510 ERROR   robot.realtime.motion_streamer [robot-motion-streamer] motion_streamer.py:162 | 关节指令下发失败：关节 1 指令加速度 1056°/s² 超过上限 720°/s²
2026-08-07 15:53:45,134 WARNING robot.realtime.clock [robot-continuous-jog] clock.py:103 | jog-joint 循环滞后 7.5 ms（超过一个控制周期 5.0 ms）
2026-08-07 15:53:45,140 WARNING robot.realtime.clock [robot-continuous-jog] clock.py:103 | jog-joint 循环滞后 8.5 ms（超过一个控制周期 5.0 ms）
2026-08-07 15:53:45,140 ERROR   robot.realtime.motion_streamer [robot-motion-streamer] motion_streamer.py:162 | 关节指令下发失败：关节 1 指令加速度 2244°/s² 超过上限 720°/s²
2026-08-07 15:53:45,144 WARNING robot.realtime.clock [robot-continuous-jog] clock.py:103 | jog-joint 循环滞后 7.3 ms（超过一个控制周期 5.0 ms）
2026-08-07 15:53:45,146 ERROR   robot.realtime.motion_streamer [robot-motion-streamer] motion_streamer.py:162 | 关节指令下发失败：关节 1 指令加速度 1188°/s² 超过上限 720°/s²
2026-08-07 15:53:45,149 WARNING robot.realtime.clock [robot-continuous-jog] clock.py:103 | jog-joint 循环滞后 7.4 ms（超过一个控制周期 5.0 ms）
2026-08-07 15:53:45,195 WARNING robot.realtime.clock [robot-continuous-jog] clock.py:103 | jog-joint 循环滞后 8.4 ms（超过一个控制周期 5.0 ms）
2026-08-07 15:53:45,202 WARNING robot.realtime.clock [robot-continuous-jog] clock.py:103 | jog-joint 循环滞后 10.0 ms（超过一个控制周期 5.0 ms）
2026-08-07 15:53:45,204 WARNING robot.realtime.clock [robot-continuous-jog] clock.py:103 | jog-joint 循环滞后 7.1 ms（超过一个控制周期 5.0 ms）
2026-08-07 15:53:45,216 ERROR   robot.realtime.motion_streamer [robot-motion-streamer] motion_streamer.py:162 | 关节指令下发失败：关节 1 指令加速度 1178°/s² 超过上限 720°/s²
2026-08-07 15:53:45,285 ERROR   robot.realtime.motion_streamer [robot-motion-streamer] motion_streamer.py:162 | 关节指令下发失败：关节 1 指令加速度 954°/s² 超过上限 720°/s²
2026-08-07 15:53:45,365 ERROR   robot.realtime.motion_streamer [robot-motion-streamer] motion_streamer.py:162 | 关节指令下发失败：关节 1 指令加速度 1300°/s² 超过上限 720°/s²
2026-08-07 15:53:45,714 ERROR   robot.realtime.motion_streamer [robot-motion-streamer] motion_streamer.py:162 | 关节指令下发失败：关节 1 指令加速度 893°/s² 超过上限 720°/s²
2026-08-07 15:53:45,905 ERROR   robot.realtime.motion_streamer [robot-motion-streamer] motion_streamer.py:162 | 关节指令下发失败：关节 1 指令加速度 2064°/s² 超过上限 720°/s²
2026-08-07 15:53:45,910 ERROR   robot.realtime.motion_streamer [robot-motion-streamer] motion_streamer.py:162 | 关节指令下发失败：关节 1 指令加速度 1032°/s² 超过上限 720°/s²
2026-08-07 15:53:46,044 ERROR   robot.realtime.motion_streamer [robot-motion-streamer] motion_streamer.py:162 | 关节指令下发失败：关节 1 指令加速度 909°/s² 超过上限 720°/s²
2026-08-07 15:53:46,226 ERROR   robot.realtime.motion_streamer [robot-motion-streamer] motion_streamer.py:162 | 关节指令下发失败：关节 1 指令加速度 1602°/s² 超过上限 720°/s²
2026-08-07 15:53:46,501 ERROR   robot.realtime.motion_streamer [robot-motion-streamer] motion_streamer.py:162 | 关节指令下发失败：关节 1 指令加速度 1966°/s² 超过上限 720°/s²
2026-08-07 15:53:46,506 ERROR   robot.realtime.motion_streamer [robot-motion-streamer] motion_streamer.py:162 | 关节指令下发失败：关节 1 指令加速度 986°/s² 超过上限 720°/s²
2026-08-07 15:53:46,545 ERROR   robot.realtime.motion_streamer [robot-motion-streamer] motion_streamer.py:162 | 关节指令下发失败：关节 1 指令加速度 962°/s² 超过上限 720°/s²
2026-08-07 15:53:47,286 ERROR   robot.realtime.motion_streamer [robot-motion-streamer] motion_streamer.py:162 | 关节指令下发失败：关节 1 指令加速度 894°/s² 超过上限 720°/s²
2026-08-07 15:53:47,367 ERROR   robot.realtime.motion_streamer [robot-motion-streamer] motion_streamer.py:162 | 关节指令下发失败：关节 1 指令加速度 1562°/s² 超过上限 720°/s²
2026-08-07 15:53:47,386 ERROR   robot.realtime.motion_streamer [robot-motion-streamer] motion_streamer.py:162 | 关节指令下发失败：关节 1 指令加速度 1418°/s² 超过上限 720°/s²
2026-08-07 15:53:47,700 ERROR   robot.realtime.motion_streamer [robot-motion-streamer] motion_streamer.py:162 | 关节指令下发失败：关节 1 指令加速度 890°/s² 超过上限 720°/s²
2026-08-07 15:53:47,781 ERROR   robot.realtime.motion_streamer [robot-motion-streamer] motion_streamer.py:162 | 关节指令下发失败：关节 1 指令加速度 1010°/s² 超过上限 720°/s²
2026-08-07 15:53:47,861 ERROR   robot.realtime.motion_streamer [robot-motion-streamer] motion_streamer.py:162 | 关节指令下发失败：关节 1 指令加速度 1384°/s² 超过上限 720°/s²
2026-08-07 15:53:47,991 ERROR   robot.realtime.motion_streamer [robot-motion-streamer] motion_streamer.py:162 | 关节指令下发失败：关节 1 指令加速度 1263°/s² 超过上限 720°/s²
2026-08-07 15:53:48,050 ERROR   robot.realtime.motion_streamer [robot-motion-streamer] motion_streamer.py:162 | 关节指令下发失败：关节 1 指令加速度 1125°/s² 超过上限 720°/s²
2026-08-07 15:53:48,105 ERROR   robot.realtime.motion_streamer [robot-motion-streamer] motion_streamer.py:162 | 关节指令下发失败：关节 1 指令加速度 954°/s² 超过上限 720°/s²
2026-08-07 15:53:48,247 ERROR   robot.realtime.motion_streamer [robot-motion-streamer] motion_streamer.py:162 | 关节指令下发失败：关节 1 指令加速度 1232°/s² 超过上限 720°/s²
2026-08-07 15:53:48,315 ERROR   robot.realtime.motion_streamer [robot-motion-streamer] motion_streamer.py:162 | 关节指令下发失败：关节 1 指令加速度 1189°/s² 超过上限 720°/s²
2026-08-07 15:53:48,395 ERROR   robot.realtime.motion_streamer [robot-motion-streamer] motion_streamer.py:162 | 关节指令下发失败：关节 1 指令加速度 1688°/s² 超过上限 720°/s²
2026-08-07 15:53:48,451 ERROR   robot.realtime.motion_streamer [robot-motion-streamer] motion_streamer.py:162 | 关节指令下发失败：关节 1 指令加速度 1516°/s² 超过上限 720°/s²
2026-08-07 15:53:48,546 ERROR   robot.realtime.motion_streamer [robot-motion-streamer] motion_streamer.py:162 | 关节指令下发失败：关节 1 指令加速度 1494°/s² 超过上限 720°/s²
2026-08-07 15:53:48,695 ERROR   robot.realtime.motion_streamer [robot-motion-streamer] motion_streamer.py:162 | 关节指令下发失败：关节 1 指令加速度 1333°/s² 超过上限 720°/s²
2026-08-07 15:53:48,781 ERROR   robot.realtime.motion_streamer [robot-motion-streamer] motion_streamer.py:162 | 关节指令下发失败：关节 1 指令加速度 1316°/s² 超过上限 720°/s²
2026-08-07 15:53:48,954 ERROR   robot.realtime.motion_streamer [robot-motion-streamer] motion_streamer.py:162 | 关节指令下发失败：关节 1 指令加速度 877°/s² 超过上限 720°/s²
2026-08-07 15:53:49,230 ERROR   robot.realtime.motion_streamer [robot-motion-streamer] motion_streamer.py:162 | 关节指令下发失败：关节 1 指令加速度 1024°/s² 超过上限 720°/s²
2026-08-07 15:53:49,261 ERROR   robot.realtime.motion_streamer [robot-motion-streamer] motion_streamer.py:162 | 关节指令下发失败：关节 1 指令加速度 1529°/s² 超过上限 720°/s²
2026-08-07 15:53:49,354 ERROR   robot.realtime.motion_streamer [robot-motion-streamer] motion_streamer.py:162 | 关节指令下发失败：关节 1 指令加速度 878°/s² 超过上限 720°/s²
2026-08-07 15:53:49,440 ERROR   robot.realtime.motion_streamer [robot-motion-streamer] motion_streamer.py:162 | 关节指令下发失败：关节 1 指令加速度 1088°/s² 超过上限 720°/s²
2026-08-07 15:53:49,872 ERROR   robot.realtime.motion_streamer [robot-motion-streamer] motion_streamer.py:162 | 关节指令下发失败：关节 1 指令加速度 1395°/s² 超过上限 720°/s²
2026-08-07 15:53:50,081 ERROR   robot.realtime.motion_streamer [robot-motion-streamer] motion_streamer.py:162 | 关节指令下发失败：关节 1 指令加速度 1475°/s² 超过上限 720°/s²
2026-08-07 15:53:50,120 ERROR   robot.realtime.motion_streamer [robot-motion-streamer] motion_streamer.py:162 | 关节指令下发失败：关节 1 指令加速度 892°/s² 超过上限 720°/s²
2026-08-07 15:53:50,140 ERROR   robot.realtime.motion_streamer [robot-motion-streamer] motion_streamer.py:162 | 关节指令下发失败：关节 1 指令加速度 1021°/s² 超过上限 720°/s²
2026-08-07 15:53:50,379 ERROR   robot.realtime.motion_streamer [robot-motion-streamer] motion_streamer.py:162 | 关节指令下发失败：关节 1 指令加速度 897°/s² 超过上限 720°/s²
2026-08-07 15:53:50,476 ERROR   robot.realtime.motion_streamer [robot-motion-streamer] motion_streamer.py:162 | 关节指令下发失败：关节 1 指令加速度 1347°/s² 超过上限 720°/s²
2026-08-07 15:53:50,616 ERROR   robot.realtime.motion_streamer [robot-motion-streamer] motion_streamer.py:162 | 关节指令下发失败：关节 1 指令加速度 1500°/s² 超过上限 720°/s²
2026-08-07 15:53:50,680 ERROR   robot.realtime.motion_streamer [robot-motion-streamer] motion_streamer.py:162 | 关节指令下发失败：关节 1 指令加速度 964°/s² 超过上限 720°/s²
2026-08-07 15:53:50,822 ERROR   robot.realtime.motion_streamer [robot-motion-streamer] motion_streamer.py:162 | 关节指令下发失败：关节 1 指令加速度 987°/s² 超过上限 720°/s²
2026-08-07 15:53:51,679 ERROR   robot.realtime.motion_streamer [robot-motion-streamer] motion_streamer.py:162 | 关节指令下发失败：关节 3 指令加速度 1105°/s² 超过上限 720°/s²
2026-08-07 15:53:51,866 WARNING robot.realtime.clock [robot-continuous-jog] clock.py:103 | jog-joint 循环滞后 5.3 ms（超过一个控制周期 5.0 ms）
2026-08-07 15:53:51,880 ERROR   robot.realtime.motion_streamer [robot-motion-streamer] motion_streamer.py:162 | 关节指令下发失败：关节 3 指令加速度 1266°/s² 超过上限 720°/s²
2026-08-07 15:53:52,089 ERROR   robot.realtime.motion_streamer [robot-motion-streamer] motion_streamer.py:162 | 关节指令下发失败：关节 3 指令加速度 2133°/s² 超过上限 720°/s²
2026-08-07 15:53:52,094 ERROR   robot.realtime.motion_streamer [robot-motion-streamer] motion_streamer.py:162 | 关节指令下发失败：关节 3 指令加速度 1045°/s² 超过上限 720°/s²
2026-08-07 15:53:52,169 ERROR   robot.realtime.motion_streamer [robot-motion-streamer] motion_streamer.py:162 | 关节指令下发失败：关节 3 指令加速度 969°/s² 超过上限 720°/s²
2026-08-07 15:53:52,304 ERROR   robot.realtime.motion_streamer [robot-motion-streamer] motion_streamer.py:162 | 关节指令下发失败：关节 3 指令加速度 890°/s² 超过上限 720°/s²
2026-08-07 15:53:52,330 ERROR   robot.realtime.motion_streamer [robot-motion-streamer] motion_streamer.py:162 | 关节指令下发失败：关节 3 指令加速度 1475°/s² 超过上限 720°/s²
2026-08-07 15:53:52,368 ERROR   robot.realtime.motion_streamer [robot-motion-streamer] motion_streamer.py:162 | 关节指令下发失败：关节 3 指令加速度 1782°/s² 超过上限 720°/s²
2026-08-07 15:53:52,373 ERROR   robot.realtime.motion_streamer [robot-motion-streamer] motion_streamer.py:162 | 关节指令下发失败：关节 3 指令加速度 955°/s² 超过上限 720°/s²
2026-08-07 15:53:52,416 ERROR   robot.realtime.motion_streamer [robot-motion-streamer] motion_streamer.py:162 | 关节指令下发失败：关节 3 指令加速度 1537°/s² 超过上限 720°/s²
2026-08-07 15:53:52,694 ERROR   robot.realtime.motion_streamer [robot-motion-streamer] motion_streamer.py:162 | 关节指令下发失败：关节 3 指令加速度 1699°/s² 超过上限 720°/s²
2026-08-07 15:53:52,738 ERROR   robot.realtime.motion_streamer [robot-motion-streamer] motion_streamer.py:162 | 关节指令下发失败：关节 3 指令加速度 1164°/s² 超过上限 720°/s²
2026-08-07 15:53:52,789 ERROR   robot.realtime.motion_streamer [robot-motion-streamer] motion_streamer.py:162 | 关节指令下发失败：关节 3 指令加速度 1026°/s² 超过上限 720°/s²
2026-08-07 15:53:52,891 ERROR   robot.realtime.motion_streamer [robot-motion-streamer] motion_streamer.py:162 | 关节指令下发失败：关节 3 指令加速度 1375°/s² 超过上限 720°/s²
2026-08-07 15:53:52,981 ERROR   robot.realtime.motion_streamer [robot-motion-streamer] motion_streamer.py:162 | 关节指令下发失败：关节 3 指令加速度 1115°/s² 超过上限 720°/s²
2026-08-07 15:53:53,014 ERROR   robot.realtime.motion_streamer [robot-motion-streamer] motion_streamer.py:162 | 关节指令下发失败：关节 3 指令加速度 919°/s² 超过上限 720°/s²
2026-08-07 15:53:53,193 ERROR   robot.realtime.motion_streamer [robot-motion-streamer] motion_streamer.py:162 | 关节指令下发失败：关节 3 指令加速度 901°/s² 超过上限 720°/s²
2026-08-07 15:53:54,064 ERROR   robot.realtime.motion_streamer [robot-motion-streamer] motion_streamer.py:162 | 关节指令下发失败：关节 3 指令加速度 886°/s² 超过上限 720°/s²
2026-08-07 15:53:54,682 WARNING robot.realtime.clock [robot-continuous-jog] clock.py:103 | jog-joint 循环滞后 6.5 ms（超过一个控制周期 5.0 ms）
2026-08-07 15:53:54,694 ERROR   robot.realtime.motion_streamer [robot-motion-streamer] motion_streamer.py:162 | 关节指令下发失败：关节 3 指令加速度 1365°/s² 超过上限 720°/s²
2026-08-07 15:53:55,130 WARNING robot.realtime.clock [robot-continuous-jog] clock.py:103 | jog-joint 循环滞后 8.7 ms（超过一个控制周期 5.0 ms）
2026-08-07 15:53:55,133 WARNING robot.realtime.clock [robot-continuous-jog] clock.py:103 | jog-joint 循环滞后 7.1 ms（超过一个控制周期 5.0 ms）
2026-08-07 15:53:55,136 WARNING robot.realtime.clock [robot-continuous-jog] clock.py:103 | jog-joint 循环滞后 5.5 ms（超过一个控制周期 5.0 ms）
2026-08-07 15:53:55,160 ERROR   robot.realtime.motion_streamer [robot-motion-streamer] motion_streamer.py:162 | 关节指令下发失败：关节 3 指令加速度 1014°/s² 超过上限 720°/s²
2026-08-07 15:53:56,148 ERROR   robot.realtime.motion_streamer [robot-motion-streamer] motion_streamer.py:162 | 关节指令下发失败：关节 3 指令加速度 1137°/s² 超过上限 720°/s²
2026-08-07 15:59:10,573 INFO    robot.interfaces.oscilloscope [MainThread] service.py:97 | oscilloscope sampler started at 50.0 Hz for 7 joints
2026-08-07 15:59:10,574 INFO    robot.urdf.catalog [MainThread] catalog.py:86 | 已添加 URDF 搜索目录：/home/liv/zerithWorkSpace/code/e1pro/e1_pro_full
2026-08-07 15:59:11,949 INFO    robot.interfaces.simulator [MainThread] viser_app.py:233 | 已加载机器人 E1-PRO：/home/liv/zerithWorkSpace/code/e1pro/e1_pro_full/marvin6/urdf/E1-PRO_EVT2.0_V12_260730.urdf
2026-08-07 15:59:11,949 INFO    robot.interfaces.simulator [MainThread] viser_app.py:234 | 轨迹速度规划后端：analytic double-S
2026-08-07 15:59:11,949 INFO    robot.interfaces.simulator [MainThread] viser_app.py:235 | 示教器通信接口：http://127.0.0.1:8765
2026-08-07 15:59:27,471 INFO    robot.application.urdf_library [Thread-46 (process_request_thread)] urdf_library.py:128 | 已选择 URDF：/home/liv/zerithWorkSpace/code/e1pro/e1_pro_full/eu_robot_describtion2/urdf/eu_robot_describtion2.urdf
2026-08-07 15:59:28,618 INFO    robot.interfaces.oscilloscope [MainThread] service.py:97 | oscilloscope sampler started at 50.0 Hz for 9 joints
2026-08-07 15:59:30,130 INFO    robot.interfaces.simulator [MainThread] viser_app.py:233 | 已加载机器人 eu_robot_describtion2：/home/liv/zerithWorkSpace/code/e1pro/e1_pro_full/eu_robot_describtion2/urdf/eu_robot_describtion2.urdf
2026-08-07 15:59:30,130 INFO    robot.interfaces.simulator [MainThread] viser_app.py:234 | 轨迹速度规划后端：analytic double-S
2026-08-07 15:59:30,130 INFO    robot.interfaces.simulator [MainThread] viser_app.py:235 | 示教器通信接口：http://127.0.0.1:8765
2026-08-07 16:05:08,483 INFO    robot.interfaces.oscilloscope [MainThread] service.py:97 | oscilloscope sampler started at 50.0 Hz for 7 joints
2026-08-07 16:05:08,484 INFO    robot.urdf.catalog [MainThread] catalog.py:86 | 已添加 URDF 搜索目录：/home/liv/zerithWorkSpace/code/e1pro/e1_pro_full
2026-08-07 16:05:09,876 INFO    robot.interfaces.simulator [MainThread] viser_app.py:233 | 已加载机器人 E1-PRO：/home/liv/zerithWorkSpace/code/e1pro/e1_pro_full/marvin6/urdf/E1-PRO_EVT2.0_V12_260730.urdf
2026-08-07 16:05:09,876 INFO    robot.interfaces.simulator [MainThread] viser_app.py:234 | 轨迹速度规划后端：analytic double-S
2026-08-07 16:05:09,876 INFO    robot.interfaces.simulator [MainThread] viser_app.py:235 | 示教器通信接口：http://127.0.0.1:8765
2026-08-07 16:06:23,229 INFO    robot.interfaces.oscilloscope [MainThread] service.py:97 | oscilloscope sampler started at 50.0 Hz for 7 joints
2026-08-07 16:06:23,230 INFO    robot.urdf.catalog [MainThread] catalog.py:86 | 已添加 URDF 搜索目录：/home/liv/zerithWorkSpace/code/e1pro/e1_pro_full
2026-08-07 16:06:24,620 INFO    robot.interfaces.simulator [MainThread] viser_app.py:233 | 已加载机器人 E1-PRO：/home/liv/zerithWorkSpace/code/e1pro/e1_pro_full/marvin6/urdf/E1-PRO_EVT2.0_V12_260730.urdf
2026-08-07 16:06:24,620 INFO    robot.interfaces.simulator [MainThread] viser_app.py:234 | 轨迹速度规划后端：analytic double-S
2026-08-07 16:06:24,620 INFO    robot.interfaces.simulator [MainThread] viser_app.py:235 | 示教器通信接口：http://127.0.0.1:8765
2026-08-07 16:06:59,344 ERROR   robot.realtime.motion_streamer [robot-motion-streamer] motion_streamer.py:176 | 关节指令下发失败：关节 1 指令加速度 1706°/s² 超过上限 720°/s²
2026-08-07 16:06:59,399 ERROR   robot.realtime.motion_streamer [robot-motion-streamer] motion_streamer.py:176 | 关节指令下发失败：关节 1 指令加速度 972°/s² 超过上限 720°/s²
2026-08-07 16:06:59,469 ERROR   robot.realtime.motion_streamer [robot-motion-streamer] motion_streamer.py:176 | 关节指令下发失败：关节 1 指令加速度 1223°/s² 超过上限 720°/s²
2026-08-07 16:06:59,537 ERROR   robot.realtime.motion_streamer [robot-motion-streamer] motion_streamer.py:176 | 关节指令下发失败：关节 1 指令加速度 1037°/s² 超过上限 720°/s²
2026-08-07 16:06:59,609 ERROR   robot.realtime.motion_streamer [robot-motion-streamer] motion_streamer.py:176 | 关节指令下发失败：关节 1 指令加速度 1990°/s² 超过上限 720°/s²
2026-08-07 16:06:59,675 ERROR   robot.realtime.motion_streamer [robot-motion-streamer] motion_streamer.py:176 | 关节指令下发失败：关节 1 指令加速度 1601°/s² 超过上限 720°/s²
2026-08-07 16:06:59,738 ERROR   robot.realtime.motion_streamer [robot-motion-streamer] motion_streamer.py:176 | 关节指令下发失败：关节 1 指令加速度 908°/s² 超过上限 720°/s²
2026-08-07 16:06:59,811 ERROR   robot.realtime.motion_streamer [robot-motion-streamer] motion_streamer.py:176 | 关节指令下发失败：关节 1 指令加速度 1150°/s² 超过上限 720°/s²
2026-08-07 16:06:59,874 ERROR   robot.realtime.motion_streamer [robot-motion-streamer] motion_streamer.py:176 | 关节指令下发失败：关节 1 指令加速度 1442°/s² 超过上限 720°/s²
2026-08-07 16:06:59,907 ERROR   robot.realtime.motion_streamer [robot-motion-streamer] motion_streamer.py:176 | 关节指令下发失败：关节 1 指令加速度 1260°/s² 超过上限 720°/s²
2026-08-07 16:06:59,941 ERROR   robot.realtime.motion_streamer [robot-motion-streamer] motion_streamer.py:176 | 关节指令下发失败：关节 1 指令加速度 1299°/s² 超过上限 720°/s²
2026-08-07 16:07:00,043 ERROR   robot.realtime.motion_streamer [robot-motion-streamer] motion_streamer.py:176 | 关节指令下发失败：关节 1 指令加速度 1284°/s² 超过上限 720°/s²
2026-08-07 16:07:00,108 ERROR   robot.realtime.motion_streamer [robot-motion-streamer] motion_streamer.py:176 | 关节指令下发失败：关节 1 指令加速度 1106°/s² 超过上限 720°/s²
2026-08-07 16:07:00,146 ERROR   robot.realtime.motion_streamer [robot-motion-streamer] motion_streamer.py:176 | 关节指令下发失败：关节 1 指令加速度 1662°/s² 超过上限 720°/s²
2026-08-07 16:07:00,210 ERROR   robot.realtime.motion_streamer [robot-motion-streamer] motion_streamer.py:176 | 关节指令下发失败：关节 1 指令加速度 1766°/s² 超过上限 720°/s²
2026-08-07 16:07:00,278 ERROR   robot.realtime.motion_streamer [robot-motion-streamer] motion_streamer.py:176 | 关节指令下发失败：关节 1 指令加速度 1603°/s² 超过上限 720°/s²
2026-08-07 16:07:00,377 ERROR   robot.realtime.motion_streamer [robot-motion-streamer] motion_streamer.py:176 | 关节指令下发失败：关节 1 指令加速度 985°/s² 超过上限 720°/s²
2026-08-07 16:07:00,479 ERROR   robot.realtime.motion_streamer [robot-motion-streamer] motion_streamer.py:176 | 关节指令下发失败：关节 1 指令加速度 1635°/s² 超过上限 720°/s²
2026-08-07 16:07:00,549 ERROR   robot.realtime.motion_streamer [robot-motion-streamer] motion_streamer.py:176 | 关节指令下发失败：关节 1 指令加速度 1029°/s² 超过上限 720°/s²
2026-08-07 16:07:00,579 ERROR   robot.realtime.motion_streamer [robot-motion-streamer] motion_streamer.py:176 | 关节指令下发失败：关节 1 指令加速度 1014°/s² 超过上限 720°/s²
2026-08-07 16:07:00,612 ERROR   robot.realtime.motion_streamer [robot-motion-streamer] motion_streamer.py:176 | 关节指令下发失败：关节 1 指令加速度 1168°/s² 超过上限 720°/s²
2026-08-07 16:07:00,677 ERROR   robot.realtime.motion_streamer [robot-motion-streamer] motion_streamer.py:176 | 关节指令下发失败：关节 1 指令加速度 1448°/s² 超过上限 720°/s²
2026-08-07 16:07:00,780 ERROR   robot.realtime.motion_streamer [robot-motion-streamer] motion_streamer.py:176 | 关节指令下发失败：关节 1 指令加速度 1426°/s² 超过上限 720°/s²
2026-08-07 16:07:00,816 ERROR   robot.realtime.motion_streamer [robot-motion-streamer] motion_streamer.py:176 | 关节指令下发失败：关节 1 指令加速度 1611°/s² 超过上限 720°/s²
2026-08-07 16:07:00,852 ERROR   robot.realtime.motion_streamer [robot-motion-streamer] motion_streamer.py:176 | 关节指令下发失败：关节 1 指令加速度 1360°/s² 超过上限 720°/s²
2026-08-07 16:07:00,882 ERROR   robot.realtime.motion_streamer [robot-motion-streamer] motion_streamer.py:176 | 关节指令下发失败：关节 1 指令加速度 1510°/s² 超过上限 720°/s²
2026-08-07 16:07:00,915 ERROR   robot.realtime.motion_streamer [robot-motion-streamer] motion_streamer.py:176 | 关节指令下发失败：关节 1 指令加速度 1016°/s² 超过上限 720°/s²
2026-08-07 16:07:00,947 ERROR   robot.realtime.motion_streamer [robot-motion-streamer] motion_streamer.py:176 | 关节指令下发失败：关节 1 指令加速度 875°/s² 超过上限 720°/s²
2026-08-07 16:07:00,986 ERROR   robot.realtime.motion_streamer [robot-motion-streamer] motion_streamer.py:176 | 关节指令下发失败：关节 1 指令加速度 1856°/s² 超过上限 720°/s²
2026-08-07 16:07:00,991 ERROR   robot.realtime.motion_streamer [robot-motion-streamer] motion_streamer.py:176 | 关节指令下发失败：关节 1 指令加速度 928°/s² 超过上限 720°/s²
2026-08-07 16:07:01,052 ERROR   robot.realtime.motion_streamer [robot-motion-streamer] motion_streamer.py:176 | 关节指令下发失败：关节 1 指令加速度 1107°/s² 超过上限 720°/s²
2026-08-07 16:07:01,117 ERROR   robot.realtime.motion_streamer [robot-motion-streamer] motion_streamer.py:176 | 关节指令下发失败：关节 1 指令加速度 1478°/s² 超过上限 720°/s²
2026-08-07 16:07:01,152 ERROR   robot.realtime.motion_streamer [robot-motion-streamer] motion_streamer.py:176 | 关节指令下发失败：关节 1 指令加速度 1165°/s² 超过上限 720°/s²
2026-08-07 16:07:01,280 ERROR   robot.realtime.motion_streamer [robot-motion-streamer] motion_streamer.py:176 | 关节指令下发失败：关节 1 指令加速度 960°/s² 超过上限 720°/s²
2026-08-07 16:07:01,383 ERROR   robot.realtime.motion_streamer [robot-motion-streamer] motion_streamer.py:176 | 关节指令下发失败：关节 1 指令加速度 983°/s² 超过上限 720°/s²
2026-08-07 16:07:01,401 ERROR   robot.realtime.motion_streamer [robot-motion-streamer] motion_streamer.py:176 | 关节指令下发失败：关节 1 指令加速度 936°/s² 超过上限 720°/s²
2026-08-07 16:07:01,425 ERROR   robot.realtime.motion_streamer [robot-motion-streamer] motion_streamer.py:176 | 关节指令下发失败：关节 1 指令加速度 960°/s² 超过上限 720°/s²
2026-08-07 16:07:01,493 ERROR   robot.realtime.motion_streamer [robot-motion-streamer] motion_streamer.py:176 | 关节指令下发失败：关节 1 指令加速度 1653°/s² 超过上限 720°/s²
2026-08-07 16:07:01,556 ERROR   robot.realtime.motion_streamer [robot-motion-streamer] motion_streamer.py:176 | 关节指令下发失败：关节 1 指令加速度 1149°/s² 超过上限 720°/s²
2026-08-07 16:07:01,589 ERROR   robot.realtime.motion_streamer [robot-motion-streamer] motion_streamer.py:176 | 关节指令下发失败：关节 1 指令加速度 895°/s² 超过上限 720°/s²
2026-08-07 16:07:01,688 ERROR   robot.realtime.motion_streamer [robot-motion-streamer] motion_streamer.py:176 | 关节指令下发失败：关节 1 指令加速度 1264°/s² 超过上限 720°/s²
2026-08-07 16:07:01,720 ERROR   robot.realtime.motion_streamer [robot-motion-streamer] motion_streamer.py:176 | 关节指令下发失败：关节 1 指令加速度 965°/s² 超过上限 720°/s²
2026-08-07 16:07:01,827 ERROR   robot.realtime.motion_streamer [robot-motion-streamer] motion_streamer.py:176 | 关节指令下发失败：关节 1 指令加速度 1699°/s² 超过上限 720°/s²
2026-08-07 16:07:01,864 ERROR   robot.realtime.motion_streamer [robot-motion-streamer] motion_streamer.py:176 | 关节指令下发失败：关节 1 指令加速度 1053°/s² 超过上限 720°/s²
2026-08-07 16:07:01,931 ERROR   robot.realtime.motion_streamer [robot-motion-streamer] motion_streamer.py:176 | 关节指令下发失败：关节 1 指令加速度 1022°/s² 超过上限 720°/s²
2026-08-07 16:07:01,998 ERROR   robot.realtime.motion_streamer [robot-motion-streamer] motion_streamer.py:176 | 关节指令下发失败：关节 1 指令加速度 1081°/s² 超过上限 720°/s²
2026-08-07 16:07:02,061 ERROR   robot.realtime.motion_streamer [robot-motion-streamer] motion_streamer.py:176 | 关节指令下发失败：关节 1 指令加速度 1004°/s² 超过上限 720°/s²
2026-08-07 16:07:02,097 ERROR   robot.realtime.motion_streamer [robot-motion-streamer] motion_streamer.py:176 | 关节指令下发失败：关节 1 指令加速度 1465°/s² 超过上限 720°/s²
2026-08-07 16:07:02,197 ERROR   robot.realtime.motion_streamer [robot-motion-streamer] motion_streamer.py:176 | 关节指令下发失败：关节 1 指令加速度 1137°/s² 超过上限 720°/s²
2026-08-07 16:07:02,229 ERROR   robot.realtime.motion_streamer [robot-motion-streamer] motion_streamer.py:176 | 关节指令下发失败：关节 1 指令加速度 1756°/s² 超过上限 720°/s²
2026-08-07 16:07:02,234 ERROR   robot.realtime.motion_streamer [robot-motion-streamer] motion_streamer.py:176 | 关节指令下发失败：关节 1 指令加速度 878°/s² 超过上限 720°/s²
2026-08-07 16:07:02,265 ERROR   robot.realtime.motion_streamer [robot-motion-streamer] motion_streamer.py:176 | 关节指令下发失败：关节 1 指令加速度 1606°/s² 超过上限 720°/s²
2026-08-07 16:07:02,399 ERROR   robot.realtime.motion_streamer [robot-motion-streamer] motion_streamer.py:176 | 关节指令下发失败：关节 1 指令加速度 1409°/s² 超过上限 720°/s²
2026-08-07 16:07:02,533 ERROR   robot.realtime.motion_streamer [robot-motion-streamer] motion_streamer.py:176 | 关节指令下发失败：关节 1 指令加速度 1323°/s² 超过上限 720°/s²
2026-08-07 16:07:02,599 ERROR   robot.realtime.motion_streamer [robot-motion-streamer] motion_streamer.py:176 | 关节指令下发失败：关节 1 指令加速度 1633°/s² 超过上限 720°/s²
2026-08-07 16:07:02,632 ERROR   robot.realtime.motion_streamer [robot-motion-streamer] motion_streamer.py:176 | 关节指令下发失败：关节 1 指令加速度 936°/s² 超过上限 720°/s²
2026-08-07 16:07:02,672 ERROR   robot.realtime.motion_streamer [robot-motion-streamer] motion_streamer.py:176 | 关节指令下发失败：关节 1 指令加速度 1366°/s² 超过上限 720°/s²
2026-08-07 16:07:02,733 ERROR   robot.realtime.motion_streamer [robot-motion-streamer] motion_streamer.py:176 | 关节指令下发失败：关节 1 指令加速度 1330°/s² 超过上限 720°/s²
2026-08-07 16:07:03,102 ERROR   robot.realtime.motion_streamer [robot-motion-streamer] motion_streamer.py:176 | 关节指令下发失败：关节 1 指令加速度 1437°/s² 超过上限 720°/s²
2026-08-07 16:07:03,135 ERROR   robot.realtime.motion_streamer [robot-motion-streamer] motion_streamer.py:176 | 关节指令下发失败：关节 1 指令加速度 1091°/s² 超过上限 720°/s²
2026-08-07 16:07:03,168 ERROR   robot.realtime.motion_streamer [robot-motion-streamer] motion_streamer.py:176 | 关节指令下发失败：关节 1 指令加速度 1029°/s² 超过上限 720°/s²
2026-08-07 16:07:03,236 ERROR   robot.realtime.motion_streamer [robot-motion-streamer] motion_streamer.py:176 | 关节指令下发失败：关节 1 指令加速度 1577°/s² 超过上限 720°/s²
2026-08-07 16:07:03,270 ERROR   robot.realtime.motion_streamer [robot-motion-streamer] motion_streamer.py:176 | 关节指令下发失败：关节 1 指令加速度 1194°/s² 超过上限 720°/s²
2026-08-07 16:07:03,336 ERROR   robot.realtime.motion_streamer [robot-motion-streamer] motion_streamer.py:176 | 关节指令下发失败：关节 1 指令加速度 1249°/s² 超过上限 720°/s²
2026-08-07 16:07:03,369 ERROR   robot.realtime.motion_streamer [robot-motion-streamer] motion_streamer.py:176 | 关节指令下发失败：关节 1 指令加速度 1127°/s² 超过上限 720°/s²
2026-08-07 16:07:03,403 ERROR   robot.realtime.motion_streamer [robot-motion-streamer] motion_streamer.py:176 | 关节指令下发失败：关节 1 指令加速度 1078°/s² 超过上限 720°/s²
2026-08-07 16:07:03,448 ERROR   robot.realtime.motion_streamer [robot-motion-streamer] motion_streamer.py:176 | 关节指令下发失败：关节 1 指令加速度 1137°/s² 超过上限 720°/s²
2026-08-07 16:07:03,571 ERROR   robot.realtime.motion_streamer [robot-motion-streamer] motion_streamer.py:176 | 关节指令下发失败：关节 1 指令加速度 1746°/s² 超过上限 720°/s²
2026-08-07 16:07:03,576 ERROR   robot.realtime.motion_streamer [robot-motion-streamer] motion_streamer.py:176 | 关节指令下发失败：关节 1 指令加速度 872°/s² 超过上限 720°/s²
2026-08-07 16:07:03,644 ERROR   robot.realtime.motion_streamer [robot-motion-streamer] motion_streamer.py:176 | 关节指令下发失败：关节 1 指令加速度 1127°/s² 超过上限 720°/s²
2026-08-07 16:07:03,673 ERROR   robot.realtime.motion_streamer [robot-motion-streamer] motion_streamer.py:176 | 关节指令下发失败：关节 1 指令加速度 1075°/s² 超过上限 720°/s²
2026-08-07 16:07:03,771 ERROR   robot.realtime.motion_streamer [robot-motion-streamer] motion_streamer.py:176 | 关节指令下发失败：关节 1 指令加速度 1108°/s² 超过上限 720°/s²
2026-08-07 16:07:03,841 ERROR   robot.realtime.motion_streamer [robot-motion-streamer] motion_streamer.py:176 | 关节指令下发失败：关节 1 指令加速度 1589°/s² 超过上限 720°/s²
2026-08-07 16:07:03,973 ERROR   robot.realtime.motion_streamer [robot-motion-streamer] motion_streamer.py:176 | 关节指令下发失败：关节 1 指令加速度 1245°/s² 超过上限 720°/s²
2026-08-07 16:07:04,010 ERROR   robot.realtime.motion_streamer [robot-motion-streamer] motion_streamer.py:176 | 关节指令下发失败：关节 1 指令加速度 864°/s² 超过上限 720°/s²
2026-08-07 16:07:04,046 ERROR   robot.realtime.motion_streamer [robot-motion-streamer] motion_streamer.py:176 | 关节指令下发失败：关节 1 指令加速度 1464°/s² 超过上限 720°/s²
2026-08-07 16:07:04,077 ERROR   robot.realtime.motion_streamer [robot-motion-streamer] motion_streamer.py:176 | 关节指令下发失败：关节 1 指令加速度 1604°/s² 超过上限 720°/s²
2026-08-07 16:07:04,249 ERROR   robot.realtime.motion_streamer [robot-motion-streamer] motion_streamer.py:176 | 关节指令下发失败：关节 1 指令加速度 1065°/s² 超过上限 720°/s²
2026-08-07 16:07:04,282 ERROR   robot.realtime.motion_streamer [robot-motion-streamer] motion_streamer.py:176 | 关节指令下发失败：关节 1 指令加速度 942°/s² 超过上限 720°/s²
2026-08-07 16:07:04,348 ERROR   robot.realtime.motion_streamer [robot-motion-streamer] motion_streamer.py:176 | 关节指令下发失败：关节 1 指令加速度 1352°/s² 超过上限 720°/s²
2026-08-07 16:07:04,416 ERROR   robot.realtime.motion_streamer [robot-motion-streamer] motion_streamer.py:176 | 关节指令下发失败：关节 1 指令加速度 1777°/s² 超过上限 720°/s²
2026-08-07 16:07:04,518 ERROR   robot.realtime.motion_streamer [robot-motion-streamer] motion_streamer.py:176 | 关节指令下发失败：关节 1 指令加速度 1591°/s² 超过上限 720°/s²
2026-08-07 16:07:04,582 ERROR   robot.realtime.motion_streamer [robot-motion-streamer] motion_streamer.py:176 | 关节指令下发失败：关节 1 指令加速度 1271°/s² 超过上限 720°/s²
2026-08-07 16:07:04,649 ERROR   robot.realtime.motion_streamer [robot-motion-streamer] motion_streamer.py:176 | 关节指令下发失败：关节 1 指令加速度 1042°/s² 超过上限 720°/s²
2026-08-07 16:07:04,683 ERROR   robot.realtime.motion_streamer [robot-motion-streamer] motion_streamer.py:176 | 关节指令下发失败：关节 1 指令加速度 1333°/s² 超过上限 720°/s²
2026-08-07 16:07:04,749 ERROR   robot.realtime.motion_streamer [robot-motion-streamer] motion_streamer.py:176 | 关节指令下发失败：关节 1 指令加速度 1388°/s² 超过上限 720°/s²
2026-08-07 16:07:04,793 ERROR   robot.realtime.motion_streamer [robot-motion-streamer] motion_streamer.py:176 | 关节指令下发失败：关节 1 指令加速度 886°/s² 超过上限 720°/s²
2026-08-07 16:07:05,085 ERROR   robot.realtime.motion_streamer [robot-motion-streamer] motion_streamer.py:176 | 关节指令下发失败：关节 1 指令加速度 1163°/s² 超过上限 720°/s²
2026-08-07 16:07:05,123 ERROR   robot.realtime.motion_streamer [robot-motion-streamer] motion_streamer.py:176 | 关节指令下发失败：关节 1 指令加速度 1135°/s² 超过上限 720°/s²
2026-08-07 16:07:05,189 ERROR   robot.realtime.motion_streamer [robot-motion-streamer] motion_streamer.py:176 | 关节指令下发失败：关节 1 指令加速度 885°/s² 超过上限 720°/s²
2026-08-07 16:07:05,285 WARNING robot.realtime.clock [robot-continuous-jog] clock.py:107 | jog-joint 循环滞后 5.4 ms（超过一个控制周期 5.0 ms）
2026-08-07 16:07:05,354 ERROR   robot.realtime.motion_streamer [robot-motion-streamer] motion_streamer.py:176 | 关节指令下发失败：关节 1 指令加速度 1192°/s² 超过上限 720°/s²
2026-08-07 16:07:05,388 ERROR   robot.realtime.motion_streamer [robot-motion-streamer] motion_streamer.py:176 | 关节指令下发失败：关节 1 指令加速度 1378°/s² 超过上限 720°/s²
2026-08-07 16:07:05,421 ERROR   robot.realtime.motion_streamer [robot-motion-streamer] motion_streamer.py:176 | 关节指令下发失败：关节 1 指令加速度 885°/s² 超过上限 720°/s²
2026-08-07 16:07:05,521 ERROR   robot.realtime.motion_streamer [robot-motion-streamer] motion_streamer.py:176 | 关节指令下发失败：关节 1 指令加速度 1172°/s² 超过上限 720°/s²
2026-08-07 16:07:05,722 ERROR   robot.realtime.motion_streamer [robot-motion-streamer] motion_streamer.py:176 | 关节指令下发失败：关节 1 指令加速度 991°/s² 超过上限 720°/s²
2026-08-07 16:07:05,756 ERROR   robot.realtime.motion_streamer [robot-motion-streamer] motion_streamer.py:176 | 关节指令下发失败：关节 1 指令加速度 1306°/s² 超过上限 720°/s²
2026-08-07 16:07:05,789 ERROR   robot.realtime.motion_streamer [robot-motion-streamer] motion_streamer.py:176 | 关节指令下发失败：关节 1 指令加速度 1285°/s² 超过上限 720°/s²
2026-08-07 16:07:05,821 ERROR   robot.realtime.motion_streamer [robot-motion-streamer] motion_streamer.py:176 | 关节指令下发失败：关节 1 指令加速度 916°/s² 超过上限 720°/s²
2026-08-07 16:07:05,890 ERROR   robot.realtime.motion_streamer [robot-motion-streamer] motion_streamer.py:176 | 关节指令下发失败：关节 1 指令加速度 1069°/s² 超过上限 720°/s²
2026-08-07 16:07:05,999 ERROR   robot.realtime.motion_streamer [robot-motion-streamer] motion_streamer.py:176 | 关节指令下发失败：关节 1 指令加速度 1052°/s² 超过上限 720°/s²
2026-08-07 16:07:06,057 ERROR   robot.realtime.motion_streamer [robot-motion-streamer] motion_streamer.py:176 | 关节指令下发失败：关节 1 指令加速度 1192°/s² 超过上限 720°/s²
2026-08-07 16:07:06,193 ERROR   robot.realtime.motion_streamer [robot-motion-streamer] motion_streamer.py:176 | 关节指令下发失败：关节 1 指令加速度 1583°/s² 超过上限 720°/s²
2026-08-07 16:07:06,263 ERROR   robot.realtime.motion_streamer [robot-motion-streamer] motion_streamer.py:176 | 关节指令下发失败：关节 1 指令加速度 1290°/s² 超过上限 720°/s²
2026-08-07 16:07:06,295 ERROR   robot.realtime.motion_streamer [robot-motion-streamer] motion_streamer.py:176 | 关节指令下发失败：关节 1 指令加速度 998°/s² 超过上限 720°/s²
2026-08-07 16:07:06,356 ERROR   robot.realtime.motion_streamer [robot-motion-streamer] motion_streamer.py:176 | 关节指令下发失败：关节 1 指令加速度 906°/s² 超过上限 720°/s²
2026-08-07 16:07:06,426 ERROR   robot.realtime.motion_streamer [robot-motion-streamer] motion_streamer.py:176 | 关节指令下发失败：关节 1 指令加速度 1262°/s² 超过上限 720°/s²
2026-08-07 16:07:06,462 ERROR   robot.realtime.motion_streamer [robot-motion-streamer] motion_streamer.py:176 | 关节指令下发失败：关节 1 指令加速度 1609°/s² 超过上限 720°/s²
2026-08-07 16:07:06,495 ERROR   robot.realtime.motion_streamer [robot-motion-streamer] motion_streamer.py:176 | 关节指令下发失败：关节 1 指令加速度 1886°/s² 超过上限 720°/s²
2026-08-07 16:07:06,500 ERROR   robot.realtime.motion_streamer [robot-motion-streamer] motion_streamer.py:176 | 关节指令下发失败：关节 1 指令加速度 890°/s² 超过上限 720°/s²
2026-08-07 16:07:06,560 ERROR   robot.realtime.motion_streamer [robot-motion-streamer] motion_streamer.py:176 | 关节指令下发失败：关节 1 指令加速度 898°/s² 超过上限 720°/s²
2026-08-07 16:07:06,657 ERROR   robot.realtime.motion_streamer [robot-motion-streamer] motion_streamer.py:176 | 关节指令下发失败：关节 1 指令加速度 1105°/s² 超过上限 720°/s²
2026-08-07 16:07:06,763 ERROR   robot.realtime.motion_streamer [robot-motion-streamer] motion_streamer.py:176 | 关节指令下发失败：关节 1 指令加速度 1226°/s² 超过上限 720°/s²
2026-08-07 16:07:06,858 ERROR   robot.realtime.motion_streamer [robot-motion-streamer] motion_streamer.py:176 | 关节指令下发失败：关节 1 指令加速度 994°/s² 超过上限 720°/s²
2026-08-07 16:07:06,899 ERROR   robot.realtime.motion_streamer [robot-motion-streamer] motion_streamer.py:176 | 关节指令下发失败：关节 1 指令加速度 1596°/s² 超过上限 720°/s²
2026-08-07 16:07:06,929 ERROR   robot.realtime.motion_streamer [robot-motion-streamer] motion_streamer.py:176 | 关节指令下发失败：关节 1 指令加速度 1514°/s² 超过上限 720°/s²
2026-08-07 16:07:06,963 ERROR   robot.realtime.motion_streamer [robot-motion-streamer] motion_streamer.py:176 | 关节指令下发失败：关节 1 指令加速度 1375°/s² 超过上限 720°/s²
2026-08-07 16:07:06,992 ERROR   robot.realtime.motion_streamer [robot-motion-streamer] motion_streamer.py:176 | 关节指令下发失败：关节 1 指令加速度 1022°/s² 超过上限 720°/s²
2026-08-07 16:07:07,042 ERROR   robot.realtime.motion_streamer [robot-motion-streamer] motion_streamer.py:176 | 关节指令下发失败：关节 1 指令加速度 1194°/s² 超过上限 720°/s²
2026-08-07 16:07:07,097 ERROR   robot.realtime.motion_streamer [robot-motion-streamer] motion_streamer.py:176 | 关节指令下发失败：关节 1 指令加速度 1730°/s² 超过上限 720°/s²
2026-08-07 16:07:07,102 ERROR   robot.realtime.motion_streamer [robot-motion-streamer] motion_streamer.py:176 | 关节指令下发失败：关节 1 指令加速度 865°/s² 超过上限 720°/s²
2026-08-07 16:07:07,165 ERROR   robot.realtime.motion_streamer [robot-motion-streamer] motion_streamer.py:176 | 关节指令下发失败：关节 1 指令加速度 1607°/s² 超过上限 720°/s²
2026-08-07 16:07:07,362 ERROR   robot.realtime.motion_streamer [robot-motion-streamer] motion_streamer.py:176 | 关节指令下发失败：关节 1 指令加速度 1133°/s² 超过上限 720°/s²
2026-08-07 16:07:07,464 ERROR   robot.realtime.motion_streamer [robot-motion-streamer] motion_streamer.py:176 | 关节指令下发失败：关节 1 指令加速度 1151°/s² 超过上限 720°/s²
2026-08-07 16:07:07,498 ERROR   robot.realtime.motion_streamer [robot-motion-streamer] motion_streamer.py:176 | 关节指令下发失败：关节 1 指令加速度 1227°/s² 超过上限 720°/s²
2026-08-07 16:07:07,532 ERROR   robot.realtime.motion_streamer [robot-motion-streamer] motion_streamer.py:176 | 关节指令下发失败：关节 1 指令加速度 1415°/s² 超过上限 720°/s²
2026-08-07 16:07:07,565 ERROR   robot.realtime.motion_streamer [robot-motion-streamer] motion_streamer.py:176 | 关节指令下发失败：关节 1 指令加速度 1042°/s² 超过上限 720°/s²
2026-08-07 16:07:07,666 ERROR   robot.realtime.motion_streamer [robot-motion-streamer] motion_streamer.py:176 | 关节指令下发失败：关节 1 指令加速度 1008°/s² 超过上限 720°/s²
2026-08-07 16:07:07,733 ERROR   robot.realtime.motion_streamer [robot-motion-streamer] motion_streamer.py:176 | 关节指令下发失败：关节 1 指令加速度 1518°/s² 超过上限 720°/s²
2026-08-07 16:07:07,767 ERROR   robot.realtime.motion_streamer [robot-motion-streamer] motion_streamer.py:176 | 关节指令下发失败：关节 1 指令加速度 1125°/s² 超过上限 720°/s²
2026-08-07 16:07:07,801 ERROR   robot.realtime.motion_streamer [robot-motion-streamer] motion_streamer.py:176 | 关节指令下发失败：关节 1 指令加速度 1307°/s² 超过上限 720°/s²
2026-08-07 16:07:07,871 ERROR   robot.realtime.motion_streamer [robot-motion-streamer] motion_streamer.py:176 | 关节指令下发失败：关节 1 指令加速度 1102°/s² 超过上限 720°/s²
2026-08-07 16:07:08,003 ERROR   robot.realtime.motion_streamer [robot-motion-streamer] motion_streamer.py:176 | 关节指令下发失败：关节 1 指令加速度 1342°/s² 超过上限 720°/s²
2026-08-07 16:07:08,070 ERROR   robot.realtime.motion_streamer [robot-motion-streamer] motion_streamer.py:176 | 关节指令下发失败：关节 1 指令加速度 1177°/s² 超过上限 720°/s²
2026-08-07 16:07:08,101 ERROR   robot.realtime.motion_streamer [robot-motion-streamer] motion_streamer.py:176 | 关节指令下发失败：关节 1 指令加速度 1538°/s² 超过上限 720°/s²
2026-08-07 16:07:08,303 ERROR   robot.realtime.motion_streamer [robot-motion-streamer] motion_streamer.py:176 | 关节指令下发失败：关节 1 指令加速度 1272°/s² 超过上限 720°/s²
2026-08-07 16:07:08,403 ERROR   robot.realtime.motion_streamer [robot-motion-streamer] motion_streamer.py:176 | 关节指令下发失败：关节 1 指令加速度 1006°/s² 超过上限 720°/s²
2026-08-07 16:07:08,442 ERROR   robot.realtime.motion_streamer [robot-motion-streamer] motion_streamer.py:176 | 关节指令下发失败：关节 1 指令加速度 974°/s² 超过上限 720°/s²
2026-08-07 16:07:08,545 ERROR   robot.realtime.motion_streamer [robot-motion-streamer] motion_streamer.py:176 | 关节指令下发失败：关节 1 指令加速度 1614°/s² 超过上限 720°/s²
2026-08-07 16:07:08,573 ERROR   robot.realtime.motion_streamer [robot-motion-streamer] motion_streamer.py:176 | 关节指令下发失败：关节 1 指令加速度 1320°/s² 超过上限 720°/s²
2026-08-07 16:07:08,844 ERROR   robot.realtime.motion_streamer [robot-motion-streamer] motion_streamer.py:176 | 关节指令下发失败：关节 1 指令加速度 1766°/s² 超过上限 720°/s²
2026-08-07 16:07:08,849 ERROR   robot.realtime.motion_streamer [robot-motion-streamer] motion_streamer.py:176 | 关节指令下发失败：关节 1 指令加速度 883°/s² 超过上限 720°/s²
2026-08-07 16:07:08,877 ERROR   robot.realtime.motion_streamer [robot-motion-streamer] motion_streamer.py:176 | 关节指令下发失败：关节 1 指令加速度 1032°/s² 超过上限 720°/s²
2026-08-07 16:07:08,979 ERROR   robot.realtime.motion_streamer [robot-motion-streamer] motion_streamer.py:176 | 关节指令下发失败：关节 1 指令加速度 1684°/s² 超过上限 720°/s²
2026-08-07 16:07:09,048 ERROR   robot.realtime.motion_streamer [robot-motion-streamer] motion_streamer.py:176 | 关节指令下发失败：关节 1 指令加速度 1091°/s² 超过上限 720°/s²
2026-08-07 16:07:09,113 ERROR   robot.realtime.motion_streamer [robot-motion-streamer] motion_streamer.py:176 | 关节指令下发失败：关节 1 指令加速度 1227°/s² 超过上限 720°/s²
2026-08-07 16:07:09,149 ERROR   robot.realtime.motion_streamer [robot-motion-streamer] motion_streamer.py:176 | 关节指令下发失败：关节 1 指令加速度 1376°/s² 超过上限 720°/s²
2026-08-07 16:07:09,181 ERROR   robot.realtime.motion_streamer [robot-motion-streamer] motion_streamer.py:176 | 关节指令下发失败：关节 1 指令加速度 1402°/s² 超过上限 720°/s²
2026-08-07 16:07:09,217 ERROR   robot.realtime.motion_streamer [robot-motion-streamer] motion_streamer.py:176 | 关节指令下发失败：关节 1 指令加速度 1126°/s² 超过上限 720°/s²
2026-08-07 16:07:09,282 ERROR   robot.realtime.motion_streamer [robot-motion-streamer] motion_streamer.py:176 | 关节指令下发失败：关节 1 指令加速度 1218°/s² 超过上限 720°/s²
2026-08-07 16:07:09,347 ERROR   robot.realtime.motion_streamer [robot-motion-streamer] motion_streamer.py:176 | 关节指令下发失败：关节 1 指令加速度 1452°/s² 超过上限 720°/s²
2026-08-07 16:07:09,381 ERROR   robot.realtime.motion_streamer [robot-motion-streamer] motion_streamer.py:176 | 关节指令下发失败：关节 1 指令加速度 896°/s² 超过上限 720°/s²
2026-08-07 16:07:09,414 ERROR   robot.realtime.motion_streamer [robot-motion-streamer] motion_streamer.py:176 | 关节指令下发失败：关节 1 指令加速度 1200°/s² 超过上限 720°/s²
2026-08-07 16:07:09,448 ERROR   robot.realtime.motion_streamer [robot-motion-streamer] motion_streamer.py:176 | 关节指令下发失败：关节 1 指令加速度 1208°/s² 超过上限 720°/s²
2026-08-07 16:07:09,485 ERROR   robot.realtime.motion_streamer [robot-motion-streamer] motion_streamer.py:176 | 关节指令下发失败：关节 1 指令加速度 1538°/s² 超过上限 720°/s²
2026-08-07 16:07:09,514 ERROR   robot.realtime.motion_streamer [robot-motion-streamer] motion_streamer.py:176 | 关节指令下发失败：关节 1 指令加速度 1305°/s² 超过上限 720°/s²
2026-08-07 16:07:09,548 ERROR   robot.realtime.motion_streamer [robot-motion-streamer] motion_streamer.py:176 | 关节指令下发失败：关节 1 指令加速度 1472°/s² 超过上限 720°/s²
2026-08-07 16:07:09,582 ERROR   robot.realtime.motion_streamer [robot-motion-streamer] motion_streamer.py:176 | 关节指令下发失败：关节 1 指令加速度 1320°/s² 超过上限 720°/s²
2026-08-07 16:07:09,615 ERROR   robot.realtime.motion_streamer [robot-motion-streamer] motion_streamer.py:176 | 关节指令下发失败：关节 1 指令加速度 1098°/s² 超过上限 720°/s²
2026-08-07 16:07:09,648 ERROR   robot.realtime.motion_streamer [robot-motion-streamer] motion_streamer.py:176 | 关节指令下发失败：关节 1 指令加速度 1071°/s² 超过上限 720°/s²
2026-08-07 16:07:09,682 ERROR   robot.realtime.motion_streamer [robot-motion-streamer] motion_streamer.py:176 | 关节指令下发失败：关节 1 指令加速度 1170°/s² 超过上限 720°/s²
2026-08-07 16:07:09,715 ERROR   robot.realtime.motion_streamer [robot-motion-streamer] motion_streamer.py:176 | 关节指令下发失败：关节 1 指令加速度 1151°/s² 超过上限 720°/s²
2026-08-07 16:07:09,750 ERROR   robot.realtime.motion_streamer [robot-motion-streamer] motion_streamer.py:176 | 关节指令下发失败：关节 1 指令加速度 1494°/s² 超过上限 720°/s²
2026-08-07 16:07:09,820 ERROR   robot.realtime.motion_streamer [robot-motion-streamer] motion_streamer.py:176 | 关节指令下发失败：关节 1 指令加速度 1361°/s² 超过上限 720°/s²
2026-08-07 16:07:09,838 ERROR   robot.realtime.motion_streamer [robot-motion-streamer] motion_streamer.py:176 | 关节指令下发失败：关节 1 指令加速度 1130°/s² 超过上限 720°/s²
2026-08-07 16:07:09,916 ERROR   robot.realtime.motion_streamer [robot-motion-streamer] motion_streamer.py:176 | 关节指令下发失败：关节 1 指令加速度 1372°/s² 超过上限 720°/s²
2026-08-07 16:07:09,952 ERROR   robot.realtime.motion_streamer [robot-motion-streamer] motion_streamer.py:176 | 关节指令下发失败：关节 1 指令加速度 1612°/s² 超过上限 720°/s²
2026-08-07 16:07:09,985 ERROR   robot.realtime.motion_streamer [robot-motion-streamer] motion_streamer.py:176 | 关节指令下发失败：关节 1 指令加速度 1138°/s² 超过上限 720°/s²
2026-08-07 16:07:10,018 ERROR   robot.realtime.motion_streamer [robot-motion-streamer] motion_streamer.py:176 | 关节指令下发失败：关节 1 指令加速度 1182°/s² 超过上限 720°/s²
2026-08-07 16:07:10,051 ERROR   robot.realtime.motion_streamer [robot-motion-streamer] motion_streamer.py:176 | 关节指令下发失败：关节 1 指令加速度 1156°/s² 超过上限 720°/s²
2026-08-07 16:07:10,085 ERROR   robot.realtime.motion_streamer [robot-motion-streamer] motion_streamer.py:176 | 关节指令下发失败：关节 1 指令加速度 1305°/s² 超过上限 720°/s²
2026-08-07 16:07:10,120 ERROR   robot.realtime.motion_streamer [robot-motion-streamer] motion_streamer.py:176 | 关节指令下发失败：关节 1 指令加速度 1489°/s² 超过上限 720°/s²
2026-08-07 16:07:10,152 ERROR   robot.realtime.motion_streamer [robot-motion-streamer] motion_streamer.py:176 | 关节指令下发失败：关节 1 指令加速度 937°/s² 超过上限 720°/s²
2026-08-07 16:07:10,187 ERROR   robot.realtime.motion_streamer [robot-motion-streamer] motion_streamer.py:176 | 关节指令下发失败：关节 1 指令加速度 1425°/s² 超过上限 720°/s²
2026-08-07 16:07:10,220 ERROR   robot.realtime.motion_streamer [robot-motion-streamer] motion_streamer.py:176 | 关节指令下发失败：关节 1 指令加速度 1177°/s² 超过上限 720°/s²
2026-08-07 16:07:10,253 ERROR   robot.realtime.motion_streamer [robot-motion-streamer] motion_streamer.py:176 | 关节指令下发失败：关节 1 指令加速度 1067°/s² 超过上限 720°/s²
2026-08-07 16:07:10,287 ERROR   robot.realtime.motion_streamer [robot-motion-streamer] motion_streamer.py:176 | 关节指令下发失败：关节 1 指令加速度 1365°/s² 超过上限 720°/s²
2026-08-07 16:07:10,387 ERROR   robot.realtime.motion_streamer [robot-motion-streamer] motion_streamer.py:176 | 关节指令下发失败：关节 1 指令加速度 1393°/s² 超过上限 720°/s²
2026-08-07 16:07:17,463 ERROR   robot.realtime.motion_streamer [robot-motion-streamer] motion_streamer.py:176 | 关节指令下发失败：关节 2 指令加速度 2998°/s² 超过上限 720°/s²
2026-08-07 16:07:17,523 ERROR   robot.realtime.motion_streamer [robot-motion-streamer] motion_streamer.py:176 | 关节指令下发失败：关节 2 指令加速度 1366°/s² 超过上限 720°/s²
2026-08-07 16:07:17,553 ERROR   robot.realtime.motion_streamer [robot-motion-streamer] motion_streamer.py:176 | 关节指令下发失败：关节 2 指令加速度 916°/s² 超过上限 720°/s²
2026-08-07 16:07:17,828 ERROR   robot.realtime.motion_streamer [robot-motion-streamer] motion_streamer.py:176 | 关节指令下发失败：关节 2 指令加速度 1136°/s² 超过上限 720°/s²
2026-08-07 16:07:17,862 ERROR   robot.realtime.motion_streamer [robot-motion-streamer] motion_streamer.py:176 | 关节指令下发失败：关节 2 指令加速度 1078°/s² 超过上限 720°/s²
2026-08-07 16:07:17,885 ERROR   robot.realtime.motion_streamer [robot-motion-streamer] motion_streamer.py:176 | 关节指令下发失败：关节 2 指令加速度 870°/s² 超过上限 720°/s²
2026-08-07 16:07:18,128 ERROR   robot.realtime.motion_streamer [robot-motion-streamer] motion_streamer.py:176 | 关节指令下发失败：关节 2 指令加速度 1248°/s² 超过上限 720°/s²
2026-08-07 16:07:18,332 ERROR   robot.realtime.motion_streamer [robot-motion-streamer] motion_streamer.py:176 | 关节指令下发失败：关节 2 指令加速度 1044°/s² 超过上限 720°/s²
2026-08-07 16:07:18,364 ERROR   robot.realtime.motion_streamer [robot-motion-streamer] motion_streamer.py:176 | 关节指令下发失败：关节 2 指令加速度 1244°/s² 超过上限 720°/s²
2026-08-07 16:07:18,435 ERROR   robot.realtime.motion_streamer [robot-motion-streamer] motion_streamer.py:176 | 关节指令下发失败：关节 2 指令加速度 1289°/s² 超过上限 720°/s²
2026-08-07 16:07:18,464 ERROR   robot.realtime.motion_streamer [robot-motion-streamer] motion_streamer.py:176 | 关节指令下发失败：关节 2 指令加速度 1364°/s² 超过上限 720°/s²
2026-08-07 16:07:18,499 ERROR   robot.realtime.motion_streamer [robot-motion-streamer] motion_streamer.py:176 | 关节指令下发失败：关节 2 指令加速度 1434°/s² 超过上限 720°/s²
2026-08-07 16:07:18,631 ERROR   robot.realtime.motion_streamer [robot-motion-streamer] motion_streamer.py:176 | 关节指令下发失败：关节 2 指令加速度 1332°/s² 超过上限 720°/s²
2026-08-07 16:07:18,666 ERROR   robot.realtime.motion_streamer [robot-motion-streamer] motion_streamer.py:176 | 关节指令下发失败：关节 2 指令加速度 1500°/s² 超过上限 720°/s²
2026-08-07 16:07:18,732 ERROR   robot.realtime.motion_streamer [robot-motion-streamer] motion_streamer.py:176 | 关节指令下发失败：关节 2 指令加速度 1161°/s² 超过上限 720°/s²
2026-08-07 16:07:18,811 ERROR   robot.realtime.motion_streamer [robot-motion-streamer] motion_streamer.py:176 | 关节指令下发失败：关节 2 指令加速度 913°/s² 超过上限 720°/s²
2026-08-07 16:07:18,865 ERROR   robot.realtime.motion_streamer [robot-motion-streamer] motion_streamer.py:176 | 关节指令下发失败：关节 2 指令加速度 930°/s² 超过上限 720°/s²
2026-08-07 16:07:18,900 ERROR   robot.realtime.motion_streamer [robot-motion-streamer] motion_streamer.py:176 | 关节指令下发失败：关节 2 指令加速度 1495°/s² 超过上限 720°/s²
2026-08-07 16:07:18,963 ERROR   robot.realtime.motion_streamer [robot-motion-streamer] motion_streamer.py:176 | 关节指令下发失败：关节 2 指令加速度 875°/s² 超过上限 720°/s²
2026-08-07 16:07:19,037 ERROR   robot.realtime.motion_streamer [robot-motion-streamer] motion_streamer.py:176 | 关节指令下发失败：关节 2 指令加速度 1833°/s² 超过上限 720°/s²
2026-08-07 16:07:19,042 ERROR   robot.realtime.motion_streamer [robot-motion-streamer] motion_streamer.py:176 | 关节指令下发失败：关节 2 指令加速度 917°/s² 超过上限 720°/s²
2026-08-07 16:07:19,132 ERROR   robot.realtime.motion_streamer [robot-motion-streamer] motion_streamer.py:176 | 关节指令下发失败：关节 2 指令加速度 1042°/s² 超过上限 720°/s²
2026-08-07 16:07:19,207 ERROR   robot.realtime.motion_streamer [robot-motion-streamer] motion_streamer.py:176 | 关节指令下发失败：关节 2 指令加速度 872°/s² 超过上限 720°/s²
2026-08-07 16:07:19,372 ERROR   robot.realtime.motion_streamer [robot-motion-streamer] motion_streamer.py:176 | 关节指令下发失败：关节 2 指令加速度 1119°/s² 超过上限 720°/s²
2026-08-07 16:07:19,439 ERROR   robot.realtime.motion_streamer [robot-motion-streamer] motion_streamer.py:176 | 关节指令下发失败：关节 2 指令加速度 1736°/s² 超过上限 720°/s²
2026-08-07 16:07:19,444 ERROR   robot.realtime.motion_streamer [robot-motion-streamer] motion_streamer.py:176 | 关节指令下发失败：关节 2 指令加速度 867°/s² 超过上限 720°/s²
2026-08-07 16:07:19,472 ERROR   robot.realtime.motion_streamer [robot-motion-streamer] motion_streamer.py:176 | 关节指令下发失败：关节 2 指令加速度 982°/s² 超过上限 720°/s²
2026-08-07 16:07:19,577 ERROR   robot.realtime.motion_streamer [robot-motion-streamer] motion_streamer.py:176 | 关节指令下发失败：关节 2 指令加速度 1949°/s² 超过上限 720°/s²
2026-08-07 16:07:19,653 ERROR   robot.realtime.motion_streamer [robot-motion-streamer] motion_streamer.py:176 | 关节指令下发失败：关节 2 指令加速度 1919°/s² 超过上限 720°/s²
2026-08-07 16:07:19,658 ERROR   robot.realtime.motion_streamer [robot-motion-streamer] motion_streamer.py:176 | 关节指令下发失败：关节 2 指令加速度 960°/s² 超过上限 720°/s²
2026-08-07 16:07:19,680 ERROR   robot.realtime.motion_streamer [robot-motion-streamer] motion_streamer.py:176 | 关节指令下发失败：关节 2 指令加速度 1664°/s² 超过上限 720°/s²
2026-08-07 16:07:19,711 ERROR   robot.realtime.motion_streamer [robot-motion-streamer] motion_streamer.py:176 | 关节指令下发失败：关节 2 指令加速度 1638°/s² 超过上限 720°/s²
2026-08-07 16:07:19,743 ERROR   robot.realtime.motion_streamer [robot-motion-streamer] motion_streamer.py:176 | 关节指令下发失败：关节 2 指令加速度 1040°/s² 超过上限 720°/s²
2026-08-07 16:07:19,880 ERROR   robot.realtime.motion_streamer [robot-motion-streamer] motion_streamer.py:176 | 关节指令下发失败：关节 2 指令加速度 1767°/s² 超过上限 720°/s²
2026-08-07 16:07:19,885 ERROR   robot.realtime.motion_streamer [robot-motion-streamer] motion_streamer.py:176 | 关节指令下发失败：关节 2 指令加速度 883°/s² 超过上限 720°/s²
2026-08-07 16:07:19,913 ERROR   robot.realtime.motion_streamer [robot-motion-streamer] motion_streamer.py:176 | 关节指令下发失败：关节 2 指令加速度 1886°/s² 超过上限 720°/s²
2026-08-07 16:07:19,918 ERROR   robot.realtime.motion_streamer [robot-motion-streamer] motion_streamer.py:176 | 关节指令下发失败：关节 2 指令加速度 942°/s² 超过上限 720°/s²
2026-08-07 16:07:19,977 ERROR   robot.realtime.motion_streamer [robot-motion-streamer] motion_streamer.py:176 | 关节指令下发失败：关节 2 指令加速度 1195°/s² 超过上限 720°/s²
2026-08-07 16:07:20,050 ERROR   robot.realtime.motion_streamer [robot-motion-streamer] motion_streamer.py:176 | 关节指令下发失败：关节 2 指令加速度 1259°/s² 超过上限 720°/s²
2026-08-07 16:07:20,111 ERROR   robot.realtime.motion_streamer [robot-motion-streamer] motion_streamer.py:176 | 关节指令下发失败：关节 2 指令加速度 1153°/s² 超过上限 720°/s²
2026-08-07 16:07:20,194 ERROR   robot.realtime.motion_streamer [robot-motion-streamer] motion_streamer.py:176 | 关节指令下发失败：关节 2 指令加速度 1641°/s² 超过上限 720°/s²
2026-08-07 16:07:20,212 ERROR   robot.realtime.motion_streamer [robot-motion-streamer] motion_streamer.py:176 | 关节指令下发失败：关节 2 指令加速度 1356°/s² 超过上限 720°/s²
2026-08-07 16:07:20,258 ERROR   robot.realtime.motion_streamer [robot-motion-streamer] motion_streamer.py:176 | 关节指令下发失败：关节 2 指令加速度 998°/s² 超过上限 720°/s²
2026-08-07 16:07:20,281 ERROR   robot.realtime.motion_streamer [robot-motion-streamer] motion_streamer.py:176 | 关节指令下发失败：关节 2 指令加速度 1823°/s² 超过上限 720°/s²
2026-08-07 16:07:20,286 ERROR   robot.realtime.motion_streamer [robot-motion-streamer] motion_streamer.py:176 | 关节指令下发失败：关节 2 指令加速度 911°/s² 超过上限 720°/s²
2026-08-07 16:07:20,415 ERROR   robot.realtime.motion_streamer [robot-motion-streamer] motion_streamer.py:176 | 关节指令下发失败：关节 2 指令加速度 1035°/s² 超过上限 720°/s²
2026-08-07 16:07:20,550 ERROR   robot.realtime.motion_streamer [robot-motion-streamer] motion_streamer.py:176 | 关节指令下发失败：关节 2 指令加速度 1381°/s² 超过上限 720°/s²
2026-08-07 16:07:20,618 ERROR   robot.realtime.motion_streamer [robot-motion-streamer] motion_streamer.py:176 | 关节指令下发失败：关节 2 指令加速度 1546°/s² 超过上限 720°/s²
2026-08-07 16:07:20,646 ERROR   robot.realtime.motion_streamer [robot-motion-streamer] motion_streamer.py:176 | 关节指令下发失败：关节 2 指令加速度 1006°/s² 超过上限 720°/s²
2026-08-07 16:07:20,815 ERROR   robot.realtime.motion_streamer [robot-motion-streamer] motion_streamer.py:176 | 关节指令下发失败：关节 2 指令加速度 894°/s² 超过上限 720°/s²
2026-08-07 16:07:20,919 ERROR   robot.realtime.motion_streamer [robot-motion-streamer] motion_streamer.py:176 | 关节指令下发失败：关节 2 指令加速度 949°/s² 超过上限 720°/s²
2026-08-07 16:07:21,209 ERROR   robot.realtime.motion_streamer [robot-motion-streamer] motion_streamer.py:176 | 关节指令下发失败：关节 2 指令加速度 993°/s² 超过上限 720°/s²
2026-08-07 16:07:21,323 ERROR   robot.realtime.motion_streamer [robot-motion-streamer] motion_streamer.py:176 | 关节指令下发失败：关节 2 指令加速度 1000°/s² 超过上限 720°/s²
2026-08-07 16:07:21,355 ERROR   robot.realtime.motion_streamer [robot-motion-streamer] motion_streamer.py:176 | 关节指令下发失败：关节 2 指令加速度 964°/s² 超过上限 720°/s²
2026-08-07 16:07:21,396 ERROR   robot.realtime.motion_streamer [robot-motion-streamer] motion_streamer.py:176 | 关节指令下发失败：关节 2 指令加速度 1244°/s² 超过上限 720°/s²
2026-08-07 16:07:21,460 ERROR   robot.realtime.motion_streamer [robot-motion-streamer] motion_streamer.py:176 | 关节指令下发失败：关节 2 指令加速度 1124°/s² 超过上限 720°/s²
2026-08-07 16:07:21,563 ERROR   robot.realtime.motion_streamer [robot-motion-streamer] motion_streamer.py:176 | 关节指令下发失败：关节 2 指令加速度 1192°/s² 超过上限 720°/s²
2026-08-07 16:07:21,623 ERROR   robot.realtime.motion_streamer [robot-motion-streamer] motion_streamer.py:176 | 关节指令下发失败：关节 2 指令加速度 1272°/s² 超过上限 720°/s²
2026-08-07 16:07:21,662 ERROR   robot.realtime.motion_streamer [robot-motion-streamer] motion_streamer.py:176 | 关节指令下发失败：关节 2 指令加速度 935°/s² 超过上限 720°/s²
2026-08-07 16:07:21,830 ERROR   robot.realtime.motion_streamer [robot-motion-streamer] motion_streamer.py:176 | 关节指令下发失败：关节 2 指令加速度 1720°/s² 超过上限 720°/s²
2026-08-07 16:07:21,929 ERROR   robot.realtime.motion_streamer [robot-motion-streamer] motion_streamer.py:176 | 关节指令下发失败：关节 2 指令加速度 1250°/s² 超过上限 720°/s²
2026-08-07 16:07:21,964 ERROR   robot.realtime.motion_streamer [robot-motion-streamer] motion_streamer.py:176 | 关节指令下发失败：关节 2 指令加速度 1149°/s² 超过上限 720°/s²
2026-08-07 16:07:21,993 ERROR   robot.realtime.motion_streamer [robot-motion-streamer] motion_streamer.py:176 | 关节指令下发失败：关节 2 指令加速度 1200°/s² 超过上限 720°/s²
2026-08-07 16:07:22,030 ERROR   robot.realtime.motion_streamer [robot-motion-streamer] motion_streamer.py:176 | 关节指令下发失败：关节 2 指令加速度 1038°/s² 超过上限 720°/s²
2026-08-07 16:07:22,064 ERROR   robot.realtime.motion_streamer [robot-motion-streamer] motion_streamer.py:176 | 关节指令下发失败：关节 2 指令加速度 1174°/s² 超过上限 720°/s²
2026-08-07 16:07:22,300 ERROR   robot.realtime.motion_streamer [robot-motion-streamer] motion_streamer.py:176 | 关节指令下发失败：关节 2 指令加速度 1205°/s² 超过上限 720°/s²
2026-08-07 16:07:22,466 ERROR   robot.realtime.motion_streamer [robot-motion-streamer] motion_streamer.py:176 | 关节指令下发失败：关节 2 指令加速度 900°/s² 超过上限 720°/s²
2026-08-07 16:07:22,637 ERROR   robot.realtime.motion_streamer [robot-motion-streamer] motion_streamer.py:176 | 关节指令下发失败：关节 2 指令加速度 962°/s² 超过上限 720°/s²
2026-08-07 16:07:22,670 ERROR   robot.realtime.motion_streamer [robot-motion-streamer] motion_streamer.py:176 | 关节指令下发失败：关节 2 指令加速度 1159°/s² 超过上限 720°/s²
2026-08-07 16:07:22,704 ERROR   robot.realtime.motion_streamer [robot-motion-streamer] motion_streamer.py:176 | 关节指令下发失败：关节 2 指令加速度 1418°/s² 超过上限 720°/s²
2026-08-07 16:07:22,739 ERROR   robot.realtime.motion_streamer [robot-motion-streamer] motion_streamer.py:176 | 关节指令下发失败：关节 2 指令加速度 972°/s² 超过上限 720°/s²
2026-08-07 16:07:22,785 ERROR   robot.realtime.motion_streamer [robot-motion-streamer] motion_streamer.py:176 | 关节指令下发失败：关节 2 指令加速度 1134°/s² 超过上限 720°/s²
2026-08-07 16:07:22,837 ERROR   robot.realtime.motion_streamer [robot-motion-streamer] motion_streamer.py:176 | 关节指令下发失败：关节 2 指令加速度 1740°/s² 超过上限 720°/s²
2026-08-07 16:07:22,842 ERROR   robot.realtime.motion_streamer [robot-motion-streamer] motion_streamer.py:176 | 关节指令下发失败：关节 2 指令加速度 870°/s² 超过上限 720°/s²
2026-08-07 16:07:22,870 ERROR   robot.realtime.motion_streamer [robot-motion-streamer] motion_streamer.py:176 | 关节指令下发失败：关节 2 指令加速度 1159°/s² 超过上限 720°/s²
2026-08-07 16:07:22,905 ERROR   robot.realtime.motion_streamer [robot-motion-streamer] motion_streamer.py:176 | 关节指令下发失败：关节 2 指令加速度 1532°/s² 超过上限 720°/s²
2026-08-07 16:07:23,008 ERROR   robot.realtime.motion_streamer [robot-motion-streamer] motion_streamer.py:176 | 关节指令下发失败：关节 2 指令加速度 1209°/s² 超过上限 720°/s²
2026-08-07 16:07:23,073 ERROR   robot.realtime.motion_streamer [robot-motion-streamer] motion_streamer.py:176 | 关节指令下发失败：关节 2 指令加速度 1321°/s² 超过上限 720°/s²
2026-08-07 16:07:23,309 ERROR   robot.realtime.motion_streamer [robot-motion-streamer] motion_streamer.py:176 | 关节指令下发失败：关节 2 指令加速度 1008°/s² 超过上限 720°/s²
2026-08-07 16:07:23,344 ERROR   robot.realtime.motion_streamer [robot-motion-streamer] motion_streamer.py:176 | 关节指令下发失败：关节 2 指令加速度 1366°/s² 超过上限 720°/s²
2026-08-07 16:07:23,375 ERROR   robot.realtime.motion_streamer [robot-motion-streamer] motion_streamer.py:176 | 关节指令下发失败：关节 2 指令加速度 1576°/s² 超过上限 720°/s²
2026-08-07 16:07:23,471 ERROR   robot.realtime.motion_streamer [robot-motion-streamer] motion_streamer.py:176 | 关节指令下发失败：关节 2 指令加速度 1025°/s² 超过上限 720°/s²
2026-08-07 16:07:23,609 ERROR   robot.realtime.motion_streamer [robot-motion-streamer] motion_streamer.py:176 | 关节指令下发失败：关节 2 指令加速度 1587°/s² 超过上限 720°/s²
2026-08-07 16:07:23,643 ERROR   robot.realtime.motion_streamer [robot-motion-streamer] motion_streamer.py:176 | 关节指令下发失败：关节 2 指令加速度 1325°/s² 超过上限 720°/s²
2026-08-07 16:07:23,676 ERROR   robot.realtime.motion_streamer [robot-motion-streamer] motion_streamer.py:176 | 关节指令下发失败：关节 2 指令加速度 1023°/s² 超过上限 720°/s²
2026-08-07 16:07:23,709 ERROR   robot.realtime.motion_streamer [robot-motion-streamer] motion_streamer.py:176 | 关节指令下发失败：关节 2 指令加速度 1187°/s² 超过上限 720°/s²
2026-08-07 16:07:23,744 ERROR   robot.realtime.motion_streamer [robot-motion-streamer] motion_streamer.py:176 | 关节指令下发失败：关节 2 指令加速度 1414°/s² 超过上限 720°/s²
2026-08-07 16:07:23,778 ERROR   robot.realtime.motion_streamer [robot-motion-streamer] motion_streamer.py:176 | 关节指令下发失败：关节 2 指令加速度 1394°/s² 超过上限 720°/s²
2026-08-07 16:07:23,811 ERROR   robot.realtime.motion_streamer [robot-motion-streamer] motion_streamer.py:176 | 关节指令下发失败：关节 2 指令加速度 1219°/s² 超过上限 720°/s²
2026-08-07 16:07:23,843 ERROR   robot.realtime.motion_streamer [robot-motion-streamer] motion_streamer.py:176 | 关节指令下发失败：关节 2 指令加速度 1157°/s² 超过上限 720°/s²
2026-08-07 16:07:23,878 ERROR   robot.realtime.motion_streamer [robot-motion-streamer] motion_streamer.py:176 | 关节指令下发失败：关节 2 指令加速度 1468°/s² 超过上限 720°/s²
2026-08-07 16:07:23,911 ERROR   robot.realtime.motion_streamer [robot-motion-streamer] motion_streamer.py:176 | 关节指令下发失败：关节 2 指令加速度 1172°/s² 超过上限 720°/s²
2026-08-07 16:07:23,946 ERROR   robot.realtime.motion_streamer [robot-motion-streamer] motion_streamer.py:176 | 关节指令下发失败：关节 2 指令加速度 1436°/s² 超过上限 720°/s²
2026-08-07 16:07:23,979 ERROR   robot.realtime.motion_streamer [robot-motion-streamer] motion_streamer.py:176 | 关节指令下发失败：关节 2 指令加速度 1075°/s² 超过上限 720°/s²
2026-08-07 16:07:24,012 ERROR   robot.realtime.motion_streamer [robot-motion-streamer] motion_streamer.py:176 | 关节指令下发失败：关节 2 指令加速度 1181°/s² 超过上限 720°/s²
2026-08-07 16:07:24,045 ERROR   robot.realtime.motion_streamer [robot-motion-streamer] motion_streamer.py:176 | 关节指令下发失败：关节 2 指令加速度 1215°/s² 超过上限 720°/s²
2026-08-07 16:07:24,080 ERROR   robot.realtime.motion_streamer [robot-motion-streamer] motion_streamer.py:176 | 关节指令下发失败：关节 2 指令加速度 1498°/s² 超过上限 720°/s²
2026-08-07 16:07:24,114 ERROR   robot.realtime.motion_streamer [robot-motion-streamer] motion_streamer.py:176 | 关节指令下发失败：关节 2 指令加速度 1276°/s² 超过上限 720°/s²
2026-08-07 16:07:24,181 ERROR   robot.realtime.motion_streamer [robot-motion-streamer] motion_streamer.py:176 | 关节指令下发失败：关节 2 指令加速度 1129°/s² 超过上限 720°/s²
2026-08-07 16:07:24,214 ERROR   robot.realtime.motion_streamer [robot-motion-streamer] motion_streamer.py:176 | 关节指令下发失败：关节 2 指令加速度 894°/s² 超过上限 720°/s²
2026-08-07 16:07:24,247 ERROR   robot.realtime.motion_streamer [robot-motion-streamer] motion_streamer.py:176 | 关节指令下发失败：关节 2 指令加速度 1219°/s² 超过上限 720°/s²
2026-08-07 16:07:24,262 ERROR   robot.realtime.motion_streamer [robot-motion-streamer] motion_streamer.py:176 | 关节指令下发失败：关节 2 指令加速度 2946°/s² 超过上限 720°/s²
2026-08-07 16:14:48,932 INFO    robot.interfaces.oscilloscope [MainThread] service.py:100 | oscilloscope sampler started at 50.0 Hz for 7 joints
2026-08-07 16:14:48,932 INFO    robot.urdf.catalog [MainThread] catalog.py:86 | 已添加 URDF 搜索目录：/home/liv/zerithWorkSpace/code/e1pro/e1_pro_full
2026-08-07 16:14:50,330 INFO    robot.interfaces.simulator [MainThread] viser_app.py:241 | 已加载机器人 E1-PRO：/home/liv/zerithWorkSpace/code/e1pro/e1_pro_full/marvin6/urdf/E1-PRO_EVT2.0_V12_260730.urdf
2026-08-07 16:14:50,331 INFO    robot.interfaces.simulator [MainThread] viser_app.py:242 | 轨迹速度规划后端：analytic double-S
2026-08-07 16:14:50,331 INFO    robot.interfaces.simulator [MainThread] viser_app.py:243 | 示教器通信接口：http://127.0.0.1:8765
2026-08-07 16:15:02,022 ERROR   robot.realtime.motion_streamer [robot-motion-streamer] motion_streamer.py:176 | 关节指令下发失败：关节 1 指令加速度 1151°/s² 超过上限 720°/s²
2026-08-07 16:15:02,051 ERROR   robot.realtime.motion_streamer [robot-motion-streamer] motion_streamer.py:176 | 关节指令下发失败：关节 1 指令加速度 925°/s² 超过上限 720°/s²
2026-08-07 16:15:02,086 ERROR   robot.realtime.motion_streamer [robot-motion-streamer] motion_streamer.py:176 | 关节指令下发失败：关节 1 指令加速度 1311°/s² 超过上限 720°/s²
2026-08-07 16:15:02,222 ERROR   robot.realtime.motion_streamer [robot-motion-streamer] motion_streamer.py:176 | 关节指令下发失败：关节 1 指令加速度 1485°/s² 超过上限 720°/s²
2026-08-07 16:15:02,252 ERROR   robot.realtime.motion_streamer [robot-motion-streamer] motion_streamer.py:176 | 关节指令下发失败：关节 1 指令加速度 1630°/s² 超过上限 720°/s²
2026-08-07 16:15:02,286 ERROR   robot.realtime.motion_streamer [robot-motion-streamer] motion_streamer.py:176 | 关节指令下发失败：关节 1 指令加速度 1010°/s² 超过上限 720°/s²
2026-08-07 16:15:02,419 ERROR   robot.realtime.motion_streamer [robot-motion-streamer] motion_streamer.py:176 | 关节指令下发失败：关节 1 指令加速度 875°/s² 超过上限 720°/s²
2026-08-07 16:15:02,454 ERROR   robot.realtime.motion_streamer [robot-motion-streamer] motion_streamer.py:176 | 关节指令下发失败：关节 1 指令加速度 1137°/s² 超过上限 720°/s²
2026-08-07 16:15:02,589 ERROR   robot.realtime.motion_streamer [robot-motion-streamer] motion_streamer.py:176 | 关节指令下发失败：关节 1 指令加速度 1430°/s² 超过上限 720°/s²
2026-08-07 16:15:02,625 ERROR   robot.realtime.motion_streamer [robot-motion-streamer] motion_streamer.py:176 | 关节指令下发失败：关节 1 指令加速度 1084°/s² 超过上限 720°/s²
2026-08-07 16:15:02,696 ERROR   robot.realtime.motion_streamer [robot-motion-streamer] motion_streamer.py:176 | 关节指令下发失败：关节 1 指令加速度 894°/s² 超过上限 720°/s²
2026-08-07 16:15:02,736 ERROR   robot.realtime.motion_streamer [robot-motion-streamer] motion_streamer.py:176 | 关节指令下发失败：关节 1 指令加速度 1041°/s² 超过上限 720°/s²
2026-08-07 16:15:02,895 ERROR   robot.realtime.motion_streamer [robot-motion-streamer] motion_streamer.py:176 | 关节指令下发失败：关节 1 指令加速度 995°/s² 超过上限 720°/s²
2026-08-07 16:15:03,039 ERROR   robot.realtime.motion_streamer [robot-motion-streamer] motion_streamer.py:176 | 关节指令下发失败：关节 1 指令加速度 1217°/s² 超过上限 720°/s²
2026-08-07 16:15:03,061 ERROR   robot.realtime.motion_streamer [robot-motion-streamer] motion_streamer.py:176 | 关节指令下发失败：关节 1 指令加速度 964°/s² 超过上限 720°/s²
2026-08-07 16:15:03,228 ERROR   robot.realtime.motion_streamer [robot-motion-streamer] motion_streamer.py:176 | 关节指令下发失败：关节 1 指令加速度 1183°/s² 超过上限 720°/s²
2026-08-07 16:15:03,368 ERROR   robot.realtime.motion_streamer [robot-motion-streamer] motion_streamer.py:176 | 关节指令下发失败：关节 1 指令加速度 1573°/s² 超过上限 720°/s²
2026-08-07 16:15:03,388 ERROR   robot.realtime.motion_streamer [robot-motion-streamer] motion_streamer.py:176 | 关节指令下发失败：关节 1 指令加速度 985°/s² 超过上限 720°/s²
2026-08-07 16:15:03,403 ERROR   robot.realtime.motion_streamer [robot-motion-streamer] motion_streamer.py:176 | 关节指令下发失败：关节 1 指令加速度 1050°/s² 超过上限 720°/s²
2026-08-07 16:15:03,467 ERROR   robot.realtime.motion_streamer [robot-motion-streamer] motion_streamer.py:176 | 关节指令下发失败：关节 1 指令加速度 1726°/s² 超过上限 720°/s²
2026-08-07 16:15:03,503 ERROR   robot.realtime.motion_streamer [robot-motion-streamer] motion_streamer.py:176 | 关节指令下发失败：关节 1 指令加速度 1334°/s² 超过上限 720°/s²
2026-08-07 16:15:03,601 ERROR   robot.realtime.motion_streamer [robot-motion-streamer] motion_streamer.py:176 | 关节指令下发失败：关节 1 指令加速度 1538°/s² 超过上限 720°/s²
2026-08-07 16:15:03,635 ERROR   robot.realtime.motion_streamer [robot-motion-streamer] motion_streamer.py:176 | 关节指令下发失败：关节 1 指令加速度 1082°/s² 超过上限 720°/s²
2026-08-07 16:15:03,708 ERROR   robot.realtime.motion_streamer [robot-motion-streamer] motion_streamer.py:176 | 关节指令下发失败：关节 1 指令加速度 1686°/s² 超过上限 720°/s²
2026-08-07 16:15:03,789 ERROR   robot.realtime.motion_streamer [robot-motion-streamer] motion_streamer.py:176 | 关节指令下发失败：关节 1 指令加速度 1193°/s² 超过上限 720°/s²
2026-08-07 16:15:03,837 ERROR   robot.realtime.motion_streamer [robot-motion-streamer] motion_streamer.py:176 | 关节指令下发失败：关节 1 指令加速度 1528°/s² 超过上限 720°/s²
2026-08-07 16:15:03,938 ERROR   robot.realtime.motion_streamer [robot-motion-streamer] motion_streamer.py:176 | 关节指令下发失败：关节 1 指令加速度 1837°/s² 超过上限 720°/s²
2026-08-07 16:15:03,943 ERROR   robot.realtime.motion_streamer [robot-motion-streamer] motion_streamer.py:176 | 关节指令下发失败：关节 1 指令加速度 918°/s² 超过上限 720°/s²
2026-08-07 16:15:04,008 ERROR   robot.realtime.motion_streamer [robot-motion-streamer] motion_streamer.py:176 | 关节指令下发失败：关节 1 指令加速度 1111°/s² 超过上限 720°/s²
2026-08-07 16:15:04,036 ERROR   robot.realtime.motion_streamer [robot-motion-streamer] motion_streamer.py:176 | 关节指令下发失败：关节 1 指令加速度 1308°/s² 超过上限 720°/s²
2026-08-07 16:15:04,104 ERROR   robot.realtime.motion_streamer [robot-motion-streamer] motion_streamer.py:176 | 关节指令下发失败：关节 1 指令加速度 1400°/s² 超过上限 720°/s²
2026-08-07 16:15:04,142 ERROR   robot.realtime.motion_streamer [robot-motion-streamer] motion_streamer.py:176 | 关节指令下发失败：关节 1 指令加速度 1101°/s² 超过上限 720°/s²
2026-08-07 16:15:04,207 ERROR   robot.realtime.motion_streamer [robot-motion-streamer] motion_streamer.py:176 | 关节指令下发失败：关节 1 指令加速度 1277°/s² 超过上限 720°/s²
2026-08-07 16:15:04,272 ERROR   robot.realtime.motion_streamer [robot-motion-streamer] motion_streamer.py:176 | 关节指令下发失败：关节 1 指令加速度 890°/s² 超过上限 720°/s²
2026-08-07 16:15:04,341 ERROR   robot.realtime.motion_streamer [robot-motion-streamer] motion_streamer.py:176 | 关节指令下发失败：关节 1 指令加速度 1273°/s² 超过上限 720°/s²
2026-08-07 16:15:04,377 ERROR   robot.realtime.motion_streamer [robot-motion-streamer] motion_streamer.py:176 | 关节指令下发失败：关节 1 指令加速度 1622°/s² 超过上限 720°/s²
2026-08-07 16:15:04,410 ERROR   robot.realtime.motion_streamer [robot-motion-streamer] motion_streamer.py:176 | 关节指令下发失败：关节 1 指令加速度 1650°/s² 超过上限 720°/s²
2026-08-07 16:15:04,483 ERROR   robot.realtime.motion_streamer [robot-motion-streamer] motion_streamer.py:176 | 关节指令下发失败：关节 1 指令加速度 1077°/s² 超过上限 720°/s²
2026-08-07 16:15:04,582 ERROR   robot.realtime.motion_streamer [robot-motion-streamer] motion_streamer.py:176 | 关节指令下发失败：关节 1 指令加速度 1262°/s² 超过上限 720°/s²
2026-08-07 16:15:04,612 ERROR   robot.realtime.motion_streamer [robot-motion-streamer] motion_streamer.py:176 | 关节指令下发失败：关节 1 指令加速度 1593°/s² 超过上限 720°/s²
2026-08-07 16:15:04,687 ERROR   robot.realtime.motion_streamer [robot-motion-streamer] motion_streamer.py:176 | 关节指令下发失败：关节 1 指令加速度 1467°/s² 超过上限 720°/s²
2026-08-07 16:15:04,758 ERROR   robot.realtime.motion_streamer [robot-motion-streamer] motion_streamer.py:176 | 关节指令下发失败：关节 1 指令加速度 872°/s² 超过上限 720°/s²
2026-08-07 16:15:04,855 ERROR   robot.realtime.motion_streamer [robot-motion-streamer] motion_streamer.py:176 | 关节指令下发失败：关节 1 指令加速度 1483°/s² 超过上限 720°/s²
2026-08-07 16:15:04,886 ERROR   robot.realtime.motion_streamer [robot-motion-streamer] motion_streamer.py:176 | 关节指令下发失败：关节 1 指令加速度 1162°/s² 超过上限 720°/s²
2026-08-07 16:15:05,156 ERROR   robot.realtime.motion_streamer [robot-motion-streamer] motion_streamer.py:176 | 关节指令下发失败：关节 1 指令加速度 1596°/s² 超过上限 720°/s²
2026-08-07 16:15:05,252 ERROR   robot.realtime.motion_streamer [robot-motion-streamer] motion_streamer.py:176 | 关节指令下发失败：关节 1 指令加速度 1410°/s² 超过上限 720°/s²
2026-08-07 16:15:05,354 ERROR   robot.realtime.motion_streamer [robot-motion-streamer] motion_streamer.py:176 | 关节指令下发失败：关节 1 指令加速度 1008°/s² 超过上限 720°/s²
2026-08-07 16:15:05,420 ERROR   robot.realtime.motion_streamer [robot-motion-streamer] motion_streamer.py:176 | 关节指令下发失败：关节 1 指令加速度 1436°/s² 超过上限 720°/s²
2026-08-07 16:15:05,532 ERROR   robot.realtime.motion_streamer [robot-motion-streamer] motion_streamer.py:176 | 关节指令下发失败：关节 1 指令加速度 1051°/s² 超过上限 720°/s²
2026-08-07 16:15:05,621 ERROR   robot.realtime.motion_streamer [robot-motion-streamer] motion_streamer.py:176 | 关节指令下发失败：关节 1 指令加速度 1355°/s² 超过上限 720°/s²
2026-08-07 16:15:05,721 ERROR   robot.realtime.motion_streamer [robot-motion-streamer] motion_streamer.py:176 | 关节指令下发失败：关节 1 指令加速度 1354°/s² 超过上限 720°/s²
2026-08-07 16:15:05,755 ERROR   robot.realtime.motion_streamer [robot-motion-streamer] motion_streamer.py:176 | 关节指令下发失败：关节 1 指令加速度 940°/s² 超过上限 720°/s²
2026-08-07 16:15:05,861 ERROR   robot.realtime.motion_streamer [robot-motion-streamer] motion_streamer.py:176 | 关节指令下发失败：关节 1 指令加速度 1815°/s² 超过上限 720°/s²
2026-08-07 16:15:05,866 ERROR   robot.realtime.motion_streamer [robot-motion-streamer] motion_streamer.py:176 | 关节指令下发失败：关节 1 指令加速度 926°/s² 超过上限 720°/s²
2026-08-07 16:15:05,892 ERROR   robot.realtime.motion_streamer [robot-motion-streamer] motion_streamer.py:176 | 关节指令下发失败：关节 1 指令加速度 884°/s² 超过上限 720°/s²
2026-08-07 16:15:05,926 ERROR   robot.realtime.motion_streamer [robot-motion-streamer] motion_streamer.py:176 | 关节指令下发失败：关节 1 指令加速度 1586°/s² 超过上限 720°/s²
2026-08-07 16:15:06,001 ERROR   robot.realtime.motion_streamer [robot-motion-streamer] motion_streamer.py:176 | 关节指令下发失败：关节 1 指令加速度 1613°/s² 超过上限 720°/s²
2026-08-07 16:15:06,006 ERROR   robot.realtime.motion_streamer [robot-motion-streamer] motion_streamer.py:176 | 关节指令下发失败：关节 1 指令加速度 946°/s² 超过上限 720°/s²
2026-08-07 16:15:06,093 ERROR   robot.realtime.motion_streamer [robot-motion-streamer] motion_streamer.py:176 | 关节指令下发失败：关节 1 指令加速度 1788°/s² 超过上限 720°/s²
2026-08-07 16:15:06,098 ERROR   robot.realtime.motion_streamer [robot-motion-streamer] motion_streamer.py:176 | 关节指令下发失败：关节 1 指令加速度 894°/s² 超过上限 720°/s²
2026-08-07 16:15:06,127 ERROR   robot.realtime.motion_streamer [robot-motion-streamer] motion_streamer.py:176 | 关节指令下发失败：关节 1 指令加速度 1040°/s² 超过上限 720°/s²
2026-08-07 16:15:06,163 ERROR   robot.realtime.motion_streamer [robot-motion-streamer] motion_streamer.py:176 | 关节指令下发失败：关节 1 指令加速度 1188°/s² 超过上限 720°/s²
2026-08-07 16:15:06,200 ERROR   robot.realtime.motion_streamer [robot-motion-streamer] motion_streamer.py:176 | 关节指令下发失败：关节 1 指令加速度 1304°/s² 超过上限 720°/s²
2026-08-07 16:15:06,239 ERROR   robot.realtime.motion_streamer [robot-motion-streamer] motion_streamer.py:176 | 关节指令下发失败：关节 1 指令加速度 1415°/s² 超过上限 720°/s²
2026-08-07 16:15:06,293 ERROR   robot.realtime.motion_streamer [robot-motion-streamer] motion_streamer.py:176 | 关节指令下发失败：关节 1 指令加速度 1177°/s² 超过上限 720°/s²
2026-08-07 16:15:06,470 ERROR   robot.realtime.motion_streamer [robot-motion-streamer] motion_streamer.py:176 | 关节指令下发失败：关节 1 指令加速度 870°/s² 超过上限 720°/s²
2026-08-07 16:15:06,737 ERROR   robot.realtime.motion_streamer [robot-motion-streamer] motion_streamer.py:176 | 关节指令下发失败：关节 1 指令加速度 1463°/s² 超过上限 720°/s²
2026-08-07 16:15:06,837 ERROR   robot.realtime.motion_streamer [robot-motion-streamer] motion_streamer.py:176 | 关节指令下发失败：关节 1 指令加速度 1251°/s² 超过上限 720°/s²
2026-08-07 16:15:06,871 ERROR   robot.realtime.motion_streamer [robot-motion-streamer] motion_streamer.py:176 | 关节指令下发失败：关节 1 指令加速度 883°/s² 超过上限 720°/s²
2026-08-07 16:15:06,899 ERROR   robot.realtime.motion_streamer [robot-motion-streamer] motion_streamer.py:176 | 关节指令下发失败：关节 1 指令加速度 872°/s² 超过上限 720°/s²
2026-08-07 16:15:06,943 ERROR   robot.realtime.motion_streamer [robot-motion-streamer] motion_streamer.py:176 | 关节指令下发失败：关节 1 指令加速度 2119°/s² 超过上限 720°/s²
2026-08-07 16:15:06,948 ERROR   robot.realtime.motion_streamer [robot-motion-streamer] motion_streamer.py:176 | 关节指令下发失败：关节 1 指令加速度 1047°/s² 超过上限 720°/s²
2026-08-07 16:15:07,046 ERROR   robot.realtime.motion_streamer [robot-motion-streamer] motion_streamer.py:176 | 关节指令下发失败：关节 1 指令加速度 1440°/s² 超过上限 720°/s²
2026-08-07 16:15:07,208 ERROR   robot.realtime.motion_streamer [robot-motion-streamer] motion_streamer.py:176 | 关节指令下发失败：关节 1 指令加速度 962°/s² 超过上限 720°/s²
2026-08-07 16:15:07,306 ERROR   robot.realtime.motion_streamer [robot-motion-streamer] motion_streamer.py:176 | 关节指令下发失败：关节 1 指令加速度 1575°/s² 超过上限 720°/s²
2026-08-07 16:15:07,340 ERROR   robot.realtime.motion_streamer [robot-motion-streamer] motion_streamer.py:176 | 关节指令下发失败：关节 1 指令加速度 1209°/s² 超过上限 720°/s²
2026-08-07 16:15:07,374 ERROR   robot.realtime.motion_streamer [robot-motion-streamer] motion_streamer.py:176 | 关节指令下发失败：关节 1 指令加速度 1448°/s² 超过上限 720°/s²
2026-08-07 16:15:07,407 ERROR   robot.realtime.motion_streamer [robot-motion-streamer] motion_streamer.py:176 | 关节指令下发失败：关节 1 指令加速度 883°/s² 超过上限 720°/s²
2026-08-07 16:15:07,441 ERROR   robot.realtime.motion_streamer [robot-motion-streamer] motion_streamer.py:176 | 关节指令下发失败：关节 1 指令加速度 1353°/s² 超过上限 720°/s²
2026-08-07 16:15:07,473 ERROR   robot.realtime.motion_streamer [robot-motion-streamer] motion_streamer.py:176 | 关节指令下发失败：关节 1 指令加速度 866°/s² 超过上限 720°/s²
2026-08-07 16:15:07,508 ERROR   robot.realtime.motion_streamer [robot-motion-streamer] motion_streamer.py:176 | 关节指令下发失败：关节 1 指令加速度 1482°/s² 超过上限 720°/s²
2026-08-07 16:15:07,540 ERROR   robot.realtime.motion_streamer [robot-motion-streamer] motion_streamer.py:176 | 关节指令下发失败：关节 1 指令加速度 1014°/s² 超过上限 720°/s²
2026-08-07 16:15:07,608 ERROR   robot.realtime.motion_streamer [robot-motion-streamer] motion_streamer.py:176 | 关节指令下发失败：关节 1 指令加速度 993°/s² 超过上限 720°/s²
2026-08-07 16:15:07,677 ERROR   robot.realtime.motion_streamer [robot-motion-streamer] motion_streamer.py:176 | 关节指令下发失败：关节 1 指令加速度 1328°/s² 超过上限 720°/s²
2026-08-07 16:15:07,711 ERROR   robot.realtime.motion_streamer [robot-motion-streamer] motion_streamer.py:176 | 关节指令下发失败：关节 1 指令加速度 1367°/s² 超过上限 720°/s²
2026-08-07 16:15:07,754 ERROR   robot.realtime.motion_streamer [robot-motion-streamer] motion_streamer.py:176 | 关节指令下发失败：关节 1 指令加速度 1372°/s² 超过上限 720°/s²
2026-08-07 16:15:07,784 ERROR   robot.realtime.motion_streamer [robot-motion-streamer] motion_streamer.py:176 | 关节指令下发失败：关节 1 指令加速度 1948°/s² 超过上限 720°/s²
2026-08-07 16:15:07,789 ERROR   robot.realtime.motion_streamer [robot-motion-streamer] motion_streamer.py:176 | 关节指令下发失败：关节 1 指令加速度 970°/s² 超过上限 720°/s²
2026-08-07 16:15:07,811 ERROR   robot.realtime.motion_streamer [robot-motion-streamer] motion_streamer.py:176 | 关节指令下发失败：关节 1 指令加速度 970°/s² 超过上限 720°/s²
2026-08-07 16:15:07,845 ERROR   robot.realtime.motion_streamer [robot-motion-streamer] motion_streamer.py:176 | 关节指令下发失败：关节 1 指令加速度 1097°/s² 超过上限 720°/s²
2026-08-07 16:16:19,361 WARNING robot.realtime.clock [robot-continuous-jog] clock.py:107 | jog-cartesian 循环滞后 7.7 ms（超过一个控制周期 5.0 ms）
2026-08-07 16:16:19,377 WARNING robot.realtime.clock [robot-continuous-jog] clock.py:107 | jog-cartesian 循环滞后 18.7 ms（超过一个控制周期 5.0 ms）
2026-08-07 16:16:19,387 WARNING robot.realtime.clock [robot-continuous-jog] clock.py:107 | jog-cartesian 循环滞后 23.2 ms（超过一个控制周期 5.0 ms）
2026-08-07 16:16:19,393 WARNING robot.realtime.clock [robot-continuous-jog] clock.py:107 | jog-cartesian 循环滞后 24.3 ms（超过一个控制周期 5.0 ms）
2026-08-07 16:16:19,402 WARNING robot.realtime.clock [robot-continuous-jog] clock.py:107 | jog-cartesian 循环滞后 29.0 ms（超过一个控制周期 5.0 ms）
2026-08-07 16:16:19,407 WARNING robot.realtime.clock [robot-continuous-jog] clock.py:107 | jog-cartesian 循环滞后 28.4 ms（超过一个控制周期 5.0 ms）
2026-08-07 16:16:19,412 WARNING robot.realtime.clock [robot-continuous-jog] clock.py:107 | jog-cartesian 循环滞后 28.5 ms（超过一个控制周期 5.0 ms）
2026-08-07 16:16:19,419 WARNING robot.realtime.clock [robot-continuous-jog] clock.py:107 | jog-cartesian 循环滞后 30.9 ms（超过一个控制周期 5.0 ms）
2026-08-07 16:16:19,424 WARNING robot.realtime.clock [robot-continuous-jog] clock.py:107 | jog-cartesian 循环滞后 30.5 ms（超过一个控制周期 5.0 ms）
2026-08-07 16:16:19,431 WARNING robot.realtime.clock [robot-continuous-jog] clock.py:107 | jog-cartesian 循环滞后 32.2 ms（超过一个控制周期 5.0 ms）
2026-08-07 16:16:19,450 WARNING robot.realtime.clock [robot-continuous-jog] clock.py:107 | jog-cartesian 循环滞后 46.3 ms（超过一个控制周期 5.0 ms）
2026-08-07 16:16:19,456 WARNING robot.realtime.clock [robot-continuous-jog] clock.py:107 | jog-cartesian 循环滞后 47.8 ms（超过一个控制周期 5.0 ms）
2026-08-07 16:16:19,461 WARNING robot.realtime.clock [robot-continuous-jog] clock.py:107 | jog-cartesian 循环滞后 47.3 ms（超过一个控制周期 5.0 ms）
2026-08-07 16:16:19,465 WARNING robot.realtime.clock [robot-continuous-jog] clock.py:107 | jog-cartesian 循环滞后 47.0 ms（超过一个控制周期 5.0 ms）
2026-08-07 16:16:19,477 WARNING robot.realtime.clock [robot-continuous-jog] clock.py:107 | jog-cartesian 循环滞后 53.2 ms（超过一个控制周期 5.0 ms）
2026-08-07 16:16:19,480 WARNING robot.realtime.clock [robot-continuous-jog] clock.py:107 | jog-cartesian 循环滞后 51.3 ms（超过一个控制周期 5.0 ms）
2026-08-07 16:16:19,482 WARNING robot.realtime.clock [robot-continuous-jog] clock.py:107 | jog-cartesian 循环滞后 48.6 ms（超过一个控制周期 5.0 ms）
2026-08-07 16:16:19,484 WARNING robot.realtime.clock [robot-continuous-jog] clock.py:107 | jog-cartesian 循环滞后 45.7 ms（超过一个控制周期 5.0 ms）
2026-08-07 16:16:19,486 WARNING robot.realtime.clock [robot-continuous-jog] clock.py:107 | jog-cartesian 循环滞后 42.3 ms（超过一个控制周期 5.0 ms）
2026-08-07 16:16:19,487 WARNING robot.realtime.clock [robot-continuous-jog] clock.py:107 | jog-cartesian 循环滞后 38.7 ms（超过一个控制周期 5.0 ms）
2026-08-07 16:16:19,489 WARNING robot.realtime.clock [robot-continuous-jog] clock.py:107 | jog-cartesian 循环滞后 35.3 ms（超过一个控制周期 5.0 ms）
2026-08-07 16:16:19,490 WARNING robot.realtime.clock [robot-continuous-jog] clock.py:107 | jog-cartesian 循环滞后 31.8 ms（超过一个控制周期 5.0 ms）
2026-08-07 16:16:19,491 WARNING robot.realtime.clock [robot-continuous-jog] clock.py:107 | jog-cartesian 循环滞后 28.1 ms（超过一个控制周期 5.0 ms）
2026-08-07 16:16:19,493 WARNING robot.realtime.clock [robot-continuous-jog] clock.py:107 | jog-cartesian 循环滞后 24.6 ms（超过一个控制周期 5.0 ms）
2026-08-07 16:16:19,495 WARNING robot.realtime.clock [robot-continuous-jog] clock.py:107 | jog-cartesian 循环滞后 21.2 ms（超过一个控制周期 5.0 ms）
2026-08-07 16:16:19,496 WARNING robot.realtime.clock [robot-continuous-jog] clock.py:107 | jog-cartesian 循环滞后 17.7 ms（超过一个控制周期 5.0 ms）
2026-08-07 16:16:19,498 WARNING robot.realtime.clock [robot-continuous-jog] clock.py:107 | jog-cartesian 循环滞后 14.4 ms（超过一个控制周期 5.0 ms）
2026-08-07 16:16:19,499 WARNING robot.realtime.clock [robot-continuous-jog] clock.py:107 | jog-cartesian 循环滞后 11.0 ms（超过一个控制周期 5.0 ms）
2026-08-07 16:16:19,502 WARNING robot.realtime.clock [robot-continuous-jog] clock.py:107 | jog-cartesian 循环滞后 9.1 ms（超过一个控制周期 5.0 ms）
2026-08-07 16:16:19,504 WARNING robot.realtime.clock [robot-continuous-jog] clock.py:107 | jog-cartesian 循环滞后 5.7 ms（超过一个控制周期 5.0 ms）
2026-08-07 16:16:19,654 WARNING robot.realtime.clock [robot-continuous-jog] clock.py:107 | jog-cartesian 循环滞后 15.4 ms（超过一个控制周期 5.0 ms）
2026-08-07 16:16:19,669 WARNING robot.realtime.clock [robot-continuous-jog] clock.py:107 | jog-cartesian 循环滞后 25.3 ms（超过一个控制周期 5.0 ms）
2026-08-07 16:16:19,691 WARNING robot.realtime.clock [robot-continuous-jog] clock.py:107 | jog-cartesian 循环滞后 42.8 ms（超过一个控制周期 5.0 ms）
2026-08-07 16:16:19,695 WARNING robot.realtime.clock [robot-continuous-jog] clock.py:107 | jog-cartesian 循环滞后 41.6 ms（超过一个控制周期 5.0 ms）
2026-08-07 16:16:19,700 WARNING robot.realtime.clock [robot-continuous-jog] clock.py:107 | jog-cartesian 循环滞后 41.4 ms（超过一个控制周期 5.0 ms）
2026-08-07 16:16:19,706 WARNING robot.realtime.clock [robot-continuous-jog] clock.py:107 | jog-cartesian 循环滞后 43.0 ms（超过一个控制周期 5.0 ms）
2026-08-07 16:16:19,718 WARNING robot.realtime.clock [robot-continuous-jog] clock.py:107 | jog-cartesian 循环滞后 49.6 ms（超过一个控制周期 5.0 ms）
2026-08-07 16:16:19,721 WARNING robot.realtime.clock [robot-continuous-jog] clock.py:107 | jog-cartesian 循环滞后 47.5 ms（超过一个控制周期 5.0 ms）
2026-08-07 16:16:19,723 WARNING robot.realtime.clock [robot-continuous-jog] clock.py:107 | jog-cartesian 循环滞后 45.0 ms（超过一个控制周期 5.0 ms）
2026-08-07 16:16:19,725 WARNING robot.realtime.clock [robot-continuous-jog] clock.py:107 | jog-cartesian 循环滞后 41.5 ms（超过一个控制周期 5.0 ms）
2026-08-07 16:16:19,727 WARNING robot.realtime.clock [robot-continuous-jog] clock.py:107 | jog-cartesian 循环滞后 38.9 ms（超过一个控制周期 5.0 ms）
2026-08-07 16:16:19,730 WARNING robot.realtime.clock [robot-continuous-jog] clock.py:107 | jog-cartesian 循环滞后 36.4 ms（超过一个控制周期 5.0 ms）
2026-08-07 16:16:19,732 WARNING robot.realtime.clock [robot-continuous-jog] clock.py:107 | jog-cartesian 循环滞后 33.9 ms（超过一个控制周期 5.0 ms）
2026-08-07 16:16:19,735 WARNING robot.realtime.clock [robot-continuous-jog] clock.py:107 | jog-cartesian 循环滞后 31.6 ms（超过一个控制周期 5.0 ms）
2026-08-07 16:16:19,739 WARNING robot.realtime.clock [robot-continuous-jog] clock.py:107 | jog-cartesian 循环滞后 30.9 ms（超过一个控制周期 5.0 ms）
2026-08-07 16:16:19,741 WARNING robot.realtime.clock [robot-continuous-jog] clock.py:107 | jog-cartesian 循环滞后 27.8 ms（超过一个控制周期 5.0 ms）
2026-08-07 16:16:19,743 WARNING robot.realtime.clock [robot-continuous-jog] clock.py:107 | jog-cartesian 循环滞后 24.7 ms（超过一个控制周期 5.0 ms）
2026-08-07 16:16:19,745 WARNING robot.realtime.clock [robot-continuous-jog] clock.py:107 | jog-cartesian 循环滞后 22.1 ms（超过一个控制周期 5.0 ms）
2026-08-07 16:16:19,748 WARNING robot.realtime.clock [robot-continuous-jog] clock.py:107 | jog-cartesian 循环滞后 19.7 ms（超过一个控制周期 5.0 ms）
2026-08-07 16:16:19,750 WARNING robot.realtime.clock [robot-continuous-jog] clock.py:107 | jog-cartesian 循环滞后 16.8 ms（超过一个控制周期 5.0 ms）
2026-08-07 16:16:19,752 WARNING robot.realtime.clock [robot-continuous-jog] clock.py:107 | jog-cartesian 循环滞后 13.7 ms（超过一个控制周期 5.0 ms）
2026-08-07 16:16:19,754 WARNING robot.realtime.clock [robot-continuous-jog] clock.py:107 | jog-cartesian 循环滞后 10.3 ms（超过一个控制周期 5.0 ms）
2026-08-07 16:16:19,755 WARNING robot.realtime.clock [robot-continuous-jog] clock.py:107 | jog-cartesian 循环滞后 6.9 ms（超过一个控制周期 5.0 ms）
2026-08-07 16:16:19,892 WARNING robot.realtime.clock [robot-continuous-jog] clock.py:107 | jog-cartesian 循环滞后 43.6 ms（超过一个控制周期 5.0 ms）
2026-08-07 16:16:19,892 ERROR   robot.realtime.motion_streamer [robot-motion-streamer] motion_streamer.py:176 | 关节指令下发失败：关节 5 指令加速度 1010°/s² 超过上限 720°/s²
2026-08-07 16:16:19,894 WARNING robot.realtime.clock [robot-continuous-jog] clock.py:107 | jog-cartesian 循环滞后 40.4 ms（超过一个控制周期 5.0 ms）
2026-08-07 16:16:19,895 WARNING robot.realtime.clock [robot-continuous-jog] clock.py:107 | jog-cartesian 循环滞后 36.9 ms（超过一个控制周期 5.0 ms）
2026-08-07 16:16:19,897 WARNING robot.realtime.clock [robot-continuous-jog] clock.py:107 | jog-cartesian 循环滞后 33.4 ms（超过一个控制周期 5.0 ms）
2026-08-07 16:16:19,898 WARNING robot.realtime.clock [robot-continuous-jog] clock.py:107 | jog-cartesian 循环滞后 30.0 ms（超过一个控制周期 5.0 ms）
2026-08-07 16:16:19,900 WARNING robot.realtime.clock [robot-continuous-jog] clock.py:107 | jog-cartesian 循环滞后 26.5 ms（超过一个控制周期 5.0 ms）
2026-08-07 16:16:19,901 WARNING robot.realtime.clock [robot-continuous-jog] clock.py:107 | jog-cartesian 循环滞后 22.9 ms（超过一个控制周期 5.0 ms）
2026-08-07 16:16:19,903 WARNING robot.realtime.clock [robot-continuous-jog] clock.py:107 | jog-cartesian 循环滞后 19.4 ms（超过一个控制周期 5.0 ms）
2026-08-07 16:16:19,904 WARNING robot.realtime.clock [robot-continuous-jog] clock.py:107 | jog-cartesian 循环滞后 15.7 ms（超过一个控制周期 5.0 ms）
2026-08-07 16:16:19,905 WARNING robot.realtime.clock [robot-continuous-jog] clock.py:107 | jog-cartesian 循环滞后 12.2 ms（超过一个控制周期 5.0 ms）
2026-08-07 16:16:19,907 WARNING robot.realtime.clock [robot-continuous-jog] clock.py:107 | jog-cartesian 循环滞后 8.5 ms（超过一个控制周期 5.0 ms）
2026-08-07 16:16:19,909 WARNING robot.realtime.clock [robot-continuous-jog] clock.py:107 | jog-cartesian 循环滞后 5.2 ms（超过一个控制周期 5.0 ms）
2026-08-07 16:16:20,000 WARNING robot.realtime.clock [robot-continuous-jog] clock.py:107 | jog-cartesian 循环滞后 6.9 ms（超过一个控制周期 5.0 ms）
2026-08-07 16:16:20,007 WARNING robot.realtime.clock [robot-continuous-jog] clock.py:107 | jog-cartesian 循环滞后 8.5 ms（超过一个控制周期 5.0 ms）
2026-08-07 16:16:20,015 WARNING robot.realtime.clock [robot-continuous-jog] clock.py:107 | jog-cartesian 循环滞后 11.6 ms（超过一个控制周期 5.0 ms）
2026-08-07 16:16:20,025 WARNING robot.realtime.clock [robot-continuous-jog] clock.py:107 | jog-cartesian 循环滞后 16.2 ms（超过一个控制周期 5.0 ms）
2026-08-07 16:16:20,043 WARNING robot.realtime.clock [robot-continuous-jog] clock.py:107 | jog-cartesian 循环滞后 30.1 ms（超过一个控制周期 5.0 ms）
2026-08-07 16:16:20,052 WARNING robot.realtime.clock [robot-continuous-jog] clock.py:107 | jog-cartesian 循环滞后 33.2 ms（超过一个控制周期 5.0 ms）
2026-08-07 16:16:20,060 WARNING robot.realtime.clock [robot-continuous-jog] clock.py:107 | jog-cartesian 循环滞后 36.9 ms（超过一个控制周期 5.0 ms）
2026-08-07 16:16:20,063 WARNING robot.realtime.clock [robot-continuous-jog] clock.py:107 | jog-cartesian 循环滞后 35.0 ms（超过一个控制周期 5.0 ms）
2026-08-07 16:16:20,067 WARNING robot.realtime.clock [robot-continuous-jog] clock.py:107 | jog-cartesian 循环滞后 33.6 ms（超过一个控制周期 5.0 ms）
2026-08-07 16:16:20,070 WARNING robot.realtime.clock [robot-continuous-jog] clock.py:107 | jog-cartesian 循环滞后 32.0 ms（超过一个控制周期 5.0 ms）
2026-08-07 16:16:20,073 WARNING robot.realtime.clock [robot-continuous-jog] clock.py:107 | jog-cartesian 循环滞后 29.9 ms（超过一个控制周期 5.0 ms）
2026-08-07 16:16:20,075 WARNING robot.realtime.clock [robot-continuous-jog] clock.py:107 | jog-cartesian 循环滞后 27.0 ms（超过一个控制周期 5.0 ms）
2026-08-07 16:16:20,077 WARNING robot.realtime.clock [robot-continuous-jog] clock.py:107 | jog-cartesian 循环滞后 23.9 ms（超过一个控制周期 5.0 ms）
2026-08-07 16:16:20,079 WARNING robot.realtime.clock [robot-continuous-jog] clock.py:107 | jog-cartesian 循环滞后 20.9 ms（超过一个控制周期 5.0 ms）
2026-08-07 16:16:20,081 WARNING robot.realtime.clock [robot-continuous-jog] clock.py:107 | jog-cartesian 循环滞后 17.8 ms（超过一个控制周期 5.0 ms）
2026-08-07 16:16:20,083 WARNING robot.realtime.clock [robot-continuous-jog] clock.py:107 | jog-cartesian 循环滞后 14.7 ms（超过一个控制周期 5.0 ms）
2026-08-07 16:16:20,085 WARNING robot.realtime.clock [robot-continuous-jog] clock.py:107 | jog-cartesian 循环滞后 11.3 ms（超过一个控制周期 5.0 ms）
2026-08-07 16:16:20,086 WARNING robot.realtime.clock [robot-continuous-jog] clock.py:107 | jog-cartesian 循环滞后 7.8 ms（超过一个控制周期 5.0 ms）
2026-08-07 16:16:20,143 WARNING robot.realtime.clock [robot-continuous-jog] clock.py:107 | jog-cartesian 循环滞后 9.3 ms（超过一个控制周期 5.0 ms）
2026-08-07 16:16:20,152 WARNING robot.realtime.clock [robot-continuous-jog] clock.py:107 | jog-cartesian 循环滞后 14.1 ms（超过一个控制周期 5.0 ms）
2026-08-07 16:16:20,166 WARNING robot.realtime.clock [robot-continuous-jog] clock.py:107 | jog-cartesian 循环滞后 22.7 ms（超过一个控制周期 5.0 ms）
2026-08-07 16:16:20,172 WARNING robot.realtime.clock [robot-continuous-jog] clock.py:107 | jog-cartesian 循环滞后 23.7 ms（超过一个控制周期 5.0 ms）
2026-08-07 16:16:20,176 WARNING robot.realtime.clock [robot-continuous-jog] clock.py:107 | jog-cartesian 循环滞后 22.2 ms（超过一个控制周期 5.0 ms）
2026-08-07 16:16:20,180 WARNING robot.realtime.clock [robot-continuous-jog] clock.py:107 | jog-cartesian 循环滞后 21.6 ms（超过一个控制周期 5.0 ms）
2026-08-07 16:16:20,185 WARNING robot.realtime.clock [robot-continuous-jog] clock.py:107 | jog-cartesian 循环滞后 21.2 ms（超过一个控制周期 5.0 ms）
2026-08-07 16:16:20,189 WARNING robot.realtime.clock [robot-continuous-jog] clock.py:107 | jog-cartesian 循环滞后 20.4 ms（超过一个控制周期 5.0 ms）
2026-08-07 16:16:20,195 WARNING robot.realtime.clock [robot-continuous-jog] clock.py:107 | jog-cartesian 循环滞后 21.6 ms（超过一个控制周期 5.0 ms）
2026-08-07 16:16:20,199 WARNING robot.realtime.clock [robot-continuous-jog] clock.py:107 | jog-cartesian 循环滞后 21.0 ms（超过一个控制周期 5.0 ms）
2026-08-07 16:16:20,203 WARNING robot.realtime.clock [robot-continuous-jog] clock.py:107 | jog-cartesian 循环滞后 19.5 ms（超过一个控制周期 5.0 ms）
2026-08-07 16:16:20,206 WARNING robot.realtime.clock [robot-continuous-jog] clock.py:107 | jog-cartesian 循环滞后 17.2 ms（超过一个控制周期 5.0 ms）
2026-08-07 16:16:20,208 WARNING robot.realtime.clock [robot-continuous-jog] clock.py:107 | jog-cartesian 循环滞后 14.3 ms（超过一个控制周期 5.0 ms）
2026-08-07 16:16:20,210 WARNING robot.realtime.clock [robot-continuous-jog] clock.py:107 | jog-cartesian 循环滞后 11.5 ms（超过一个控制周期 5.0 ms）
2026-08-07 16:16:20,213 WARNING robot.realtime.clock [robot-continuous-jog] clock.py:107 | jog-cartesian 循环滞后 9.3 ms（超过一个控制周期 5.0 ms）
2026-08-07 16:16:20,216 WARNING robot.realtime.clock [robot-continuous-jog] clock.py:107 | jog-cartesian 循环滞后 7.3 ms（超过一个控制周期 5.0 ms）
2026-08-07 16:16:20,219 WARNING robot.realtime.clock [robot-continuous-jog] clock.py:107 | jog-cartesian 循环滞后 6.1 ms（超过一个控制周期 5.0 ms）
2026-08-07 16:16:20,224 WARNING robot.realtime.clock [robot-continuous-jog] clock.py:107 | jog-cartesian 循环滞后 5.7 ms（超过一个控制周期 5.0 ms）
2026-08-07 16:16:20,234 WARNING robot.realtime.clock [robot-continuous-jog] clock.py:107 | jog-cartesian 循环滞后 10.5 ms（超过一个控制周期 5.0 ms）
2026-08-07 16:16:20,238 WARNING robot.realtime.clock [robot-continuous-jog] clock.py:107 | jog-cartesian 循环滞后 9.3 ms（超过一个控制周期 5.0 ms）
2026-08-07 16:16:20,242 WARNING robot.realtime.clock [robot-continuous-jog] clock.py:107 | jog-cartesian 循环滞后 8.3 ms（超过一个控制周期 5.0 ms）
2026-08-07 16:16:20,245 WARNING robot.realtime.clock [robot-continuous-jog] clock.py:107 | jog-cartesian 循环滞后 6.5 ms（超过一个控制周期 5.0 ms）
2026-08-07 16:16:20,444 WARNING robot.realtime.clock [robot-continuous-jog] clock.py:107 | jog-cartesian 循环滞后 5.7 ms（超过一个控制周期 5.0 ms）
2026-08-07 16:16:20,451 WARNING robot.realtime.clock [robot-continuous-jog] clock.py:107 | jog-cartesian 循环滞后 8.0 ms（超过一个控制周期 5.0 ms）
2026-08-07 16:16:20,456 WARNING robot.realtime.clock [robot-continuous-jog] clock.py:107 | jog-cartesian 循环滞后 8.0 ms（超过一个控制周期 5.0 ms）
2026-08-07 16:16:20,459 WARNING robot.realtime.clock [robot-continuous-jog] clock.py:107 | jog-cartesian 循环滞后 6.1 ms（超过一个控制周期 5.0 ms）
2026-08-07 16:16:20,468 WARNING robot.realtime.clock [robot-continuous-jog] clock.py:107 | jog-cartesian 循环滞后 9.5 ms（超过一个控制周期 5.0 ms）
2026-08-07 16:16:20,472 WARNING robot.realtime.clock [robot-continuous-jog] clock.py:107 | jog-cartesian 循环滞后 8.3 ms（超过一个控制周期 5.0 ms）
2026-08-07 16:16:20,477 WARNING robot.realtime.clock [robot-continuous-jog] clock.py:107 | jog-cartesian 循环滞后 8.6 ms（超过一个控制周期 5.0 ms）
2026-08-07 16:16:20,485 WARNING robot.realtime.clock [robot-continuous-jog] clock.py:107 | jog-cartesian 循环滞后 12.1 ms（超过一个控制周期 5.0 ms）
2026-08-07 16:16:20,491 WARNING robot.realtime.clock [robot-continuous-jog] clock.py:107 | jog-cartesian 循环滞后 12.8 ms（超过一个控制周期 5.0 ms）
2026-08-07 16:16:20,503 WARNING robot.realtime.clock [robot-continuous-jog] clock.py:107 | jog-cartesian 循环滞后 20.1 ms（超过一个控制周期 5.0 ms）
2026-08-07 16:16:20,510 WARNING robot.realtime.clock [robot-continuous-jog] clock.py:107 | jog-cartesian 循环滞后 21.8 ms（超过一个控制周期 5.0 ms）
2026-08-07 16:16:20,517 WARNING robot.realtime.clock [robot-continuous-jog] clock.py:107 | jog-cartesian 循环滞后 23.9 ms（超过一个控制周期 5.0 ms）
2026-08-07 16:16:20,522 WARNING robot.realtime.clock [robot-continuous-jog] clock.py:107 | jog-cartesian 循环滞后 23.7 ms（超过一个控制周期 5.0 ms）
2026-08-07 16:16:20,532 WARNING robot.realtime.clock [robot-continuous-jog] clock.py:107 | jog-cartesian 循环滞后 28.6 ms（超过一个控制周期 5.0 ms）
2026-08-07 16:16:20,543 WARNING robot.realtime.clock [robot-continuous-jog] clock.py:107 | jog-cartesian 循环滞后 35.1 ms（超过一个控制周期 5.0 ms）
2026-08-07 16:16:20,554 WARNING robot.realtime.clock [robot-continuous-jog] clock.py:107 | jog-cartesian 循环滞后 41.0 ms（超过一个控制周期 5.0 ms）
2026-08-07 16:16:20,566 WARNING robot.realtime.clock [robot-continuous-jog] clock.py:107 | jog-cartesian 循环滞后 47.4 ms（超过一个控制周期 5.0 ms）
2026-08-07 16:16:20,575 WARNING robot.realtime.clock [robot-continuous-jog] clock.py:107 | jog-cartesian 循环滞后 52.0 ms（超过一个控制周期 5.0 ms）
2026-08-07 16:16:20,580 WARNING robot.realtime.clock [robot-continuous-jog] clock.py:107 | jog-cartesian 循环滞后 51.8 ms（超过一个控制周期 5.0 ms）
2026-08-07 16:16:20,585 WARNING robot.realtime.clock [robot-continuous-jog] clock.py:107 | jog-cartesian 循环滞后 51.5 ms（超过一个控制周期 5.0 ms）
2026-08-07 16:16:20,588 WARNING robot.realtime.clock [robot-continuous-jog] clock.py:107 | jog-cartesian 循环滞后 49.6 ms（超过一个控制周期 5.0 ms）
2026-08-07 16:16:20,592 WARNING robot.realtime.clock [robot-continuous-jog] clock.py:107 | jog-cartesian 循环滞后 48.7 ms（超过一个控制周期 5.0 ms）
2026-08-07 16:16:20,601 WARNING robot.realtime.clock [robot-continuous-jog] clock.py:107 | jog-cartesian 循环滞后 53.0 ms（超过一个控制周期 5.0 ms）
2026-08-07 16:16:20,616 WARNING robot.realtime.clock [robot-continuous-jog] clock.py:107 | jog-cartesian 循环滞后 63.0 ms（超过一个控制周期 5.0 ms）
2026-08-07 16:16:20,624 WARNING robot.realtime.clock [robot-continuous-jog] clock.py:107 | jog-cartesian 循环滞后 66.1 ms（超过一个控制周期 5.0 ms）
2026-08-07 16:16:20,630 WARNING robot.realtime.clock [robot-continuous-jog] clock.py:107 | jog-cartesian 循环滞后 66.6 ms（超过一个控制周期 5.0 ms）
2026-08-07 16:16:20,637 WARNING robot.realtime.clock [robot-continuous-jog] clock.py:107 | jog-cartesian 循环滞后 68.6 ms（超过一个控制周期 5.0 ms）
2026-08-07 16:16:20,640 WARNING robot.realtime.clock [robot-continuous-jog] clock.py:107 | jog-cartesian 循环滞后 67.0 ms（超过一个控制周期 5.0 ms）
2026-08-07 16:16:20,643 WARNING robot.realtime.clock [robot-continuous-jog] clock.py:107 | jog-cartesian 循环滞后 64.2 ms（超过一个控制周期 5.0 ms）
2026-08-07 16:16:20,645 WARNING robot.realtime.clock [robot-continuous-jog] clock.py:107 | jog-cartesian 循环滞后 61.8 ms（超过一个控制周期 5.0 ms）
2026-08-07 16:16:20,649 WARNING robot.realtime.clock [robot-continuous-jog] clock.py:107 | jog-cartesian 循环滞后 60.5 ms（超过一个控制周期 5.0 ms）
2026-08-07 16:16:20,654 WARNING robot.realtime.clock [robot-continuous-jog] clock.py:107 | jog-cartesian 循环滞后 61.1 ms（超过一个控制周期 5.0 ms）
2026-08-07 16:16:20,677 WARNING robot.realtime.clock [robot-continuous-jog] clock.py:107 | jog-cartesian 循环滞后 78.8 ms（超过一个控制周期 5.0 ms）
2026-08-07 16:16:20,689 WARNING robot.realtime.clock [robot-continuous-jog] clock.py:107 | jog-cartesian 循环滞后 86.0 ms（超过一个控制周期 5.0 ms）
2026-08-07 16:16:20,693 WARNING robot.realtime.clock [robot-continuous-jog] clock.py:107 | jog-cartesian 循环滞后 84.3 ms（超过一个控制周期 5.0 ms）
2026-08-07 16:16:20,695 WARNING robot.realtime.clock [robot-continuous-jog] clock.py:107 | jog-cartesian 循环滞后 81.5 ms（超过一个控制周期 5.0 ms）
2026-08-07 16:16:20,697 WARNING robot.realtime.clock [robot-continuous-jog] clock.py:107 | jog-cartesian 循环滞后 78.8 ms（超过一个控制周期 5.0 ms）
2026-08-07 16:16:20,699 WARNING robot.realtime.clock [robot-continuous-jog] clock.py:107 | jog-cartesian 循环滞后 75.8 ms（超过一个控制周期 5.0 ms）
2026-08-07 16:16:20,701 WARNING robot.realtime.clock [robot-continuous-jog] clock.py:107 | jog-cartesian 循环滞后 73.2 ms（超过一个控制周期 5.0 ms）
2026-08-07 16:16:20,712 WARNING robot.realtime.clock [robot-continuous-jog] clock.py:107 | jog-cartesian 循环滞后 78.6 ms（超过一个控制周期 5.0 ms）
2026-08-07 16:16:20,720 WARNING robot.realtime.clock [robot-continuous-jog] clock.py:107 | jog-cartesian 循环滞后 81.7 ms（超过一个控制周期 5.0 ms）
2026-08-07 16:16:20,730 WARNING robot.realtime.clock [robot-continuous-jog] clock.py:107 | jog-cartesian 循环滞后 86.4 ms（超过一个控制周期 5.0 ms）
2026-08-07 16:16:20,735 WARNING robot.realtime.clock [robot-continuous-jog] clock.py:107 | jog-cartesian 循环滞后 87.2 ms（超过一个控制周期 5.0 ms）
2026-08-07 16:16:20,745 WARNING robot.realtime.clock [robot-continuous-jog] clock.py:107 | jog-cartesian 循环滞后 91.8 ms（超过一个控制周期 5.0 ms）
2026-08-07 16:16:20,754 WARNING robot.realtime.clock [robot-continuous-jog] clock.py:107 | jog-cartesian 循环滞后 95.5 ms（超过一个控制周期 5.0 ms）
2026-08-07 16:16:20,759 WARNING robot.realtime.clock [robot-continuous-jog] clock.py:107 | jog-cartesian 循环滞后 95.8 ms（超过一个控制周期 5.0 ms）
2026-08-07 16:16:20,768 WARNING robot.realtime.clock [robot-continuous-jog] clock.py:107 | jog-cartesian 循环滞后 99.4 ms（超过一个控制周期 5.0 ms）
2026-08-07 16:16:20,781 WARNING robot.realtime.clock [robot-continuous-jog] clock.py:107 | jog-cartesian 循环滞后 107.7 ms（超过一个控制周期 5.0 ms）
2026-08-07 16:16:20,791 WARNING robot.realtime.clock [robot-continuous-jog] clock.py:107 | jog-cartesian 循环滞后 112.9 ms（超过一个控制周期 5.0 ms）
2026-08-07 16:16:20,800 WARNING robot.realtime.clock [robot-continuous-jog] clock.py:107 | jog-cartesian 循环滞后 117.0 ms（超过一个控制周期 5.0 ms）
2026-08-07 16:16:20,816 WARNING robot.realtime.clock [robot-continuous-jog] clock.py:107 | jog-cartesian 循环滞后 127.8 ms（超过一个控制周期 5.0 ms）
2026-08-07 16:16:20,822 WARNING robot.realtime.clock [robot-continuous-jog] clock.py:107 | jog-cartesian 循环滞后 128.4 ms（超过一个控制周期 5.0 ms）
2026-08-07 16:16:20,825 WARNING robot.realtime.clock [robot-continuous-jog] clock.py:107 | jog-cartesian 循环滞后 126.8 ms（超过一个控制周期 5.0 ms）
2026-08-07 16:16:20,827 WARNING robot.realtime.clock [robot-continuous-jog] clock.py:107 | jog-cartesian 循环滞后 124.0 ms（超过一个控制周期 5.0 ms）
2026-08-07 16:16:20,832 WARNING robot.realtime.clock [robot-continuous-jog] clock.py:107 | jog-cartesian 循环滞后 123.5 ms（超过一个控制周期 5.0 ms）
2026-08-07 16:16:20,843 WARNING robot.realtime.clock [robot-continuous-jog] clock.py:107 | jog-cartesian 循环滞后 129.8 ms（超过一个控制周期 5.0 ms）
2026-08-07 16:16:20,850 WARNING robot.realtime.clock [robot-continuous-jog] clock.py:107 | jog-cartesian 循环滞后 132.1 ms（超过一个控制周期 5.0 ms）
2026-08-07 16:16:20,859 WARNING robot.realtime.clock [robot-continuous-jog] clock.py:107 | jog-cartesian 循环滞后 135.3 ms（超过一个控制周期 5.0 ms）
2026-08-07 16:16:20,866 WARNING robot.realtime.clock [robot-continuous-jog] clock.py:107 | jog-cartesian 循环滞后 138.0 ms（超过一个控制周期 5.0 ms）
2026-08-07 16:16:20,883 WARNING robot.realtime.clock [robot-continuous-jog] clock.py:107 | jog-cartesian 循环滞后 150.0 ms（超过一个控制周期 5.0 ms）
2026-08-07 16:16:20,894 WARNING robot.realtime.clock [robot-continuous-jog] clock.py:107 | jog-cartesian 循环滞后 155.2 ms（超过一个控制周期 5.0 ms）
2026-08-07 16:16:20,913 WARNING robot.realtime.clock [robot-continuous-jog] clock.py:107 | jog-cartesian 循环滞后 169.7 ms（超过一个控制周期 5.0 ms）
2026-08-07 16:16:20,924 WARNING robot.realtime.clock [robot-continuous-jog] clock.py:107 | jog-cartesian 循环滞后 175.6 ms（超过一个控制周期 5.0 ms）
2026-08-07 16:16:20,931 WARNING robot.realtime.clock [robot-continuous-jog] clock.py:107 | jog-cartesian 循环滞后 177.9 ms（超过一个控制周期 5.0 ms）
2026-08-07 16:16:20,944 WARNING robot.realtime.clock [robot-continuous-jog] clock.py:107 | jog-cartesian 循环滞后 186.1 ms（超过一个控制周期 5.0 ms）
2026-08-07 16:16:20,955 WARNING robot.realtime.clock [robot-continuous-jog] clock.py:107 | jog-cartesian 循环滞后 191.4 ms（超过一个控制周期 5.0 ms）
2026-08-07 16:16:20,957 WARNING robot.realtime.clock [robot-continuous-jog] clock.py:107 | jog-cartesian 循环滞后 188.5 ms（超过一个控制周期 5.0 ms）
2026-08-07 16:16:20,958 WARNING robot.realtime.clock [robot-continuous-jog] clock.py:107 | jog-cartesian 循环滞后 185.0 ms（超过一个控制周期 5.0 ms）
2026-08-07 16:16:20,960 WARNING robot.realtime.clock [robot-continuous-jog] clock.py:107 | jog-cartesian 循环滞后 181.3 ms（超过一个控制周期 5.0 ms）
2026-08-07 16:16:20,961 WARNING robot.realtime.clock [robot-continuous-jog] clock.py:107 | jog-cartesian 循环滞后 177.7 ms（超过一个控制周期 5.0 ms）
2026-08-07 16:16:20,962 WARNING robot.realtime.clock [robot-continuous-jog] clock.py:107 | jog-cartesian 循环滞后 174.1 ms（超过一个控制周期 5.0 ms）
2026-08-07 16:16:20,964 WARNING robot.realtime.clock [robot-continuous-jog] clock.py:107 | jog-cartesian 循环滞后 170.7 ms（超过一个控制周期 5.0 ms）
2026-08-07 16:16:20,966 WARNING robot.realtime.clock [robot-continuous-jog] clock.py:107 | jog-cartesian 循环滞后 167.3 ms（超过一个控制周期 5.0 ms）
2026-08-07 16:16:20,967 WARNING robot.realtime.clock [robot-continuous-jog] clock.py:107 | jog-cartesian 循环滞后 164.0 ms（超过一个控制周期 5.0 ms）
2026-08-07 16:16:20,969 WARNING robot.realtime.clock [robot-continuous-jog] clock.py:107 | jog-cartesian 循环滞后 160.7 ms（超过一个控制周期 5.0 ms）
2026-08-07 16:16:20,970 WARNING robot.realtime.clock [robot-continuous-jog] clock.py:107 | jog-cartesian 循环滞后 157.1 ms（超过一个控制周期 5.0 ms）
2026-08-07 16:16:20,972 WARNING robot.realtime.clock [robot-continuous-jog] clock.py:107 | jog-cartesian 循环滞后 153.5 ms（超过一个控制周期 5.0 ms）
2026-08-07 16:16:20,975 WARNING robot.realtime.clock [robot-continuous-jog] clock.py:107 | jog-cartesian 循环滞后 151.4 ms（超过一个控制周期 5.0 ms）
2026-08-07 16:16:20,976 WARNING robot.realtime.clock [robot-continuous-jog] clock.py:107 | jog-cartesian 循环滞后 147.9 ms（超过一个控制周期 5.0 ms）
2026-08-07 16:16:20,978 WARNING robot.realtime.clock [robot-continuous-jog] clock.py:107 | jog-cartesian 循环滞后 144.3 ms（超过一个控制周期 5.0 ms）
2026-08-07 16:16:20,979 WARNING robot.realtime.clock [robot-continuous-jog] clock.py:107 | jog-cartesian 循环滞后 140.7 ms（超过一个控制周期 5.0 ms）
2026-08-07 16:16:20,981 WARNING robot.realtime.clock [robot-continuous-jog] clock.py:107 | jog-cartesian 循环滞后 137.7 ms（超过一个控制周期 5.0 ms）
2026-08-07 16:16:20,983 WARNING robot.realtime.clock [robot-continuous-jog] clock.py:107 | jog-cartesian 循环滞后 134.4 ms（超过一个控制周期 5.0 ms）
2026-08-07 16:16:20,984 WARNING robot.realtime.clock [robot-continuous-jog] clock.py:107 | jog-cartesian 循环滞后 131.2 ms（超过一个控制周期 5.0 ms）
2026-08-07 16:16:20,986 WARNING robot.realtime.clock [robot-continuous-jog] clock.py:107 | jog-cartesian 循环滞后 127.8 ms（超过一个控制周期 5.0 ms）
2026-08-07 16:16:20,988 WARNING robot.realtime.clock [robot-continuous-jog] clock.py:107 | jog-cartesian 循环滞后 124.3 ms（超过一个控制周期 5.0 ms）
2026-08-07 16:16:20,989 WARNING robot.realtime.clock [robot-continuous-jog] clock.py:107 | jog-cartesian 循环滞后 121.1 ms（超过一个控制周期 5.0 ms）
2026-08-07 16:16:20,991 WARNING robot.realtime.clock [robot-continuous-jog] clock.py:107 | jog-cartesian 循环滞后 117.6 ms（超过一个控制周期 5.0 ms）
2026-08-07 16:16:20,992 WARNING robot.realtime.clock [robot-continuous-jog] clock.py:107 | jog-cartesian 循环滞后 113.9 ms（超过一个控制周期 5.0 ms）
2026-08-07 16:16:20,994 WARNING robot.realtime.clock [robot-continuous-jog] clock.py:107 | jog-cartesian 循环滞后 110.3 ms（超过一个控制周期 5.0 ms）
2026-08-07 16:16:20,995 WARNING robot.realtime.clock [robot-continuous-jog] clock.py:107 | jog-cartesian 循环滞后 106.9 ms（超过一个控制周期 5.0 ms）
2026-08-07 16:16:20,997 WARNING robot.realtime.clock [robot-continuous-jog] clock.py:107 | jog-cartesian 循环滞后 103.3 ms（超过一个控制周期 5.0 ms）
2026-08-07 16:16:20,998 WARNING robot.realtime.clock [robot-continuous-jog] clock.py:107 | jog-cartesian 循环滞后 100.0 ms（超过一个控制周期 5.0 ms）
2026-08-07 16:16:21,000 WARNING robot.realtime.clock [robot-continuous-jog] clock.py:107 | jog-cartesian 循环滞后 96.6 ms（超过一个控制周期 5.0 ms）
2026-08-07 16:16:21,001 WARNING robot.realtime.clock [robot-continuous-jog] clock.py:107 | jog-cartesian 循环滞后 93.0 ms（超过一个控制周期 5.0 ms）
2026-08-07 16:16:21,003 WARNING robot.realtime.clock [robot-continuous-jog] clock.py:107 | jog-cartesian 循环滞后 89.4 ms（超过一个控制周期 5.0 ms）
2026-08-07 16:16:21,004 WARNING robot.realtime.clock [robot-continuous-jog] clock.py:107 | jog-cartesian 循环滞后 86.2 ms（超过一个控制周期 5.0 ms）
2026-08-07 16:16:21,008 WARNING robot.realtime.clock [robot-continuous-jog] clock.py:107 | jog-cartesian 循环滞后 85.0 ms（超过一个控制周期 5.0 ms）
2026-08-07 16:16:21,010 WARNING robot.realtime.clock [robot-continuous-jog] clock.py:107 | jog-cartesian 循环滞后 81.9 ms（超过一个控制周期 5.0 ms）
2026-08-07 16:16:21,012 WARNING robot.realtime.clock [robot-continuous-jog] clock.py:107 | jog-cartesian 循环滞后 78.7 ms（超过一个控制周期 5.0 ms）
2026-08-07 16:16:21,014 WARNING robot.realtime.clock [robot-continuous-jog] clock.py:107 | jog-cartesian 循环滞后 75.5 ms（超过一个控制周期 5.0 ms）
2026-08-07 16:16:21,016 WARNING robot.realtime.clock [robot-continuous-jog] clock.py:107 | jog-cartesian 循环滞后 72.5 ms（超过一个控制周期 5.0 ms）
2026-08-07 16:16:21,017 WARNING robot.realtime.clock [robot-continuous-jog] clock.py:107 | jog-cartesian 循环滞后 69.0 ms（超过一个控制周期 5.0 ms）
2026-08-07 16:16:21,019 WARNING robot.realtime.clock [robot-continuous-jog] clock.py:107 | jog-cartesian 循环滞后 65.4 ms（超过一个控制周期 5.0 ms）
2026-08-07 16:16:21,020 WARNING robot.realtime.clock [robot-continuous-jog] clock.py:107 | jog-cartesian 循环滞后 62.0 ms（超过一个控制周期 5.0 ms）
2026-08-07 16:16:21,022 WARNING robot.realtime.clock [robot-continuous-jog] clock.py:107 | jog-cartesian 循环滞后 58.4 ms（超过一个控制周期 5.0 ms）
2026-08-07 16:16:21,023 WARNING robot.realtime.clock [robot-continuous-jog] clock.py:107 | jog-cartesian 循环滞后 54.9 ms（超过一个控制周期 5.0 ms）
2026-08-07 16:16:21,025 WARNING robot.realtime.clock [robot-continuous-jog] clock.py:107 | jog-cartesian 循环滞后 52.1 ms（超过一个控制周期 5.0 ms）
2026-08-07 16:16:21,028 WARNING robot.realtime.clock [robot-continuous-jog] clock.py:107 | jog-cartesian 循环滞后 49.6 ms（超过一个控制周期 5.0 ms）
2026-08-07 16:16:21,031 WARNING robot.realtime.clock [robot-continuous-jog] clock.py:107 | jog-cartesian 循环滞后 47.3 ms（超过一个控制周期 5.0 ms）
2026-08-07 16:16:21,033 WARNING robot.realtime.clock [robot-continuous-jog] clock.py:107 | jog-cartesian 循环滞后 45.2 ms（超过一个控制周期 5.0 ms）
2026-08-07 16:16:21,036 WARNING robot.realtime.clock [robot-continuous-jog] clock.py:107 | jog-cartesian 循环滞后 42.3 ms（超过一个控制周期 5.0 ms）
2026-08-07 16:16:21,038 WARNING robot.realtime.clock [robot-continuous-jog] clock.py:107 | jog-cartesian 循环滞后 39.5 ms（超过一个控制周期 5.0 ms）
2026-08-07 16:16:21,044 WARNING robot.realtime.clock [robot-continuous-jog] clock.py:107 | jog-cartesian 循环滞后 40.9 ms（超过一个控制周期 5.0 ms）
2026-08-07 16:16:21,050 WARNING robot.realtime.clock [robot-continuous-jog] clock.py:107 | jog-cartesian 循环滞后 41.9 ms（超过一个控制周期 5.0 ms）
2026-08-07 16:16:21,055 WARNING robot.realtime.clock [robot-continuous-jog] clock.py:107 | jog-cartesian 循环滞后 42.0 ms（超过一个控制周期 5.0 ms）
2026-08-07 16:16:21,062 WARNING robot.realtime.clock [robot-continuous-jog] clock.py:107 | jog-cartesian 循环滞后 43.5 ms（超过一个控制周期 5.0 ms）
2026-08-07 16:16:21,069 WARNING robot.realtime.clock [robot-continuous-jog] clock.py:107 | jog-cartesian 循环滞后 45.2 ms（超过一个控制周期 5.0 ms）
2026-08-07 16:16:21,080 WARNING robot.realtime.clock [robot-continuous-jog] clock.py:107 | jog-cartesian 循环滞后 51.3 ms（超过一个控制周期 5.0 ms）
2026-08-07 16:16:21,086 WARNING robot.realtime.clock [robot-continuous-jog] clock.py:107 | jog-cartesian 循环滞后 52.2 ms（超过一个控制周期 5.0 ms）
2026-08-07 16:16:21,091 WARNING robot.realtime.clock [robot-continuous-jog] clock.py:107 | jog-cartesian 循环滞后 53.0 ms（超过一个控制周期 5.0 ms）
2026-08-07 16:16:21,096 WARNING robot.realtime.clock [robot-continuous-jog] clock.py:107 | jog-cartesian 循环滞后 52.7 ms（超过一个控制周期 5.0 ms）
2026-08-07 16:16:21,103 WARNING robot.realtime.clock [robot-continuous-jog] clock.py:107 | jog-cartesian 循环滞后 54.2 ms（超过一个控制周期 5.0 ms）
2026-08-07 16:16:21,115 WARNING robot.realtime.clock [robot-continuous-jog] clock.py:107 | jog-cartesian 循环滞后 61.9 ms（超过一个控制周期 5.0 ms）
2026-08-07 16:16:21,121 WARNING robot.realtime.clock [robot-continuous-jog] clock.py:107 | jog-cartesian 循环滞后 63.0 ms（超过一个控制周期 5.0 ms）
2026-08-07 16:16:21,125 WARNING robot.realtime.clock [robot-continuous-jog] clock.py:107 | jog-cartesian 循环滞后 61.5 ms（超过一个控制周期 5.0 ms）
2026-08-07 16:16:21,128 WARNING robot.realtime.clock [robot-continuous-jog] clock.py:107 | jog-cartesian 循环滞后 59.8 ms（超过一个控制周期 5.0 ms）
2026-08-07 16:16:21,135 WARNING robot.realtime.clock [robot-continuous-jog] clock.py:107 | jog-cartesian 循环滞后 61.8 ms（超过一个控制周期 5.0 ms）
2026-08-07 16:16:21,147 WARNING robot.realtime.clock [robot-continuous-jog] clock.py:107 | jog-cartesian 循环滞后 68.4 ms（超过一个控制周期 5.0 ms）
2026-08-07 16:16:21,153 WARNING robot.realtime.clock [robot-continuous-jog] clock.py:107 | jog-cartesian 循环滞后 69.5 ms（超过一个控制周期 5.0 ms）
2026-08-07 16:16:21,157 WARNING robot.realtime.clock [robot-continuous-jog] clock.py:107 | jog-cartesian 循环滞后 68.8 ms（超过一个控制周期 5.0 ms）
2026-08-07 16:16:21,160 WARNING robot.realtime.clock [robot-continuous-jog] clock.py:107 | jog-cartesian 循环滞后 66.4 ms（超过一个控制周期 5.0 ms）
2026-08-07 16:16:21,162 WARNING robot.realtime.clock [robot-continuous-jog] clock.py:107 | jog-cartesian 循环滞后 63.8 ms（超过一个控制周期 5.0 ms）
2026-08-07 16:16:21,165 WARNING robot.realtime.clock [robot-continuous-jog] clock.py:107 | jog-cartesian 循环滞后 62.1 ms（超过一个控制周期 5.0 ms）
2026-08-07 16:16:21,168 WARNING robot.realtime.clock [robot-continuous-jog] clock.py:107 | jog-cartesian 循环滞后 60.1 ms（超过一个控制周期 5.0 ms）
2026-08-07 16:16:21,171 WARNING robot.realtime.clock [robot-continuous-jog] clock.py:107 | jog-cartesian 循环滞后 57.8 ms（超过一个控制周期 5.0 ms）
2026-08-07 16:16:21,174 WARNING robot.realtime.clock [robot-continuous-jog] clock.py:107 | jog-cartesian 循环滞后 56.2 ms（超过一个控制周期 5.0 ms）
2026-08-07 16:16:21,187 WARNING robot.realtime.clock [robot-continuous-jog] clock.py:107 | jog-cartesian 循环滞后 63.3 ms（超过一个控制周期 5.0 ms）
2026-08-07 16:16:21,192 WARNING robot.realtime.clock [robot-continuous-jog] clock.py:107 | jog-cartesian 循环滞后 63.3 ms（超过一个控制周期 5.0 ms）
2026-08-07 16:16:21,201 WARNING robot.realtime.clock [robot-continuous-jog] clock.py:107 | jog-cartesian 循环滞后 67.4 ms（超过一个控制周期 5.0 ms）
2026-08-07 16:16:21,207 WARNING robot.realtime.clock [robot-continuous-jog] clock.py:107 | jog-cartesian 循环滞后 69.0 ms（超过一个控制周期 5.0 ms）
2026-08-07 16:16:21,213 WARNING robot.realtime.clock [robot-continuous-jog] clock.py:107 | jog-cartesian 循环滞后 69.3 ms（超过一个控制周期 5.0 ms）
2026-08-07 16:16:21,216 WARNING robot.realtime.clock [robot-continuous-jog] clock.py:107 | jog-cartesian 循环滞后 68.1 ms（超过一个控制周期 5.0 ms）
2026-08-07 16:16:21,220 WARNING robot.realtime.clock [robot-continuous-jog] clock.py:107 | jog-cartesian 循环滞后 66.4 ms（超过一个控制周期 5.0 ms）
2026-08-07 16:16:21,224 WARNING robot.realtime.clock [robot-continuous-jog] clock.py:107 | jog-cartesian 循环滞后 65.4 ms（超过一个控制周期 5.0 ms）
2026-08-07 16:16:21,228 WARNING robot.realtime.clock [robot-continuous-jog] clock.py:107 | jog-cartesian 循环滞后 64.9 ms（超过一个控制周期 5.0 ms）
2026-08-07 16:16:21,232 WARNING robot.realtime.clock [robot-continuous-jog] clock.py:107 | jog-cartesian 循环滞后 63.9 ms（超过一个控制周期 5.0 ms）
2026-08-07 16:16:21,236 WARNING robot.realtime.clock [robot-continuous-jog] clock.py:107 | jog-cartesian 循环滞后 62.8 ms（超过一个控制周期 5.0 ms）
2026-08-07 16:16:21,239 WARNING robot.realtime.clock [robot-continuous-jog] clock.py:107 | jog-cartesian 循环滞后 61.0 ms（超过一个控制周期 5.0 ms）
2026-08-07 16:16:21,242 WARNING robot.realtime.clock [robot-continuous-jog] clock.py:107 | jog-cartesian 循环滞后 58.9 ms（超过一个控制周期 5.0 ms）
2026-08-07 16:16:21,258 WARNING robot.realtime.clock [robot-continuous-jog] clock.py:107 | jog-cartesian 循环滞后 69.4 ms（超过一个控制周期 5.0 ms）
2026-08-07 16:16:21,272 WARNING robot.realtime.clock [robot-continuous-jog] clock.py:107 | jog-cartesian 循环滞后 78.8 ms（超过一个控制周期 5.0 ms）
2026-08-07 16:16:21,288 WARNING robot.realtime.clock [robot-continuous-jog] clock.py:107 | jog-cartesian 循环滞后 89.7 ms（超过一个控制周期 5.0 ms）
2026-08-07 16:16:21,296 WARNING robot.realtime.clock [robot-continuous-jog] clock.py:107 | jog-cartesian 循环滞后 92.4 ms（超过一个控制周期 5.0 ms）
2026-08-07 16:16:21,298 WARNING robot.realtime.clock [robot-continuous-jog] clock.py:107 | jog-cartesian 循环滞后 89.8 ms（超过一个控制周期 5.0 ms）
2026-08-07 16:16:21,301 WARNING robot.realtime.clock [robot-continuous-jog] clock.py:107 | jog-cartesian 循环滞后 87.3 ms（超过一个控制周期 5.0 ms）
2026-08-07 16:16:21,303 WARNING robot.realtime.clock [robot-continuous-jog] clock.py:107 | jog-cartesian 循环滞后 84.6 ms（超过一个控制周期 5.0 ms）
2026-08-07 16:16:21,306 WARNING robot.realtime.clock [robot-continuous-jog] clock.py:107 | jog-cartesian 循环滞后 82.2 ms（超过一个控制周期 5.0 ms）
2026-08-07 16:16:21,307 WARNING robot.realtime.clock [robot-continuous-jog] clock.py:107 | jog-cartesian 循环滞后 79.0 ms（超过一个控制周期 5.0 ms）
2026-08-07 16:16:21,309 WARNING robot.realtime.clock [robot-continuous-jog] clock.py:107 | jog-cartesian 循环滞后 75.5 ms（超过一个控制周期 5.0 ms）
2026-08-07 16:16:21,312 WARNING robot.realtime.clock [robot-continuous-jog] clock.py:107 | jog-cartesian 循环滞后 73.3 ms（超过一个控制周期 5.0 ms）
2026-08-07 16:16:21,317 WARNING robot.realtime.clock [robot-continuous-jog] clock.py:107 | jog-cartesian 循环滞后 73.8 ms（超过一个控制周期 5.0 ms）
2026-08-07 16:16:21,319 WARNING robot.realtime.clock [robot-continuous-jog] clock.py:107 | jog-cartesian 循环滞后 70.6 ms（超过一个控制周期 5.0 ms）
2026-08-07 16:16:21,321 WARNING robot.realtime.clock [robot-continuous-jog] clock.py:107 | jog-cartesian 循环滞后 67.3 ms（超过一个控制周期 5.0 ms）
2026-08-07 16:16:21,322 WARNING robot.realtime.clock [robot-continuous-jog] clock.py:107 | jog-cartesian 循环滞后 64.1 ms（超过一个控制周期 5.0 ms）
2026-08-07 16:16:21,324 WARNING robot.realtime.clock [robot-continuous-jog] clock.py:107 | jog-cartesian 循环滞后 60.7 ms（超过一个控制周期 5.0 ms）
2026-08-07 16:16:21,326 WARNING robot.realtime.clock [robot-continuous-jog] clock.py:107 | jog-cartesian 循环滞后 57.4 ms（超过一个控制周期 5.0 ms）
2026-08-07 16:16:21,327 WARNING robot.realtime.clock [robot-continuous-jog] clock.py:107 | jog-cartesian 循环滞后 53.9 ms（超过一个控制周期 5.0 ms）
2026-08-07 16:16:21,329 WARNING robot.realtime.clock [robot-continuous-jog] clock.py:107 | jog-cartesian 循环滞后 50.3 ms（超过一个控制周期 5.0 ms）
2026-08-07 16:16:21,330 WARNING robot.realtime.clock [robot-continuous-jog] clock.py:107 | jog-cartesian 循环滞后 47.2 ms（超过一个控制周期 5.0 ms）
2026-08-07 16:16:21,332 WARNING robot.realtime.clock [robot-continuous-jog] clock.py:107 | jog-cartesian 循环滞后 43.8 ms（超过一个控制周期 5.0 ms）
2026-08-07 16:16:21,334 WARNING robot.realtime.clock [robot-continuous-jog] clock.py:107 | jog-cartesian 循环滞后 40.3 ms（超过一个控制周期 5.0 ms）
2026-08-07 16:16:21,335 WARNING robot.realtime.clock [robot-continuous-jog] clock.py:107 | jog-cartesian 循环滞后 36.7 ms（超过一个控制周期 5.0 ms）
2026-08-07 16:16:21,336 WARNING robot.realtime.clock [robot-continuous-jog] clock.py:107 | jog-cartesian 循环滞后 33.2 ms（超过一个控制周期 5.0 ms）
2026-08-07 16:16:21,338 WARNING robot.realtime.clock [robot-continuous-jog] clock.py:107 | jog-cartesian 循环滞后 29.6 ms（超过一个控制周期 5.0 ms）
2026-08-07 16:16:21,339 WARNING robot.realtime.clock [robot-continuous-jog] clock.py:107 | jog-cartesian 循环滞后 26.0 ms（超过一个控制周期 5.0 ms）
2026-08-07 16:16:21,341 WARNING robot.realtime.clock [robot-continuous-jog] clock.py:107 | jog-cartesian 循环滞后 22.5 ms（超过一个控制周期 5.0 ms）
2026-08-07 16:16:21,342 WARNING robot.realtime.clock [robot-continuous-jog] clock.py:107 | jog-cartesian 循环滞后 19.0 ms（超过一个控制周期 5.0 ms）
2026-08-07 16:16:21,344 WARNING robot.realtime.clock [robot-continuous-jog] clock.py:107 | jog-cartesian 循环滞后 16.1 ms（超过一个控制周期 5.0 ms）
2026-08-07 16:16:21,347 WARNING robot.realtime.clock [robot-continuous-jog] clock.py:107 | jog-cartesian 循环滞后 14.0 ms（超过一个控制周期 5.0 ms）
2026-08-07 16:16:21,349 WARNING robot.realtime.clock [robot-continuous-jog] clock.py:107 | jog-cartesian 循环滞后 10.6 ms（超过一个控制周期 5.0 ms）
2026-08-07 16:16:21,350 WARNING robot.realtime.clock [robot-continuous-jog] clock.py:107 | jog-cartesian 循环滞后 7.1 ms（超过一个控制周期 5.0 ms）
2026-08-07 16:16:21,421 WARNING robot.realtime.clock [robot-continuous-jog] clock.py:107 | jog-cartesian 循环滞后 8.0 ms（超过一个控制周期 5.0 ms）
2026-08-07 16:16:21,431 WARNING robot.realtime.clock [robot-continuous-jog] clock.py:107 | jog-cartesian 循环滞后 12.9 ms（超过一个控制周期 5.0 ms）
2026-08-07 16:16:21,438 WARNING robot.realtime.clock [robot-continuous-jog] clock.py:107 | jog-cartesian 循环滞后 14.7 ms（超过一个控制周期 5.0 ms）
2026-08-07 16:16:21,441 WARNING robot.realtime.clock [robot-continuous-jog] clock.py:107 | jog-cartesian 循环滞后 13.0 ms（超过一个控制周期 5.0 ms）
2026-08-07 16:16:21,444 WARNING robot.realtime.clock [robot-continuous-jog] clock.py:107 | jog-cartesian 循环滞后 10.6 ms（超过一个控制周期 5.0 ms）
2026-08-07 16:16:21,446 WARNING robot.realtime.clock [robot-continuous-jog] clock.py:107 | jog-cartesian 循环滞后 8.2 ms（超过一个控制周期 5.0 ms）
2026-08-07 16:16:21,452 WARNING robot.realtime.clock [robot-continuous-jog] clock.py:107 | jog-cartesian 循环滞后 8.3 ms（超过一个控制周期 5.0 ms）
2026-08-07 16:16:21,454 WARNING robot.realtime.clock [robot-continuous-jog] clock.py:107 | jog-cartesian 循环滞后 6.1 ms（超过一个控制周期 5.0 ms）
2026-08-07 16:16:21,536 WARNING robot.realtime.clock [robot-continuous-jog] clock.py:107 | jog-cartesian 循环滞后 17.6 ms（超过一个控制周期 5.0 ms）
2026-08-07 16:16:21,542 WARNING robot.realtime.clock [robot-continuous-jog] clock.py:107 | jog-cartesian 循环滞后 19.0 ms（超过一个控制周期 5.0 ms）
2026-08-07 16:16:21,549 WARNING robot.realtime.clock [robot-continuous-jog] clock.py:107 | jog-cartesian 循环滞后 20.3 ms（超过一个控制周期 5.0 ms）
2026-08-07 16:16:21,555 WARNING robot.realtime.clock [robot-continuous-jog] clock.py:107 | jog-cartesian 循环滞后 21.7 ms（超过一个控制周期 5.0 ms）
2026-08-07 16:16:21,558 WARNING robot.realtime.clock [robot-continuous-jog] clock.py:107 | jog-cartesian 循环滞后 19.7 ms（超过一个控制周期 5.0 ms）
2026-08-07 16:16:21,561 WARNING robot.realtime.clock [robot-continuous-jog] clock.py:107 | jog-cartesian 循环滞后 17.4 ms（超过一个控制周期 5.0 ms）
2026-08-07 16:16:21,564 WARNING robot.realtime.clock [robot-continuous-jog] clock.py:107 | jog-cartesian 循环滞后 15.9 ms（超过一个控制周期 5.0 ms）
2026-08-07 16:16:21,568 WARNING robot.realtime.clock [robot-continuous-jog] clock.py:107 | jog-cartesian 循环滞后 14.5 ms（超过一个控制周期 5.0 ms）
2026-08-07 16:16:21,571 WARNING robot.realtime.clock [robot-continuous-jog] clock.py:107 | jog-cartesian 循环滞后 12.9 ms（超过一个控制周期 5.0 ms）
2026-08-07 16:16:21,578 WARNING robot.realtime.clock [robot-continuous-jog] clock.py:107 | jog-cartesian 循环滞后 14.6 ms（超过一个控制周期 5.0 ms）
2026-08-07 16:16:21,591 WARNING robot.realtime.clock [robot-continuous-jog] clock.py:107 | jog-cartesian 循环滞后 23.0 ms（超过一个控制周期 5.0 ms）
2026-08-07 16:16:21,604 WARNING robot.realtime.clock [robot-continuous-jog] clock.py:107 | jog-cartesian 循环滞后 30.4 ms（超过一个控制周期 5.0 ms）
2026-08-07 16:16:21,611 WARNING robot.realtime.clock [robot-continuous-jog] clock.py:107 | jog-cartesian 循环滞后 33.0 ms（超过一个控制周期 5.0 ms）
2026-08-07 16:16:21,620 WARNING robot.realtime.clock [robot-continuous-jog] clock.py:107 | jog-cartesian 循环滞后 36.2 ms（超过一个控制周期 5.0 ms）
2026-08-07 16:16:21,628 WARNING robot.realtime.clock [robot-continuous-jog] clock.py:107 | jog-cartesian 循环滞后 39.3 ms（超过一个控制周期 5.0 ms）
2026-08-07 16:16:21,637 WARNING robot.realtime.clock [robot-continuous-jog] clock.py:107 | jog-cartesian 循环滞后 43.4 ms（超过一个控制周期 5.0 ms）
2026-08-07 16:16:21,640 WARNING robot.realtime.clock [robot-continuous-jog] clock.py:107 | jog-cartesian 循环滞后 42.0 ms（超过一个控制周期 5.0 ms）
2026-08-07 16:16:21,643 WARNING robot.realtime.clock [robot-continuous-jog] clock.py:107 | jog-cartesian 循环滞后 39.5 ms（超过一个控制周期 5.0 ms）
2026-08-07 16:16:21,647 WARNING robot.realtime.clock [robot-continuous-jog] clock.py:107 | jog-cartesian 循环滞后 38.2 ms（超过一个控制周期 5.0 ms）
2026-08-07 16:16:21,652 WARNING robot.realtime.clock [robot-continuous-jog] clock.py:107 | jog-cartesian 循环滞后 39.0 ms（超过一个控制周期 5.0 ms）
2026-08-07 16:16:21,669 WARNING robot.realtime.clock [robot-continuous-jog] clock.py:107 | jog-cartesian 循环滞后 50.5 ms（超过一个控制周期 5.0 ms）
2026-08-07 16:16:21,677 WARNING robot.realtime.clock [robot-continuous-jog] clock.py:107 | jog-cartesian 循环滞后 53.4 ms（超过一个控制周期 5.0 ms）
2026-08-07 16:16:21,683 WARNING robot.realtime.clock [robot-continuous-jog] clock.py:107 | jog-cartesian 循环滞后 54.5 ms（超过一个控制周期 5.0 ms）
2026-08-07 16:16:21,687 WARNING robot.realtime.clock [robot-continuous-jog] clock.py:107 | jog-cartesian 循环滞后 53.5 ms（超过一个控制周期 5.0 ms）
2026-08-07 16:16:21,694 WARNING robot.realtime.clock [robot-continuous-jog] clock.py:107 | jog-cartesian 循环滞后 55.2 ms（超过一个控制周期 5.0 ms）
2026-08-07 16:16:21,695 WARNING robot.realtime.clock [robot-continuous-jog] clock.py:107 | jog-cartesian 循环滞后 52.1 ms（超过一个控制周期 5.0 ms）
2026-08-07 16:16:21,697 WARNING robot.realtime.clock [robot-continuous-jog] clock.py:107 | jog-cartesian 循环滞后 48.6 ms（超过一个控制周期 5.0 ms）
2026-08-07 16:16:21,698 WARNING robot.realtime.clock [robot-continuous-jog] clock.py:107 | jog-cartesian 循环滞后 45.0 ms（超过一个控制周期 5.0 ms）
2026-08-07 16:16:21,700 WARNING robot.realtime.clock [robot-continuous-jog] clock.py:107 | jog-cartesian 循环滞后 41.6 ms（超过一个控制周期 5.0 ms）
2026-08-07 16:16:21,702 WARNING robot.realtime.clock [robot-continuous-jog] clock.py:107 | jog-cartesian 循环滞后 38.6 ms（超过一个控制周期 5.0 ms）
2026-08-07 16:16:21,704 WARNING robot.realtime.clock [robot-continuous-jog] clock.py:107 | jog-cartesian 循环滞后 35.9 ms（超过一个控制周期 5.0 ms）
2026-08-07 16:16:21,707 WARNING robot.realtime.clock [robot-continuous-jog] clock.py:107 | jog-cartesian 循环滞后 33.2 ms（超过一个控制周期 5.0 ms）
2026-08-07 16:16:21,709 WARNING robot.realtime.clock [robot-continuous-jog] clock.py:107 | jog-cartesian 循环滞后 30.4 ms（超过一个控制周期 5.0 ms）
2026-08-07 16:16:21,712 WARNING robot.realtime.clock [robot-continuous-jog] clock.py:107 | jog-cartesian 循环滞后 28.4 ms（超过一个控制周期 5.0 ms）
2026-08-07 16:16:21,718 WARNING robot.realtime.clock [robot-continuous-jog] clock.py:107 | jog-cartesian 循环滞后 29.2 ms（超过一个控制周期 5.0 ms）
2026-08-07 16:16:21,730 WARNING robot.realtime.clock [robot-continuous-jog] clock.py:107 | jog-cartesian 循环滞后 37.0 ms（超过一个控制周期 5.0 ms）
2026-08-07 16:16:21,741 WARNING robot.realtime.clock [robot-continuous-jog] clock.py:107 | jog-cartesian 循环滞后 42.9 ms（超过一个控制周期 5.0 ms）
2026-08-07 16:16:21,748 WARNING robot.realtime.clock [robot-continuous-jog] clock.py:107 | jog-cartesian 循环滞后 44.4 ms（超过一个控制周期 5.0 ms）
2026-08-07 16:16:21,756 WARNING robot.realtime.clock [robot-continuous-jog] clock.py:107 | jog-cartesian 循环滞后 47.6 ms（超过一个控制周期 5.0 ms）
2026-08-07 16:16:21,762 WARNING robot.realtime.clock [robot-continuous-jog] clock.py:107 | jog-cartesian 循环滞后 48.6 ms（超过一个控制周期 5.0 ms）
2026-08-07 16:16:21,767 WARNING robot.realtime.clock [robot-continuous-jog] clock.py:107 | jog-cartesian 循环滞后 48.6 ms（超过一个控制周期 5.0 ms）
2026-08-07 16:16:21,772 WARNING robot.realtime.clock [robot-continuous-jog] clock.py:107 | jog-cartesian 循环滞后 48.2 ms（超过一个控制周期 5.0 ms）
2026-08-07 16:16:21,779 WARNING robot.realtime.clock [robot-continuous-jog] clock.py:107 | jog-cartesian 循环滞后 51.1 ms（超过一个控制周期 5.0 ms）
2026-08-07 16:16:21,784 WARNING robot.realtime.clock [robot-continuous-jog] clock.py:107 | jog-cartesian 循环滞后 50.3 ms（超过一个控制周期 5.0 ms）
2026-08-07 16:16:21,787 WARNING robot.realtime.clock [robot-continuous-jog] clock.py:107 | jog-cartesian 循环滞后 48.6 ms（超过一个控制周期 5.0 ms）
2026-08-07 16:16:21,799 WARNING robot.realtime.clock [robot-continuous-jog] clock.py:107 | jog-cartesian 循环滞后 55.5 ms（超过一个控制周期 5.0 ms）
2026-08-07 16:16:21,806 WARNING robot.realtime.clock [robot-continuous-jog] clock.py:107 | jog-cartesian 循环滞后 57.8 ms（超过一个控制周期 5.0 ms）
2026-08-07 16:16:21,811 WARNING robot.realtime.clock [robot-continuous-jog] clock.py:107 | jog-cartesian 循环滞后 58.0 ms（超过一个控制周期 5.0 ms）
2026-08-07 16:16:21,816 WARNING robot.realtime.clock [robot-continuous-jog] clock.py:107 | jog-cartesian 循环滞后 57.9 ms（超过一个控制周期 5.0 ms）
2026-08-07 16:16:21,818 WARNING robot.realtime.clock [robot-continuous-jog] clock.py:107 | jog-cartesian 循环滞后 55.0 ms（超过一个控制周期 5.0 ms）
2026-08-07 16:16:21,820 WARNING robot.realtime.clock [robot-continuous-jog] clock.py:107 | jog-cartesian 循环滞后 51.8 ms（超过一个控制周期 5.0 ms）
2026-08-07 16:16:21,821 WARNING robot.realtime.clock [robot-continuous-jog] clock.py:107 | jog-cartesian 循环滞后 48.2 ms（超过一个控制周期 5.0 ms）
2026-08-07 16:16:21,825 WARNING robot.realtime.clock [robot-continuous-jog] clock.py:107 | jog-cartesian 循环滞后 46.3 ms（超过一个控制周期 5.0 ms）
2026-08-07 16:16:21,826 WARNING robot.realtime.clock [robot-continuous-jog] clock.py:107 | jog-cartesian 循环滞后 42.7 ms（超过一个控制周期 5.0 ms）
2026-08-07 16:16:21,827 WARNING robot.realtime.clock [robot-continuous-jog] clock.py:107 | jog-cartesian 循环滞后 39.1 ms（超过一个控制周期 5.0 ms）
2026-08-07 16:16:21,829 WARNING robot.realtime.clock [robot-continuous-jog] clock.py:107 | jog-cartesian 循环滞后 35.8 ms（超过一个控制周期 5.0 ms）
2026-08-07 16:16:21,831 WARNING robot.realtime.clock [robot-continuous-jog] clock.py:107 | jog-cartesian 循环滞后 32.7 ms（超过一个控制周期 5.0 ms）
2026-08-07 16:16:21,833 WARNING robot.realtime.clock [robot-continuous-jog] clock.py:107 | jog-cartesian 循环滞后 29.2 ms（超过一个控制周期 5.0 ms）
2026-08-07 16:16:21,834 WARNING robot.realtime.clock [robot-continuous-jog] clock.py:107 | jog-cartesian 循环滞后 25.7 ms（超过一个控制周期 5.0 ms）
2026-08-07 16:16:21,836 WARNING robot.realtime.clock [robot-continuous-jog] clock.py:107 | jog-cartesian 循环滞后 22.3 ms（超过一个控制周期 5.0 ms）
2026-08-07 16:16:21,837 WARNING robot.realtime.clock [robot-continuous-jog] clock.py:107 | jog-cartesian 循环滞后 18.7 ms（超过一个控制周期 5.0 ms）
2026-08-07 16:16:21,839 WARNING robot.realtime.clock [robot-continuous-jog] clock.py:107 | jog-cartesian 循环滞后 15.2 ms（超过一个控制周期 5.0 ms）
2026-08-07 16:16:21,840 WARNING robot.realtime.clock [robot-continuous-jog] clock.py:107 | jog-cartesian 循环滞后 11.9 ms（超过一个控制周期 5.0 ms）
2026-08-07 16:16:21,842 WARNING robot.realtime.clock [robot-continuous-jog] clock.py:107 | jog-cartesian 循环滞后 8.3 ms（超过一个控制周期 5.0 ms）
2026-08-07 16:16:22,100 WARNING robot.realtime.clock [robot-continuous-jog] clock.py:107 | jog-cartesian 循环滞后 6.7 ms（超过一个控制周期 5.0 ms）
2026-08-07 16:16:22,109 WARNING robot.realtime.clock [robot-continuous-jog] clock.py:107 | jog-cartesian 循环滞后 10.4 ms（超过一个控制周期 5.0 ms）
2026-08-07 16:16:22,117 WARNING robot.realtime.clock [robot-continuous-jog] clock.py:107 | jog-cartesian 循环滞后 13.2 ms（超过一个控制周期 5.0 ms）
2026-08-07 16:16:22,143 WARNING robot.realtime.clock [robot-continuous-jog] clock.py:107 | jog-cartesian 循环滞后 35.0 ms（超过一个控制周期 5.0 ms）
2026-08-07 16:16:22,155 WARNING robot.realtime.clock [robot-continuous-jog] clock.py:107 | jog-cartesian 循环滞后 41.3 ms（超过一个控制周期 5.0 ms）
2026-08-07 16:16:22,162 WARNING robot.realtime.clock [robot-continuous-jog] clock.py:107 | jog-cartesian 循环滞后 43.7 ms（超过一个控制周期 5.0 ms）
2026-08-07 16:16:22,175 WARNING robot.realtime.clock [robot-continuous-jog] clock.py:107 | jog-cartesian 循环滞后 51.2 ms（超过一个控制周期 5.0 ms）
2026-08-07 16:16:22,180 WARNING robot.realtime.clock [robot-continuous-jog] clock.py:107 | jog-cartesian 循环滞后 52.0 ms（超过一个控制周期 5.0 ms）
2026-08-07 16:16:22,189 WARNING robot.realtime.clock [robot-continuous-jog] clock.py:107 | jog-cartesian 循环滞后 55.3 ms（超过一个控制周期 5.0 ms）
2026-08-07 16:16:22,192 WARNING robot.realtime.clock [robot-continuous-jog] clock.py:107 | jog-cartesian 循环滞后 53.5 ms（超过一个控制周期 5.0 ms）
2026-08-07 16:16:22,196 WARNING robot.realtime.clock [robot-continuous-jog] clock.py:107 | jog-cartesian 循环滞后 52.4 ms（超过一个控制周期 5.0 ms）
2026-08-07 16:16:22,205 WARNING robot.realtime.clock [robot-continuous-jog] clock.py:107 | jog-cartesian 循环滞后 56.2 ms（超过一个控制周期 5.0 ms）
2026-08-07 16:16:22,211 WARNING robot.realtime.clock [robot-continuous-jog] clock.py:107 | jog-cartesian 循环滞后 57.5 ms（超过一个控制周期 5.0 ms）
2026-08-07 16:16:22,219 WARNING robot.realtime.clock [robot-continuous-jog] clock.py:107 | jog-cartesian 循环滞后 60.7 ms（超过一个控制周期 5.0 ms）
2026-08-07 16:16:22,225 WARNING robot.realtime.clock [robot-continuous-jog] clock.py:107 | jog-cartesian 循环滞后 61.6 ms（超过一个控制周期 5.0 ms）
2026-08-07 16:16:22,235 WARNING robot.realtime.clock [robot-continuous-jog] clock.py:107 | jog-cartesian 循环滞后 66.6 ms（超过一个控制周期 5.0 ms）
2026-08-07 16:16:22,247 WARNING robot.realtime.clock [robot-continuous-jog] clock.py:107 | jog-cartesian 循环滞后 73.2 ms（超过一个控制周期 5.0 ms）
2026-08-07 16:16:22,258 WARNING robot.realtime.clock [robot-continuous-jog] clock.py:107 | jog-cartesian 循环滞后 79.7 ms（超过一个控制周期 5.0 ms）
2026-08-07 16:16:22,275 WARNING robot.realtime.clock [robot-continuous-jog] clock.py:107 | jog-cartesian 循环滞后 91.2 ms（超过一个控制周期 5.0 ms）
2026-08-07 16:16:22,283 WARNING robot.realtime.clock [robot-continuous-jog] clock.py:107 | jog-cartesian 循环滞后 94.9 ms（超过一个控制周期 5.0 ms）
2026-08-07 16:16:22,289 WARNING robot.realtime.clock [robot-continuous-jog] clock.py:107 | jog-cartesian 循环滞后 95.9 ms（超过一个控制周期 5.0 ms）
2026-08-07 16:16:22,295 WARNING robot.realtime.clock [robot-continuous-jog] clock.py:107 | jog-cartesian 循环滞后 96.5 ms（超过一个控制周期 5.0 ms）
2026-08-07 16:16:22,305 WARNING robot.realtime.clock [robot-continuous-jog] clock.py:107 | jog-cartesian 循环滞后 101.9 ms（超过一个控制周期 5.0 ms）
2026-08-07 16:16:22,311 WARNING robot.realtime.clock [robot-continuous-jog] clock.py:107 | jog-cartesian 循环滞后 102.2 ms（超过一个控制周期 5.0 ms）
2026-08-07 16:16:22,314 WARNING robot.realtime.clock [robot-continuous-jog] clock.py:107 | jog-cartesian 循环滞后 100.6 ms（超过一个控制周期 5.0 ms）
2026-08-07 16:16:22,317 WARNING robot.realtime.clock [robot-continuous-jog] clock.py:107 | jog-cartesian 循环滞后 99.2 ms（超过一个控制周期 5.0 ms）
2026-08-07 16:16:22,321 WARNING robot.realtime.clock [robot-continuous-jog] clock.py:107 | jog-cartesian 循环滞后 97.4 ms（超过一个控制周期 5.0 ms）
2026-08-07 16:16:22,323 WARNING robot.realtime.clock [robot-continuous-jog] clock.py:107 | jog-cartesian 循环滞后 94.7 ms（超过一个控制周期 5.0 ms）
2026-08-07 16:16:22,325 WARNING robot.realtime.clock [robot-continuous-jog] clock.py:107 | jog-cartesian 循环滞后 91.2 ms（超过一个控制周期 5.0 ms）
2026-08-07 16:16:22,326 WARNING robot.realtime.clock [robot-continuous-jog] clock.py:107 | jog-cartesian 循环滞后 88.0 ms（超过一个控制周期 5.0 ms）
2026-08-07 16:16:22,328 WARNING robot.realtime.clock [robot-continuous-jog] clock.py:107 | jog-cartesian 循环滞后 84.7 ms（超过一个控制周期 5.0 ms）
2026-08-07 16:16:22,330 WARNING robot.realtime.clock [robot-continuous-jog] clock.py:107 | jog-cartesian 循环滞后 81.4 ms（超过一个控制周期 5.0 ms）
2026-08-07 16:16:22,332 WARNING robot.realtime.clock [robot-continuous-jog] clock.py:107 | jog-cartesian 循环滞后 78.2 ms（超过一个控制周期 5.0 ms）
2026-08-07 16:16:22,335 WARNING robot.realtime.clock [robot-continuous-jog] clock.py:107 | jog-cartesian 循环滞后 76.5 ms（超过一个控制周期 5.0 ms）
2026-08-07 16:16:22,337 WARNING robot.realtime.clock [robot-continuous-jog] clock.py:107 | jog-cartesian 循环滞后 73.3 ms（超过一个控制周期 5.0 ms）
2026-08-07 16:16:22,338 WARNING robot.realtime.clock [robot-continuous-jog] clock.py:107 | jog-cartesian 循环滞后 69.7 ms（超过一个控制周期 5.0 ms）
2026-08-07 16:16:22,340 WARNING robot.realtime.clock [robot-continuous-jog] clock.py:107 | jog-cartesian 循环滞后 66.2 ms（超过一个控制周期 5.0 ms）
2026-08-07 16:16:22,342 WARNING robot.realtime.clock [robot-continuous-jog] clock.py:107 | jog-cartesian 循环滞后 63.9 ms（超过一个控制周期 5.0 ms）
2026-08-07 16:16:22,344 WARNING robot.realtime.clock [robot-continuous-jog] clock.py:107 | jog-cartesian 循环滞后 61.1 ms（超过一个控制周期 5.0 ms）
2026-08-07 16:16:22,347 WARNING robot.realtime.clock [robot-continuous-jog] clock.py:107 | jog-cartesian 循环滞后 58.6 ms（超过一个控制周期 5.0 ms）
2026-08-07 16:16:22,349 WARNING robot.realtime.clock [robot-continuous-jog] clock.py:107 | jog-cartesian 循环滞后 55.5 ms（超过一个控制周期 5.0 ms）
2026-08-07 16:16:22,351 WARNING robot.realtime.clock [robot-continuous-jog] clock.py:107 | jog-cartesian 循环滞后 52.4 ms（超过一个控制周期 5.0 ms）
2026-08-07 16:16:22,352 WARNING robot.realtime.clock [robot-continuous-jog] clock.py:107 | jog-cartesian 循环滞后 49.1 ms（超过一个控制周期 5.0 ms）
2026-08-07 16:16:22,354 WARNING robot.realtime.clock [robot-continuous-jog] clock.py:107 | jog-cartesian 循环滞后 45.7 ms（超过一个控制周期 5.0 ms）
2026-08-07 16:16:22,356 WARNING robot.realtime.clock [robot-continuous-jog] clock.py:107 | jog-cartesian 循环滞后 42.4 ms（超过一个控制周期 5.0 ms）
2026-08-07 16:16:22,358 WARNING robot.realtime.clock [robot-continuous-jog] clock.py:107 | jog-cartesian 循环滞后 39.2 ms（超过一个控制周期 5.0 ms）
2026-08-07 16:16:22,360 WARNING robot.realtime.clock [robot-continuous-jog] clock.py:107 | jog-cartesian 循环滞后 36.3 ms（超过一个控制周期 5.0 ms）
2026-08-07 16:16:22,362 WARNING robot.realtime.clock [robot-continuous-jog] clock.py:107 | jog-cartesian 循环滞后 33.4 ms（超过一个控制周期 5.0 ms）
2026-08-07 16:16:22,364 WARNING robot.realtime.clock [robot-continuous-jog] clock.py:107 | jog-cartesian 循环滞后 30.4 ms（超过一个控制周期 5.0 ms）
2026-08-07 16:16:22,367 WARNING robot.realtime.clock [robot-continuous-jog] clock.py:107 | jog-cartesian 循环滞后 28.9 ms（超过一个控制周期 5.0 ms）
2026-08-07 16:16:22,369 WARNING robot.realtime.clock [robot-continuous-jog] clock.py:107 | jog-cartesian 循环滞后 25.8 ms（超过一个控制周期 5.0 ms）
2026-08-07 16:16:22,371 WARNING robot.realtime.clock [robot-continuous-jog] clock.py:107 | jog-cartesian 循环滞后 22.9 ms（超过一个控制周期 5.0 ms）
2026-08-07 16:16:22,374 WARNING robot.realtime.clock [robot-continuous-jog] clock.py:107 | jog-cartesian 循环滞后 20.3 ms（超过一个控制周期 5.0 ms）
2026-08-07 16:16:22,375 WARNING robot.realtime.clock [robot-continuous-jog] clock.py:107 | jog-cartesian 循环滞后 17.2 ms（超过一个控制周期 5.0 ms）
2026-08-07 16:16:22,377 WARNING robot.realtime.clock [robot-continuous-jog] clock.py:107 | jog-cartesian 循环滞后 14.1 ms（超过一个控制周期 5.0 ms）
2026-08-07 16:16:22,379 WARNING robot.realtime.clock [robot-continuous-jog] clock.py:107 | jog-cartesian 循环滞后 10.8 ms（超过一个控制周期 5.0 ms）
2026-08-07 16:16:22,381 WARNING robot.realtime.clock [robot-continuous-jog] clock.py:107 | jog-cartesian 循环滞后 7.6 ms（超过一个控制周期 5.0 ms）
2026-08-07 16:16:22,540 WARNING robot.realtime.clock [robot-continuous-jog] clock.py:107 | jog-cartesian 循环滞后 7.0 ms（超过一个控制周期 5.0 ms）
2026-08-07 16:16:22,548 WARNING robot.realtime.clock [robot-continuous-jog] clock.py:107 | jog-cartesian 循环滞后 9.5 ms（超过一个控制周期 5.0 ms）
2026-08-07 16:16:22,552 WARNING robot.realtime.clock [robot-continuous-jog] clock.py:107 | jog-cartesian 循环滞后 9.1 ms（超过一个控制周期 5.0 ms）
2026-08-07 16:16:22,555 WARNING robot.realtime.clock [robot-continuous-jog] clock.py:107 | jog-cartesian 循环滞后 6.8 ms（超过一个控制周期 5.0 ms）
2026-08-07 16:16:22,611 WARNING robot.realtime.clock [robot-continuous-jog] clock.py:107 | jog-cartesian 循环滞后 7.3 ms（超过一个控制周期 5.0 ms）
2026-08-07 16:16:22,617 WARNING robot.realtime.clock [robot-continuous-jog] clock.py:107 | jog-cartesian 循环滞后 9.0 ms（超过一个控制周期 5.0 ms）
2026-08-07 16:16:22,624 WARNING robot.realtime.clock [robot-continuous-jog] clock.py:107 | jog-cartesian 循环滞后 10.8 ms（超过一个控制周期 5.0 ms）
2026-08-07 16:16:22,629 WARNING robot.realtime.clock [robot-continuous-jog] clock.py:107 | jog-cartesian 循环滞后 10.6 ms（超过一个控制周期 5.0 ms）
2026-08-07 16:16:22,633 WARNING robot.realtime.clock [robot-continuous-jog] clock.py:107 | jog-cartesian 循环滞后 10.2 ms（超过一个控制周期 5.0 ms）
2026-08-07 16:16:22,644 WARNING robot.realtime.clock [robot-continuous-jog] clock.py:107 | jog-cartesian 循环滞后 15.5 ms（超过一个控制周期 5.0 ms）
2026-08-07 16:16:22,652 WARNING robot.realtime.clock [robot-continuous-jog] clock.py:107 | jog-cartesian 循环滞后 18.8 ms（超过一个控制周期 5.0 ms）
2026-08-07 16:16:22,656 WARNING robot.realtime.clock [robot-continuous-jog] clock.py:107 | jog-cartesian 循环滞后 17.5 ms（超过一个控制周期 5.0 ms）
2026-08-07 16:16:22,659 WARNING robot.realtime.clock [robot-continuous-jog] clock.py:107 | jog-cartesian 循环滞后 15.8 ms（超过一个控制周期 5.0 ms）
2026-08-07 16:16:22,663 WARNING robot.realtime.clock [robot-continuous-jog] clock.py:107 | jog-cartesian 循环滞后 14.2 ms（超过一个控制周期 5.0 ms）
2026-08-07 16:16:22,667 WARNING robot.realtime.clock [robot-continuous-jog] clock.py:107 | jog-cartesian 循环滞后 13.6 ms（超过一个控制周期 5.0 ms）
2026-08-07 16:16:22,675 WARNING robot.realtime.clock [robot-continuous-jog] clock.py:107 | jog-cartesian 循环滞后 16.6 ms（超过一个控制周期 5.0 ms）
2026-08-07 16:16:22,682 WARNING robot.realtime.clock [robot-continuous-jog] clock.py:107 | jog-cartesian 循环滞后 18.6 ms（超过一个控制周期 5.0 ms）
2026-08-07 16:16:22,689 WARNING robot.realtime.clock [robot-continuous-jog] clock.py:107 | jog-cartesian 循环滞后 20.8 ms（超过一个控制周期 5.0 ms）
2026-08-07 16:16:22,695 WARNING robot.realtime.clock [robot-continuous-jog] clock.py:107 | jog-cartesian 循环滞后 22.0 ms（超过一个控制周期 5.0 ms）
2026-08-07 16:16:22,702 WARNING robot.realtime.clock [robot-continuous-jog] clock.py:107 | jog-cartesian 循环滞后 23.4 ms（超过一个控制周期 5.0 ms）
2026-08-07 16:16:22,722 WARNING robot.realtime.clock [robot-continuous-jog] clock.py:107 | jog-cartesian 循环滞后 38.4 ms（超过一个控制周期 5.0 ms）
2026-08-07 16:16:22,732 WARNING robot.realtime.clock [robot-continuous-jog] clock.py:107 | jog-cartesian 循环滞后 43.4 ms（超过一个控制周期 5.0 ms）
2026-08-07 16:16:22,752 WARNING robot.realtime.clock [robot-continuous-jog] clock.py:107 | jog-cartesian 循环滞后 59.0 ms（超过一个控制周期 5.0 ms）
2026-08-07 16:16:22,767 WARNING robot.realtime.clock [robot-continuous-jog] clock.py:107 | jog-cartesian 循环滞后 68.7 ms（超过一个控制周期 5.0 ms）
2026-08-07 16:16:22,775 WARNING robot.realtime.clock [robot-continuous-jog] clock.py:107 | jog-cartesian 循环滞后 71.6 ms（超过一个控制周期 5.0 ms）
2026-08-07 16:16:22,787 WARNING robot.realtime.clock [robot-continuous-jog] clock.py:107 | jog-cartesian 循环滞后 78.6 ms（超过一个控制周期 5.0 ms）
2026-08-07 16:16:22,790 WARNING robot.realtime.clock [robot-continuous-jog] clock.py:107 | jog-cartesian 循环滞后 76.6 ms（超过一个控制周期 5.0 ms）
2026-08-07 16:16:22,792 WARNING robot.realtime.clock [robot-continuous-jog] clock.py:107 | jog-cartesian 循环滞后 73.3 ms（超过一个控制周期 5.0 ms）
2026-08-07 16:16:22,793 WARNING robot.realtime.clock [robot-continuous-jog] clock.py:107 | jog-cartesian 循环滞后 69.8 ms（超过一个控制周期 5.0 ms）
2026-08-07 16:16:22,795 WARNING robot.realtime.clock [robot-continuous-jog] clock.py:107 | jog-cartesian 循环滞后 66.2 ms（超过一个控制周期 5.0 ms）
2026-08-07 16:16:22,796 WARNING robot.realtime.clock [robot-continuous-jog] clock.py:107 | jog-cartesian 循环滞后 62.7 ms（超过一个控制周期 5.0 ms）
2026-08-07 16:16:22,798 WARNING robot.realtime.clock [robot-continuous-jog] clock.py:107 | jog-cartesian 循环滞后 59.3 ms（超过一个控制周期 5.0 ms）
2026-08-07 16:16:22,799 WARNING robot.realtime.clock [robot-continuous-jog] clock.py:107 | jog-cartesian 循环滞后 55.7 ms（超过一个控制周期 5.0 ms）
2026-08-07 16:16:22,801 WARNING robot.realtime.clock [robot-continuous-jog] clock.py:107 | jog-cartesian 循环滞后 52.2 ms（超过一个控制周期 5.0 ms）
2026-08-07 16:16:22,802 WARNING robot.realtime.clock [robot-continuous-jog] clock.py:107 | jog-cartesian 循环滞后 48.5 ms（超过一个控制周期 5.0 ms）
2026-08-07 16:16:22,803 WARNING robot.realtime.clock [robot-continuous-jog] clock.py:107 | jog-cartesian 循环滞后 44.9 ms（超过一个控制周期 5.0 ms）
2026-08-07 16:16:22,805 WARNING robot.realtime.clock [robot-continuous-jog] clock.py:107 | jog-cartesian 循环滞后 41.5 ms（超过一个控制周期 5.0 ms）
2026-08-07 16:16:22,806 WARNING robot.realtime.clock [robot-continuous-jog] clock.py:107 | jog-cartesian 循环滞后 37.9 ms（超过一个控制周期 5.0 ms）
2026-08-07 16:16:22,808 WARNING robot.realtime.clock [robot-continuous-jog] clock.py:107 | jog-cartesian 循环滞后 34.4 ms（超过一个控制周期 5.0 ms）
2026-08-07 16:16:22,809 WARNING robot.realtime.clock [robot-continuous-jog] clock.py:107 | jog-cartesian 循环滞后 30.8 ms（超过一个控制周期 5.0 ms）
2026-08-07 16:16:22,812 WARNING robot.realtime.clock [robot-continuous-jog] clock.py:107 | jog-cartesian 循环滞后 29.1 ms（超过一个控制周期 5.0 ms）
2026-08-07 16:16:22,814 WARNING robot.realtime.clock [robot-continuous-jog] clock.py:107 | jog-cartesian 循环滞后 25.8 ms（超过一个控制周期 5.0 ms）
2026-08-07 16:16:22,816 WARNING robot.realtime.clock [robot-continuous-jog] clock.py:107 | jog-cartesian 循环滞后 22.3 ms（超过一个控制周期 5.0 ms）
2026-08-07 16:16:22,817 WARNING robot.realtime.clock [robot-continuous-jog] clock.py:107 | jog-cartesian 循环滞后 18.6 ms（超过一个控制周期 5.0 ms）
2026-08-07 16:16:22,819 WARNING robot.realtime.clock [robot-continuous-jog] clock.py:107 | jog-cartesian 循环滞后 15.4 ms（超过一个控制周期 5.0 ms）
2026-08-07 16:16:22,820 WARNING robot.realtime.clock [robot-continuous-jog] clock.py:107 | jog-cartesian 循环滞后 12.1 ms（超过一个控制周期 5.0 ms）
2026-08-07 16:16:22,822 WARNING robot.realtime.clock [robot-continuous-jog] clock.py:107 | jog-cartesian 循环滞后 8.6 ms（超过一个控制周期 5.0 ms）
2026-08-07 16:16:22,824 WARNING robot.realtime.clock [robot-continuous-jog] clock.py:107 | jog-cartesian 循环滞后 6.0 ms（超过一个控制周期 5.0 ms）
2026-08-07 16:16:22,895 WARNING robot.realtime.clock [robot-continuous-jog] clock.py:107 | jog-cartesian 循环滞后 6.2 ms（超过一个控制周期 5.0 ms）
2026-08-07 16:16:22,902 WARNING robot.realtime.clock [robot-continuous-jog] clock.py:107 | jog-cartesian 循环滞后 9.0 ms（超过一个控制周期 5.0 ms）
2026-08-07 16:16:22,908 WARNING robot.realtime.clock [robot-continuous-jog] clock.py:107 | jog-cartesian 循环滞后 9.4 ms（超过一个控制周期 5.0 ms）
2026-08-07 16:16:22,909 WARNING robot.realtime.clock [robot-continuous-jog] clock.py:107 | jog-cartesian 循环滞后 5.9 ms（超过一个控制周期 5.0 ms）
2026-08-07 16:16:22,921 WARNING robot.realtime.clock [robot-continuous-jog] clock.py:107 | jog-cartesian 循环滞后 13.0 ms（超过一个控制周期 5.0 ms）
2026-08-07 16:16:22,924 WARNING robot.realtime.clock [robot-continuous-jog] clock.py:107 | jog-cartesian 循环滞后 10.8 ms（超过一个控制周期 5.0 ms）
2026-08-07 16:16:22,927 WARNING robot.realtime.clock [robot-continuous-jog] clock.py:107 | jog-cartesian 循环滞后 8.9 ms（超过一个控制周期 5.0 ms）
2026-08-07 16:16:22,934 WARNING robot.realtime.clock [robot-continuous-jog] clock.py:107 | jog-cartesian 循环滞后 10.8 ms（超过一个控制周期 5.0 ms）
2026-08-07 16:16:22,940 WARNING robot.realtime.clock [robot-continuous-jog] clock.py:107 | jog-cartesian 循环滞后 11.3 ms（超过一个控制周期 5.0 ms）
2026-08-07 16:16:22,944 WARNING robot.realtime.clock [robot-continuous-jog] clock.py:107 | jog-cartesian 循环滞后 10.6 ms（超过一个控制周期 5.0 ms）
2026-08-07 16:16:22,953 WARNING robot.realtime.clock [robot-continuous-jog] clock.py:107 | jog-cartesian 循环滞后 14.5 ms（超过一个控制周期 5.0 ms）
2026-08-07 16:16:22,958 WARNING robot.realtime.clock [robot-continuous-jog] clock.py:107 | jog-cartesian 循环滞后 14.2 ms（超过一个控制周期 5.0 ms）
2026-08-07 16:16:22,962 WARNING robot.realtime.clock [robot-continuous-jog] clock.py:107 | jog-cartesian 循环滞后 13.6 ms（超过一个控制周期 5.0 ms）
2026-08-07 16:16:22,966 WARNING robot.realtime.clock [robot-continuous-jog] clock.py:107 | jog-cartesian 循环滞后 12.6 ms（超过一个控制周期 5.0 ms）
2026-08-07 16:16:22,969 WARNING robot.realtime.clock [robot-continuous-jog] clock.py:107 | jog-cartesian 循环滞后 10.8 ms（超过一个控制周期 5.0 ms）
2026-08-07 16:16:22,972 WARNING robot.realtime.clock [robot-continuous-jog] clock.py:107 | jog-cartesian 循环滞后 9.1 ms（超过一个控制周期 5.0 ms）
2026-08-07 16:16:22,976 WARNING robot.realtime.clock [robot-continuous-jog] clock.py:107 | jog-cartesian 循环滞后 7.5 ms（超过一个控制周期 5.0 ms）
2026-08-07 16:16:22,983 WARNING robot.realtime.clock [robot-continuous-jog] clock.py:107 | jog-cartesian 循环滞后 9.3 ms（超过一个控制周期 5.0 ms）
2026-08-07 16:16:22,990 WARNING robot.realtime.clock [robot-continuous-jog] clock.py:107 | jog-cartesian 循环滞后 11.5 ms（超过一个控制周期 5.0 ms）
2026-08-07 16:16:22,994 WARNING robot.realtime.clock [robot-continuous-jog] clock.py:107 | jog-cartesian 循环滞后 10.4 ms（超过一个控制周期 5.0 ms）
2026-08-07 16:16:22,998 WARNING robot.realtime.clock [robot-continuous-jog] clock.py:107 | jog-cartesian 循环滞后 9.8 ms（超过一个控制周期 5.0 ms）
2026-08-07 16:16:23,001 WARNING robot.realtime.clock [robot-continuous-jog] clock.py:107 | jog-cartesian 循环滞后 8.2 ms（超过一个控制周期 5.0 ms）
2026-08-07 16:16:23,004 WARNING robot.realtime.clock [robot-continuous-jog] clock.py:107 | jog-cartesian 循环滞后 5.7 ms（超过一个控制周期 5.0 ms）
2026-08-07 16:16:23,086 WARNING robot.realtime.clock [robot-continuous-jog] clock.py:107 | jog-cartesian 循环滞后 7.7 ms（超过一个控制周期 5.0 ms）
2026-08-07 16:16:23,092 WARNING robot.realtime.clock [robot-continuous-jog] clock.py:107 | jog-cartesian 循环滞后 9.1 ms（超过一个控制周期 5.0 ms）
2026-08-07 16:16:23,097 WARNING robot.realtime.clock [robot-continuous-jog] clock.py:107 | jog-cartesian 循环滞后 9.0 ms（超过一个控制周期 5.0 ms）
2026-08-07 16:16:23,099 WARNING robot.realtime.clock [robot-continuous-jog] clock.py:107 | jog-cartesian 循环滞后 5.8 ms（超过一个控制周期 5.0 ms）
2026-08-07 16:16:23,194 WARNING robot.realtime.clock [robot-continuous-jog] clock.py:107 | jog-cartesian 循环滞后 5.3 ms（超过一个控制周期 5.0 ms）
2026-08-07 16:16:23,198 WARNING robot.realtime.clock [robot-continuous-jog] clock.py:107 | jog-cartesian 循环滞后 5.1 ms（超过一个控制周期 5.0 ms）
2026-08-07 16:16:23,204 WARNING robot.realtime.clock [robot-continuous-jog] clock.py:107 | jog-cartesian 循环滞后 5.9 ms（超过一个控制周期 5.0 ms）
2026-08-07 16:16:23,211 WARNING robot.realtime.clock [robot-continuous-jog] clock.py:107 | jog-cartesian 循环滞后 7.8 ms（超过一个控制周期 5.0 ms）
2026-08-07 16:16:23,223 WARNING robot.realtime.clock [robot-continuous-jog] clock.py:107 | jog-cartesian 循环滞后 14.8 ms（超过一个控制周期 5.0 ms）
2026-08-07 16:16:23,229 WARNING robot.realtime.clock [robot-continuous-jog] clock.py:107 | jog-cartesian 循环滞后 15.2 ms（超过一个控制周期 5.0 ms）
2026-08-07 16:16:23,235 WARNING robot.realtime.clock [robot-continuous-jog] clock.py:107 | jog-cartesian 循环滞后 16.4 ms（超过一个控制周期 5.0 ms）
2026-08-07 16:16:23,239 WARNING robot.realtime.clock [robot-continuous-jog] clock.py:107 | jog-cartesian 循环滞后 16.1 ms（超过一个控制周期 5.0 ms）
2026-08-07 16:16:23,241 WARNING robot.realtime.clock [robot-continuous-jog] clock.py:107 | jog-cartesian 循环滞后 12.5 ms（超过一个控制周期 5.0 ms）
2026-08-07 16:16:23,243 WARNING robot.realtime.clock [robot-continuous-jog] clock.py:107 | jog-cartesian 循环滞后 9.4 ms（超过一个控制周期 5.0 ms）
2026-08-07 16:16:23,246 WARNING robot.realtime.clock [robot-continuous-jog] clock.py:107 | jog-cartesian 循环滞后 8.0 ms（超过一个控制周期 5.0 ms）
2026-08-07 16:16:23,255 WARNING robot.realtime.clock [robot-continuous-jog] clock.py:107 | jog-cartesian 循环滞后 11.7 ms（超过一个控制周期 5.0 ms）
2026-08-07 16:16:23,261 WARNING robot.realtime.clock [robot-continuous-jog] clock.py:107 | jog-cartesian 循环滞后 12.4 ms（超过一个控制周期 5.0 ms）
2026-08-07 16:16:23,267 WARNING robot.realtime.clock [robot-continuous-jog] clock.py:107 | jog-cartesian 循环滞后 13.5 ms（超过一个控制周期 5.0 ms）
2026-08-07 16:16:23,272 WARNING robot.realtime.clock [robot-continuous-jog] clock.py:107 | jog-cartesian 循环滞后 13.2 ms（超过一个控制周期 5.0 ms）
2026-08-07 16:16:23,276 WARNING robot.realtime.clock [robot-continuous-jog] clock.py:107 | jog-cartesian 循环滞后 12.3 ms（超过一个控制周期 5.0 ms）
2026-08-07 16:16:23,279 WARNING robot.realtime.clock [robot-continuous-jog] clock.py:107 | jog-cartesian 循环滞后 10.6 ms（超过一个控制周期 5.0 ms）
2026-08-07 16:16:23,287 WARNING robot.realtime.clock [robot-continuous-jog] clock.py:107 | jog-cartesian 循环滞后 13.4 ms（超过一个控制周期 5.0 ms）
2026-08-07 16:16:23,289 WARNING robot.realtime.clock [robot-continuous-jog] clock.py:107 | jog-cartesian 循环滞后 10.2 ms（超过一个控制周期 5.0 ms）
2026-08-07 16:16:23,290 WARNING robot.realtime.clock [robot-continuous-jog] clock.py:107 | jog-cartesian 循环滞后 7.2 ms（超过一个控制周期 5.0 ms）
2026-08-07 16:16:23,424 WARNING robot.realtime.clock [robot-continuous-jog] clock.py:107 | jog-cartesian 循环滞后 5.8 ms（超过一个控制周期 5.0 ms）
2026-08-07 16:16:23,431 WARNING robot.realtime.clock [robot-continuous-jog] clock.py:107 | jog-cartesian 循环滞后 7.7 ms（超过一个控制周期 5.0 ms）
2026-08-07 16:16:23,438 WARNING robot.realtime.clock [robot-continuous-jog] clock.py:107 | jog-cartesian 循环滞后 9.3 ms（超过一个控制周期 5.0 ms）
2026-08-07 16:16:23,442 WARNING robot.realtime.clock [robot-continuous-jog] clock.py:107 | jog-cartesian 循环滞后 8.9 ms（超过一个控制周期 5.0 ms）
2026-08-07 16:16:23,447 WARNING robot.realtime.clock [robot-continuous-jog] clock.py:107 | jog-cartesian 循环滞后 8.2 ms（超过一个控制周期 5.0 ms）
2026-08-07 16:16:23,455 WARNING robot.realtime.clock [robot-continuous-jog] clock.py:107 | jog-cartesian 循环滞后 12.0 ms（超过一个控制周期 5.0 ms）
2026-08-07 16:16:23,460 WARNING robot.realtime.clock [robot-continuous-jog] clock.py:107 | jog-cartesian 循环滞后 11.9 ms（超过一个控制周期 5.0 ms）
2026-08-07 16:16:23,466 WARNING robot.realtime.clock [robot-continuous-jog] clock.py:107 | jog-cartesian 循环滞后 12.7 ms（超过一个控制周期 5.0 ms）
2026-08-07 16:16:23,470 WARNING robot.realtime.clock [robot-continuous-jog] clock.py:107 | jog-cartesian 循环滞后 12.0 ms（超过一个控制周期 5.0 ms）
2026-08-07 16:16:23,474 WARNING robot.realtime.clock [robot-continuous-jog] clock.py:107 | jog-cartesian 循环滞后 10.2 ms（超过一个控制周期 5.0 ms）
2026-08-07 16:16:23,476 WARNING robot.realtime.clock [robot-continuous-jog] clock.py:107 | jog-cartesian 循环滞后 7.9 ms（超过一个控制周期 5.0 ms）
2026-08-07 16:16:23,480 WARNING robot.realtime.clock [robot-continuous-jog] clock.py:107 | jog-cartesian 循环滞后 7.1 ms（超过一个控制周期 5.0 ms）
2026-08-07 16:16:23,485 WARNING robot.realtime.clock [robot-continuous-jog] clock.py:107 | jog-cartesian 循环滞后 7.0 ms（超过一个控制周期 5.0 ms）
2026-08-07 16:16:23,502 WARNING robot.realtime.clock [robot-continuous-jog] clock.py:107 | jog-cartesian 循环滞后 19.0 ms（超过一个控制周期 5.0 ms）
2026-08-07 16:16:23,509 WARNING robot.realtime.clock [robot-continuous-jog] clock.py:107 | jog-cartesian 循环滞后 20.8 ms（超过一个控制周期 5.0 ms）
2026-08-07 16:16:23,512 WARNING robot.realtime.clock [robot-continuous-jog] clock.py:107 | jog-cartesian 循环滞后 18.5 ms（超过一个控制周期 5.0 ms）
2026-08-07 16:16:23,515 WARNING robot.realtime.clock [robot-continuous-jog] clock.py:107 | jog-cartesian 循环滞后 16.2 ms（超过一个控制周期 5.0 ms）
2026-08-07 16:16:23,518 WARNING robot.realtime.clock [robot-continuous-jog] clock.py:107 | jog-cartesian 循环滞后 14.4 ms（超过一个控制周期 5.0 ms）
2026-08-07 16:16:23,524 WARNING robot.realtime.clock [robot-continuous-jog] clock.py:107 | jog-cartesian 循环滞后 16.1 ms（超过一个控制周期 5.0 ms）
2026-08-07 16:16:23,533 WARNING robot.realtime.clock [robot-continuous-jog] clock.py:107 | jog-cartesian 循环滞后 19.5 ms（超过一个控制周期 5.0 ms）
2026-08-07 16:16:23,538 WARNING robot.realtime.clock [robot-continuous-jog] clock.py:107 | jog-cartesian 循环滞后 19.9 ms（超过一个控制周期 5.0 ms）
2026-08-07 16:16:23,542 WARNING robot.realtime.clock [robot-continuous-jog] clock.py:107 | jog-cartesian 循环滞后 18.3 ms（超过一个控制周期 5.0 ms）
2026-08-07 16:16:23,545 WARNING robot.realtime.clock [robot-continuous-jog] clock.py:107 | jog-cartesian 循环滞后 16.5 ms（超过一个控制周期 5.0 ms）
2026-08-07 16:16:23,550 WARNING robot.realtime.clock [robot-continuous-jog] clock.py:107 | jog-cartesian 循环滞后 17.0 ms（超过一个控制周期 5.0 ms）
2026-08-07 16:16:23,560 WARNING robot.realtime.clock [robot-continuous-jog] clock.py:107 | jog-cartesian 循环滞后 21.6 ms（超过一个控制周期 5.0 ms）
2026-08-07 16:16:23,569 WARNING robot.realtime.clock [robot-continuous-jog] clock.py:107 | jog-cartesian 循环滞后 25.8 ms（超过一个控制周期 5.0 ms）
2026-08-07 16:16:23,574 WARNING robot.realtime.clock [robot-continuous-jog] clock.py:107 | jog-cartesian 循环滞后 25.5 ms（超过一个控制周期 5.0 ms）
2026-08-07 16:16:23,577 WARNING robot.realtime.clock [robot-continuous-jog] clock.py:107 | jog-cartesian 循环滞后 24.1 ms（超过一个控制周期 5.0 ms）
2026-08-07 16:16:23,580 WARNING robot.realtime.clock [robot-continuous-jog] clock.py:107 | jog-cartesian 循环滞后 21.9 ms（超过一个控制周期 5.0 ms）
2026-08-07 16:16:23,583 WARNING robot.realtime.clock [robot-continuous-jog] clock.py:107 | jog-cartesian 循环滞后 19.4 ms（超过一个控制周期 5.0 ms）
2026-08-07 16:16:23,585 WARNING robot.realtime.clock [robot-continuous-jog] clock.py:107 | jog-cartesian 循环滞后 16.6 ms（超过一个控制周期 5.0 ms）
2026-08-07 16:16:23,589 WARNING robot.realtime.clock [robot-continuous-jog] clock.py:107 | jog-cartesian 循环滞后 15.5 ms（超过一个控制周期 5.0 ms）
2026-08-07 16:16:23,591 WARNING robot.realtime.clock [robot-continuous-jog] clock.py:107 | jog-cartesian 循环滞后 12.5 ms（超过一个控制周期 5.0 ms）
2026-08-07 16:16:23,593 WARNING robot.realtime.clock [robot-continuous-jog] clock.py:107 | jog-cartesian 循环滞后 9.5 ms（超过一个控制周期 5.0 ms）
2026-08-07 16:16:23,595 WARNING robot.realtime.clock [robot-continuous-jog] clock.py:107 | jog-cartesian 循环滞后 6.3 ms（超过一个控制周期 5.0 ms）
2026-08-07 16:16:23,630 WARNING robot.realtime.clock [robot-continuous-jog] clock.py:107 | jog-cartesian 循环滞后 6.4 ms（超过一个控制周期 5.0 ms）
2026-08-07 16:16:23,637 WARNING robot.realtime.clock [robot-continuous-jog] clock.py:107 | jog-cartesian 循环滞后 8.3 ms（超过一个控制周期 5.0 ms）
2026-08-07 16:16:23,639 WARNING robot.realtime.clock [robot-continuous-jog] clock.py:107 | jog-cartesian 循环滞后 5.6 ms（超过一个控制周期 5.0 ms）
2026-08-07 16:16:23,696 WARNING robot.realtime.clock [robot-continuous-jog] clock.py:107 | jog-cartesian 循环滞后 12.2 ms（超过一个控制周期 5.0 ms）
2026-08-07 16:16:23,704 WARNING robot.realtime.clock [robot-continuous-jog] clock.py:107 | jog-cartesian 循环滞后 15.6 ms（超过一个控制周期 5.0 ms）
2026-08-07 16:16:23,711 WARNING robot.realtime.clock [robot-continuous-jog] clock.py:107 | jog-cartesian 循环滞后 17.6 ms（超过一个控制周期 5.0 ms）
2026-08-07 16:16:23,716 WARNING robot.realtime.clock [robot-continuous-jog] clock.py:107 | jog-cartesian 循环滞后 17.6 ms（超过一个控制周期 5.0 ms）
2026-08-07 16:16:23,722 WARNING robot.realtime.clock [robot-continuous-jog] clock.py:107 | jog-cartesian 循环滞后 18.3 ms（超过一个控制周期 5.0 ms）
2026-08-07 16:16:23,728 WARNING robot.realtime.clock [robot-continuous-jog] clock.py:107 | jog-cartesian 循环滞后 19.7 ms（超过一个控制周期 5.0 ms）
2026-08-07 16:16:23,732 WARNING robot.realtime.clock [robot-continuous-jog] clock.py:107 | jog-cartesian 循环滞后 18.8 ms（超过一个控制周期 5.0 ms）
2026-08-07 16:16:23,736 WARNING robot.realtime.clock [robot-continuous-jog] clock.py:107 | jog-cartesian 循环滞后 17.7 ms（超过一个控制周期 5.0 ms）
2026-08-07 16:16:23,741 WARNING robot.realtime.clock [robot-continuous-jog] clock.py:107 | jog-cartesian 循环滞后 17.3 ms（超过一个控制周期 5.0 ms）
2026-08-07 16:16:23,745 WARNING robot.realtime.clock [robot-continuous-jog] clock.py:107 | jog-cartesian 循环滞后 16.4 ms（超过一个控制周期 5.0 ms）
2026-08-07 16:16:23,749 WARNING robot.realtime.clock [robot-continuous-jog] clock.py:107 | jog-cartesian 循环滞后 15.2 ms（超过一个控制周期 5.0 ms）
2026-08-07 16:16:23,751 WARNING robot.realtime.clock [robot-continuous-jog] clock.py:107 | jog-cartesian 循环滞后 12.9 ms（超过一个控制周期 5.0 ms）
2026-08-07 16:16:23,756 WARNING robot.realtime.clock [robot-continuous-jog] clock.py:107 | jog-cartesian 循环滞后 12.9 ms（超过一个控制周期 5.0 ms）
2026-08-07 16:16:23,759 WARNING robot.realtime.clock [robot-continuous-jog] clock.py:107 | jog-cartesian 循环滞后 11.1 ms（超过一个控制周期 5.0 ms）
2026-08-07 16:16:23,763 WARNING robot.realtime.clock [robot-continuous-jog] clock.py:107 | jog-cartesian 循环滞后 9.7 ms（超过一个控制周期 5.0 ms）
2026-08-07 16:16:23,768 WARNING robot.realtime.clock [robot-continuous-jog] clock.py:107 | jog-cartesian 循环滞后 9.3 ms（超过一个控制周期 5.0 ms）
2026-08-07 16:16:23,770 WARNING robot.realtime.clock [robot-continuous-jog] clock.py:107 | jog-cartesian 循环滞后 7.1 ms（超过一个控制周期 5.0 ms）
2026-08-07 16:16:23,826 WARNING robot.realtime.clock [robot-continuous-jog] clock.py:107 | jog-cartesian 循环滞后 7.7 ms（超过一个控制周期 5.0 ms）
2026-08-07 16:16:23,833 WARNING robot.realtime.clock [robot-continuous-jog] clock.py:107 | jog-cartesian 循环滞后 9.7 ms（超过一个控制周期 5.0 ms）
2026-08-07 16:16:23,839 WARNING robot.realtime.clock [robot-continuous-jog] clock.py:107 | jog-cartesian 循环滞后 11.1 ms（超过一个控制周期 5.0 ms）
2026-08-07 16:16:23,844 WARNING robot.realtime.clock [robot-continuous-jog] clock.py:107 | jog-cartesian 循环滞后 11.1 ms（超过一个控制周期 5.0 ms）
2026-08-07 16:16:23,852 WARNING robot.realtime.clock [robot-continuous-jog] clock.py:107 | jog-cartesian 循环滞后 13.2 ms（超过一个控制周期 5.0 ms）
2026-08-07 16:16:23,861 WARNING robot.realtime.clock [robot-continuous-jog] clock.py:107 | jog-cartesian 循环滞后 17.3 ms（超过一个控制周期 5.0 ms）
2026-08-07 16:16:23,865 WARNING robot.realtime.clock [robot-continuous-jog] clock.py:107 | jog-cartesian 循环滞后 17.1 ms（超过一个控制周期 5.0 ms）
2026-08-07 16:16:23,869 WARNING robot.realtime.clock [robot-continuous-jog] clock.py:107 | jog-cartesian 循环滞后 15.2 ms（超过一个控制周期 5.0 ms）
2026-08-07 16:16:23,870 WARNING robot.realtime.clock [robot-continuous-jog] clock.py:107 | jog-cartesian 循环滞后 12.1 ms（超过一个控制周期 5.0 ms）
2026-08-07 16:16:23,872 WARNING robot.realtime.clock [robot-continuous-jog] clock.py:107 | jog-cartesian 循环滞后 9.0 ms（超过一个控制周期 5.0 ms）
2026-08-07 16:16:23,875 WARNING robot.realtime.clock [robot-continuous-jog] clock.py:107 | jog-cartesian 循环滞后 6.6 ms（超过一个控制周期 5.0 ms）
2026-08-07 16:16:24,010 WARNING robot.realtime.clock [robot-continuous-jog] clock.py:107 | jog-cartesian 循环滞后 6.9 ms（超过一个控制周期 5.0 ms）
2026-08-07 16:16:24,018 WARNING robot.realtime.clock [robot-continuous-jog] clock.py:107 | jog-cartesian 循环滞后 9.2 ms（超过一个控制周期 5.0 ms）
2026-08-07 16:16:24,023 WARNING robot.realtime.clock [robot-continuous-jog] clock.py:107 | jog-cartesian 循环滞后 9.4 ms（超过一个控制周期 5.0 ms）
2026-08-07 16:16:24,034 WARNING robot.realtime.clock [robot-continuous-jog] clock.py:107 | jog-cartesian 循环滞后 15.4 ms（超过一个控制周期 5.0 ms）
2026-08-07 16:16:24,038 WARNING robot.realtime.clock [robot-continuous-jog] clock.py:107 | jog-cartesian 循环滞后 14.5 ms（超过一个控制周期 5.0 ms）
2026-08-07 16:16:24,042 WARNING robot.realtime.clock [robot-continuous-jog] clock.py:107 | jog-cartesian 循环滞后 13.3 ms（超过一个控制周期 5.0 ms）
2026-08-07 16:16:24,045 WARNING robot.realtime.clock [robot-continuous-jog] clock.py:107 | jog-cartesian 循环滞后 11.5 ms（超过一个控制周期 5.0 ms）
2026-08-07 16:16:24,048 WARNING robot.realtime.clock [robot-continuous-jog] clock.py:107 | jog-cartesian 循环滞后 9.5 ms（超过一个控制周期 5.0 ms）
2026-08-07 16:16:24,051 WARNING robot.realtime.clock [robot-continuous-jog] clock.py:107 | jog-cartesian 循环滞后 7.3 ms（超过一个控制周期 5.0 ms）
2026-08-07 16:16:24,134 WARNING robot.realtime.clock [robot-continuous-jog] clock.py:107 | jog-cartesian 循环滞后 5.9 ms（超过一个控制周期 5.0 ms）
2026-08-07 16:16:24,140 WARNING robot.realtime.clock [robot-continuous-jog] clock.py:107 | jog-cartesian 循环滞后 6.5 ms（超过一个控制周期 5.0 ms）
2026-08-07 16:16:24,145 WARNING robot.realtime.clock [robot-continuous-jog] clock.py:107 | jog-cartesian 循环滞后 7.0 ms（超过一个控制周期 5.0 ms）
2026-08-07 16:16:24,150 WARNING robot.realtime.clock [robot-continuous-jog] clock.py:107 | jog-cartesian 循环滞后 6.4 ms（超过一个控制周期 5.0 ms）
2026-08-07 16:16:24,169 WARNING robot.realtime.clock [robot-continuous-jog] clock.py:107 | jog-cartesian 循环滞后 5.4 ms（超过一个控制周期 5.0 ms）
2026-08-07 16:16:24,174 WARNING robot.realtime.clock [robot-continuous-jog] clock.py:107 | jog-cartesian 循环滞后 5.5 ms（超过一个控制周期 5.0 ms）
2026-08-07 16:16:24,180 WARNING robot.realtime.clock [robot-continuous-jog] clock.py:107 | jog-cartesian 循环滞后 6.3 ms（超过一个控制周期 5.0 ms）
2026-08-07 16:16:24,184 WARNING robot.realtime.clock [robot-continuous-jog] clock.py:107 | jog-cartesian 循环滞后 5.7 ms（超过一个控制周期 5.0 ms）
2026-08-07 16:16:24,239 WARNING robot.realtime.clock [robot-continuous-jog] clock.py:107 | jog-cartesian 循环滞后 10.8 ms（超过一个控制周期 5.0 ms）
2026-08-07 16:16:24,242 WARNING robot.realtime.clock [robot-continuous-jog] clock.py:107 | jog-cartesian 循环滞后 8.8 ms（超过一个控制周期 5.0 ms）
2026-08-07 16:16:24,247 WARNING robot.realtime.clock [robot-continuous-jog] clock.py:107 | jog-cartesian 循环滞后 8.2 ms（超过一个控制周期 5.0 ms）
2026-08-07 16:16:24,250 WARNING robot.realtime.clock [robot-continuous-jog] clock.py:107 | jog-cartesian 循环滞后 6.9 ms（超过一个控制周期 5.0 ms）
2026-08-07 16:16:24,279 WARNING robot.realtime.clock [robot-continuous-jog] clock.py:107 | jog-cartesian 循环滞后 5.4 ms（超过一个控制周期 5.0 ms）
2026-08-07 16:16:24,286 WARNING robot.realtime.clock [robot-continuous-jog] clock.py:107 | jog-cartesian 循环滞后 7.6 ms（超过一个控制周期 5.0 ms）
2026-08-07 16:16:24,294 WARNING robot.realtime.clock [robot-continuous-jog] clock.py:107 | jog-cartesian 循环滞后 10.4 ms（超过一个控制周期 5.0 ms）
2026-08-07 16:16:24,307 WARNING robot.realtime.clock [robot-continuous-jog] clock.py:107 | jog-cartesian 循环滞后 18.5 ms（超过一个控制周期 5.0 ms）
2026-08-07 16:16:24,312 WARNING robot.realtime.clock [robot-continuous-jog] clock.py:107 | jog-cartesian 循环滞后 19.1 ms（超过一个控制周期 5.0 ms）
2026-08-07 16:16:24,318 WARNING robot.realtime.clock [robot-continuous-jog] clock.py:107 | jog-cartesian 循环滞后 19.7 ms（超过一个控制周期 5.0 ms）
2026-08-07 16:16:24,321 WARNING robot.realtime.clock [robot-continuous-jog] clock.py:107 | jog-cartesian 循环滞后 17.9 ms（超过一个控制周期 5.0 ms）
2026-08-07 16:16:24,325 WARNING robot.realtime.clock [robot-continuous-jog] clock.py:107 | jog-cartesian 循环滞后 16.6 ms（超过一个控制周期 5.0 ms）
2026-08-07 16:16:24,328 WARNING robot.realtime.clock [robot-continuous-jog] clock.py:107 | jog-cartesian 循环滞后 14.5 ms（超过一个控制周期 5.0 ms）
2026-08-07 16:16:24,336 WARNING robot.realtime.clock [robot-continuous-jog] clock.py:107 | jog-cartesian 循环滞后 17.5 ms（超过一个控制周期 5.0 ms）
2026-08-07 16:16:24,337 WARNING robot.realtime.clock [robot-continuous-jog] clock.py:107 | jog-cartesian 循环滞后 14.1 ms（超过一个控制周期 5.0 ms）
2026-08-07 16:16:24,339 WARNING robot.realtime.clock [robot-continuous-jog] clock.py:107 | jog-cartesian 循环滞后 10.6 ms（超过一个控制周期 5.0 ms）
2026-08-07 16:16:24,341 WARNING robot.realtime.clock [robot-continuous-jog] clock.py:107 | jog-cartesian 循环滞后 7.3 ms（超过一个控制周期 5.0 ms）
2026-08-07 16:16:24,405 WARNING robot.realtime.clock [robot-continuous-jog] clock.py:107 | jog-cartesian 循环滞后 6.2 ms（超过一个控制周期 5.0 ms）
2026-08-07 16:16:24,441 WARNING robot.realtime.clock [robot-continuous-jog] clock.py:107 | jog-cartesian 循环滞后 7.5 ms（超过一个控制周期 5.0 ms）
2026-08-07 16:16:24,445 WARNING robot.realtime.clock [robot-continuous-jog] clock.py:107 | jog-cartesian 循环滞后 6.3 ms（超过一个控制周期 5.0 ms）
2026-08-07 16:16:24,620 WARNING robot.realtime.clock [robot-continuous-jog] clock.py:107 | jog-cartesian 循环滞后 6.2 ms（超过一个控制周期 5.0 ms）
2026-08-07 16:16:24,628 WARNING robot.realtime.clock [robot-continuous-jog] clock.py:107 | jog-cartesian 循环滞后 9.2 ms（超过一个控制周期 5.0 ms）
2026-08-07 16:16:24,640 WARNING robot.realtime.clock [robot-continuous-jog] clock.py:107 | jog-cartesian 循环滞后 16.5 ms（超过一个控制周期 5.0 ms）
2026-08-07 16:16:24,650 WARNING robot.realtime.clock [robot-continuous-jog] clock.py:107 | jog-cartesian 循环滞后 21.4 ms（超过一个控制周期 5.0 ms）
2026-08-07 16:16:24,658 WARNING robot.realtime.clock [robot-continuous-jog] clock.py:107 | jog-cartesian 循环滞后 24.7 ms（超过一个控制周期 5.0 ms）
2026-08-07 16:16:24,674 WARNING robot.realtime.clock [robot-continuous-jog] clock.py:107 | jog-cartesian 循环滞后 35.5 ms（超过一个控制周期 5.0 ms）
2026-08-07 16:16:24,677 WARNING robot.realtime.clock [robot-continuous-jog] clock.py:107 | jog-cartesian 循环滞后 33.8 ms（超过一个控制周期 5.0 ms）
2026-08-07 16:16:24,682 WARNING robot.realtime.clock [robot-continuous-jog] clock.py:107 | jog-cartesian 循环滞后 33.3 ms（超过一个控制周期 5.0 ms）
2026-08-07 16:16:24,685 WARNING robot.realtime.clock [robot-continuous-jog] clock.py:107 | jog-cartesian 循环滞后 31.4 ms（超过一个控制周期 5.0 ms）
2026-08-07 16:16:24,687 WARNING robot.realtime.clock [robot-continuous-jog] clock.py:107 | jog-cartesian 循环滞后 28.7 ms（超过一个控制周期 5.0 ms）
2026-08-07 16:16:24,690 WARNING robot.realtime.clock [robot-continuous-jog] clock.py:107 | jog-cartesian 循环滞后 26.6 ms（超过一个控制周期 5.0 ms）
2026-08-07 16:16:24,692 WARNING robot.realtime.clock [robot-continuous-jog] clock.py:107 | jog-cartesian 循环滞后 24.0 ms（超过一个控制周期 5.0 ms）
2026-08-07 16:16:24,695 WARNING robot.realtime.clock [robot-continuous-jog] clock.py:107 | jog-cartesian 循环滞后 21.4 ms（超过一个控制周期 5.0 ms）
2026-08-07 16:16:24,698 WARNING robot.realtime.clock [robot-continuous-jog] clock.py:107 | jog-cartesian 循环滞后 19.2 ms（超过一个控制周期 5.0 ms）
2026-08-07 16:16:24,700 WARNING robot.realtime.clock [robot-continuous-jog] clock.py:107 | jog-cartesian 循环滞后 16.7 ms（超过一个控制周期 5.0 ms）
2026-08-07 16:16:24,705 WARNING robot.realtime.clock [robot-continuous-jog] clock.py:107 | jog-cartesian 循环滞后 16.4 ms（超过一个控制周期 5.0 ms）
2026-08-07 16:16:24,707 WARNING robot.realtime.clock [robot-continuous-jog] clock.py:107 | jog-cartesian 循环滞后 13.9 ms（超过一个控制周期 5.0 ms）
2026-08-07 16:16:24,710 WARNING robot.realtime.clock [robot-continuous-jog] clock.py:107 | jog-cartesian 循环滞后 11.4 ms（超过一个控制周期 5.0 ms）
2026-08-07 16:16:24,712 WARNING robot.realtime.clock [robot-continuous-jog] clock.py:107 | jog-cartesian 循环滞后 8.8 ms（超过一个控制周期 5.0 ms）
2026-08-07 16:16:24,715 WARNING robot.realtime.clock [robot-continuous-jog] clock.py:107 | jog-cartesian 循环滞后 6.4 ms（超过一个控制周期 5.0 ms）
2026-08-07 16:16:24,834 WARNING robot.realtime.clock [robot-continuous-jog] clock.py:107 | jog-cartesian 循环滞后 6.0 ms（超过一个控制周期 5.0 ms）
2026-08-07 16:16:24,848 WARNING robot.realtime.clock [robot-continuous-jog] clock.py:107 | jog-cartesian 循环滞后 15.0 ms（超过一个控制周期 5.0 ms）
2026-08-07 16:16:24,851 WARNING robot.realtime.clock [robot-continuous-jog] clock.py:107 | jog-cartesian 循环滞后 12.7 ms（超过一个控制周期 5.0 ms）
2026-08-07 16:16:24,853 WARNING robot.realtime.clock [robot-continuous-jog] clock.py:107 | jog-cartesian 循环滞后 9.9 ms（超过一个控制周期 5.0 ms）
2026-08-07 16:16:24,856 WARNING robot.realtime.clock [robot-continuous-jog] clock.py:107 | jog-cartesian 循环滞后 7.6 ms（超过一个控制周期 5.0 ms）
2026-08-07 16:16:24,859 WARNING robot.realtime.clock [robot-continuous-jog] clock.py:107 | jog-cartesian 循环滞后 6.1 ms（超过一个控制周期 5.0 ms）
2026-08-07 16:16:25,089 WARNING robot.realtime.clock [robot-continuous-jog] clock.py:107 | jog-cartesian 循环滞后 5.3 ms（超过一个控制周期 5.0 ms）
2026-08-07 16:16:25,185 WARNING robot.realtime.clock [robot-continuous-jog] clock.py:107 | jog-cartesian 循环滞后 11.7 ms（超过一个控制周期 5.0 ms）
2026-08-07 16:16:25,190 WARNING robot.realtime.clock [robot-continuous-jog] clock.py:107 | jog-cartesian 循环滞后 11.6 ms（超过一个控制周期 5.0 ms）
2026-08-07 16:16:25,193 WARNING robot.realtime.clock [robot-continuous-jog] clock.py:107 | jog-cartesian 循环滞后 9.7 ms（超过一个控制周期 5.0 ms）
2026-08-07 16:16:25,196 WARNING robot.realtime.clock [robot-continuous-jog] clock.py:107 | jog-cartesian 循环滞后 7.3 ms（超过一个控制周期 5.0 ms）
2026-08-07 16:16:25,250 WARNING robot.realtime.clock [robot-continuous-jog] clock.py:107 | jog-cartesian 循环滞后 6.2 ms（超过一个控制周期 5.0 ms）
2026-08-07 16:16:25,288 WARNING robot.realtime.clock [robot-continuous-jog] clock.py:107 | jog-cartesian 循环滞后 10.1 ms（超过一个控制周期 5.0 ms）
2026-08-07 16:16:25,296 WARNING robot.realtime.clock [robot-continuous-jog] clock.py:107 | jog-cartesian 循环滞后 12.5 ms（超过一个控制周期 5.0 ms）
2026-08-07 16:16:25,303 WARNING robot.realtime.clock [robot-continuous-jog] clock.py:107 | jog-cartesian 循环滞后 14.9 ms（超过一个控制周期 5.0 ms）
2026-08-07 16:16:25,309 WARNING robot.realtime.clock [robot-continuous-jog] clock.py:107 | jog-cartesian 循环滞后 15.9 ms（超过一个控制周期 5.0 ms）
2026-08-07 16:16:25,317 WARNING robot.realtime.clock [robot-continuous-jog] clock.py:107 | jog-cartesian 循环滞后 18.6 ms（超过一个控制周期 5.0 ms）
2026-08-07 16:16:25,319 WARNING robot.realtime.clock [robot-continuous-jog] clock.py:107 | jog-cartesian 循环滞后 16.2 ms（超过一个控制周期 5.0 ms）
2026-08-07 16:16:25,322 WARNING robot.realtime.clock [robot-continuous-jog] clock.py:107 | jog-cartesian 循环滞后 13.8 ms（超过一个控制周期 5.0 ms）
2026-08-07 16:16:25,326 WARNING robot.realtime.clock [robot-continuous-jog] clock.py:107 | jog-cartesian 循环滞后 12.2 ms（超过一个控制周期 5.0 ms）
2026-08-07 16:16:25,329 WARNING robot.realtime.clock [robot-continuous-jog] clock.py:107 | jog-cartesian 循环滞后 10.4 ms（超过一个控制周期 5.0 ms）
2026-08-07 16:16:25,332 WARNING robot.realtime.clock [robot-continuous-jog] clock.py:107 | jog-cartesian 循环滞后 8.3 ms（超过一个控制周期 5.0 ms）
2026-08-07 16:16:25,334 WARNING robot.realtime.clock [robot-continuous-jog] clock.py:107 | jog-cartesian 循环滞后 5.8 ms（超过一个控制周期 5.0 ms）
2026-08-07 16:16:26,448 WARNING robot.realtime.clock [robot-continuous-jog] clock.py:107 | jog-cartesian 循环滞后 8.5 ms（超过一个控制周期 5.0 ms）
2026-08-07 16:16:26,455 WARNING robot.realtime.clock [robot-continuous-jog] clock.py:107 | jog-cartesian 循环滞后 10.7 ms（超过一个控制周期 5.0 ms）
2026-08-07 16:16:26,468 WARNING robot.realtime.clock [robot-continuous-jog] clock.py:107 | jog-cartesian 循环滞后 17.8 ms（超过一个控制周期 5.0 ms）
2026-08-07 16:16:26,474 WARNING robot.realtime.clock [robot-continuous-jog] clock.py:107 | jog-cartesian 循环滞后 18.7 ms（超过一个控制周期 5.0 ms）
2026-08-07 16:16:26,479 WARNING robot.realtime.clock [robot-continuous-jog] clock.py:107 | jog-cartesian 循环滞后 19.5 ms（超过一个控制周期 5.0 ms）
2026-08-07 16:16:26,489 WARNING robot.realtime.clock [robot-continuous-jog] clock.py:107 | jog-cartesian 循环滞后 23.9 ms（超过一个控制周期 5.0 ms）
2026-08-07 16:16:26,502 WARNING robot.realtime.clock [robot-continuous-jog] clock.py:107 | jog-cartesian 循环滞后 31.9 ms（超过一个控制周期 5.0 ms）
2026-08-07 16:16:26,506 WARNING robot.realtime.clock [robot-continuous-jog] clock.py:107 | jog-cartesian 循环滞后 31.4 ms（超过一个控制周期 5.0 ms）
2026-08-07 16:16:26,509 WARNING robot.realtime.clock [robot-continuous-jog] clock.py:107 | jog-cartesian 循环滞后 29.0 ms（超过一个控制周期 5.0 ms）
2026-08-07 16:16:26,512 WARNING robot.realtime.clock [robot-continuous-jog] clock.py:107 | jog-cartesian 循环滞后 27.1 ms（超过一个控制周期 5.0 ms）
2026-08-07 16:16:26,516 WARNING robot.realtime.clock [robot-continuous-jog] clock.py:107 | jog-cartesian 循环滞后 26.5 ms（超过一个控制周期 5.0 ms）
2026-08-07 16:16:26,519 WARNING robot.realtime.clock [robot-continuous-jog] clock.py:107 | jog-cartesian 循环滞后 24.6 ms（超过一个控制周期 5.0 ms）
2026-08-07 16:16:26,522 WARNING robot.realtime.clock [robot-continuous-jog] clock.py:107 | jog-cartesian 循环滞后 22.0 ms（超过一个控制周期 5.0 ms）
2026-08-07 16:16:26,524 WARNING robot.realtime.clock [robot-continuous-jog] clock.py:107 | jog-cartesian 循环滞后 19.5 ms（超过一个控制周期 5.0 ms）
2026-08-07 16:16:26,529 WARNING robot.realtime.clock [robot-continuous-jog] clock.py:107 | jog-cartesian 循环滞后 19.3 ms（超过一个控制周期 5.0 ms）
2026-08-07 16:16:26,531 WARNING robot.realtime.clock [robot-continuous-jog] clock.py:107 | jog-cartesian 循环滞后 16.2 ms（超过一个控制周期 5.0 ms）
2026-08-07 16:16:26,533 WARNING robot.realtime.clock [robot-continuous-jog] clock.py:107 | jog-cartesian 循环滞后 13.3 ms（超过一个控制周期 5.0 ms）
2026-08-07 16:16:26,535 WARNING robot.realtime.clock [robot-continuous-jog] clock.py:107 | jog-cartesian 循环滞后 9.8 ms（超过一个控制周期 5.0 ms）
2026-08-07 16:16:26,536 WARNING robot.realtime.clock [robot-continuous-jog] clock.py:107 | jog-cartesian 循环滞后 6.2 ms（超过一个控制周期 5.0 ms）
2026-08-07 16:16:26,611 WARNING robot.realtime.clock [robot-continuous-jog] clock.py:107 | jog-cartesian 循环滞后 6.3 ms（超过一个控制周期 5.0 ms）
2026-08-07 16:16:26,619 WARNING robot.realtime.clock [robot-continuous-jog] clock.py:107 | jog-cartesian 循环滞后 8.8 ms（超过一个控制周期 5.0 ms）
2026-08-07 16:16:26,623 WARNING robot.realtime.clock [robot-continuous-jog] clock.py:107 | jog-cartesian 循环滞后 8.4 ms（超过一个控制周期 5.0 ms）
2026-08-07 16:16:26,632 WARNING robot.realtime.clock [robot-continuous-jog] clock.py:107 | jog-cartesian 循环滞后 7.3 ms（超过一个控制周期 5.0 ms）
2026-08-07 16:16:26,637 WARNING robot.realtime.clock [robot-continuous-jog] clock.py:107 | jog-cartesian 循环滞后 7.0 ms（超过一个控制周期 5.0 ms）
2026-08-07 16:16:26,642 WARNING robot.realtime.clock [robot-continuous-jog] clock.py:107 | jog-cartesian 循环滞后 7.3 ms（超过一个控制周期 5.0 ms）
2026-08-07 16:16:26,647 WARNING robot.realtime.clock [robot-continuous-jog] clock.py:107 | jog-cartesian 循环滞后 6.9 ms（超过一个控制周期 5.0 ms）
2026-08-07 16:16:26,650 WARNING robot.realtime.clock [robot-continuous-jog] clock.py:107 | jog-cartesian 循环滞后 5.3 ms（超过一个控制周期 5.0 ms）
2026-08-07 16:16:26,703 WARNING robot.realtime.clock [robot-continuous-jog] clock.py:107 | jog-cartesian 循环滞后 7.8 ms（超过一个控制周期 5.0 ms）
2026-08-07 16:16:26,707 WARNING robot.realtime.clock [robot-continuous-jog] clock.py:107 | jog-cartesian 循环滞后 7.5 ms（超过一个控制周期 5.0 ms）
2026-08-07 16:16:26,710 WARNING robot.realtime.clock [robot-continuous-jog] clock.py:107 | jog-cartesian 循环滞后 5.6 ms（超过一个控制周期 5.0 ms）
2026-08-07 16:16:26,733 WARNING robot.realtime.clock [robot-continuous-jog] clock.py:107 | jog-cartesian 循环滞后 7.8 ms（超过一个控制周期 5.0 ms）
2026-08-07 16:16:26,753 WARNING robot.realtime.clock [robot-continuous-jog] clock.py:107 | jog-cartesian 循环滞后 22.7 ms（超过一个控制周期 5.0 ms）
2026-08-07 16:16:26,766 WARNING robot.realtime.clock [robot-continuous-jog] clock.py:107 | jog-cartesian 循环滞后 31.6 ms（超过一个控制周期 5.0 ms）
2026-08-07 16:16:26,776 WARNING robot.realtime.clock [robot-continuous-jog] clock.py:107 | jog-cartesian 循环滞后 36.0 ms（超过一个控制周期 5.0 ms）
2026-08-07 16:16:26,779 WARNING robot.realtime.clock [robot-continuous-jog] clock.py:107 | jog-cartesian 循环滞后 34.2 ms（超过一个控制周期 5.0 ms）
2026-08-07 16:16:26,784 WARNING robot.realtime.clock [robot-continuous-jog] clock.py:107 | jog-cartesian 循环滞后 34.3 ms（超过一个控制周期 5.0 ms）
2026-08-07 16:16:26,786 WARNING robot.realtime.clock [robot-continuous-jog] clock.py:107 | jog-cartesian 循环滞后 31.2 ms（超过一个控制周期 5.0 ms）
2026-08-07 16:16:26,788 WARNING robot.realtime.clock [robot-continuous-jog] clock.py:107 | jog-cartesian 循环滞后 28.0 ms（超过一个控制周期 5.0 ms）
2026-08-07 16:16:26,790 WARNING robot.realtime.clock [robot-continuous-jog] clock.py:107 | jog-cartesian 循环滞后 25.1 ms（超过一个控制周期 5.0 ms）
2026-08-07 16:16:26,792 WARNING robot.realtime.clock [robot-continuous-jog] clock.py:107 | jog-cartesian 循环滞后 21.8 ms（超过一个控制周期 5.0 ms）
2026-08-07 16:16:26,793 WARNING robot.realtime.clock [robot-continuous-jog] clock.py:107 | jog-cartesian 循环滞后 18.3 ms（超过一个控制周期 5.0 ms）
2026-08-07 16:16:26,797 WARNING robot.realtime.clock [robot-continuous-jog] clock.py:107 | jog-cartesian 循环滞后 16.9 ms（超过一个控制周期 5.0 ms）
2026-08-07 16:16:26,799 WARNING robot.realtime.clock [robot-continuous-jog] clock.py:107 | jog-cartesian 循环滞后 13.9 ms（超过一个控制周期 5.0 ms）
2026-08-07 16:16:26,800 WARNING robot.realtime.clock [robot-continuous-jog] clock.py:107 | jog-cartesian 循环滞后 10.5 ms（超过一个控制周期 5.0 ms）
2026-08-07 16:16:26,802 WARNING robot.realtime.clock [robot-continuous-jog] clock.py:107 | jog-cartesian 循环滞后 7.2 ms（超过一个控制周期 5.0 ms）
2026-08-07 16:16:26,871 WARNING robot.realtime.clock [robot-continuous-jog] clock.py:107 | jog-cartesian 循环滞后 6.0 ms（超过一个控制周期 5.0 ms）
2026-08-07 16:16:26,877 WARNING robot.realtime.clock [robot-continuous-jog] clock.py:107 | jog-cartesian 循环滞后 7.6 ms（超过一个控制周期 5.0 ms）
2026-08-07 16:16:26,883 WARNING robot.realtime.clock [robot-continuous-jog] clock.py:107 | jog-cartesian 循环滞后 7.8 ms（超过一个控制周期 5.0 ms）
2026-08-07 16:16:26,886 WARNING robot.realtime.clock [robot-continuous-jog] clock.py:107 | jog-cartesian 循环滞后 6.5 ms（超过一个控制周期 5.0 ms）
2026-08-07 16:16:27,025 WARNING robot.realtime.clock [robot-continuous-jog] clock.py:107 | jog-cartesian 循环滞后 5.5 ms（超过一个控制周期 5.0 ms）
2026-08-07 16:16:27,284 WARNING robot.realtime.clock [robot-continuous-jog] clock.py:107 | jog-cartesian 循环滞后 8.9 ms（超过一个控制周期 5.0 ms）
2026-08-07 16:16:27,292 WARNING robot.realtime.clock [robot-continuous-jog] clock.py:107 | jog-cartesian 循环滞后 12.0 ms（超过一个控制周期 5.0 ms）
2026-08-07 16:16:27,308 WARNING robot.realtime.clock [robot-continuous-jog] clock.py:107 | jog-cartesian 循环滞后 23.3 ms（超过一个控制周期 5.0 ms）
2026-08-07 16:16:27,318 WARNING robot.realtime.clock [robot-continuous-jog] clock.py:107 | jog-cartesian 循环滞后 28.0 ms（超过一个控制周期 5.0 ms）
2026-08-07 16:16:27,324 WARNING robot.realtime.clock [robot-continuous-jog] clock.py:107 | jog-cartesian 循环滞后 29.5 ms（超过一个控制周期 5.0 ms）
2026-08-07 16:16:27,329 WARNING robot.realtime.clock [robot-continuous-jog] clock.py:107 | jog-cartesian 循环滞后 29.2 ms（超过一个控制周期 5.0 ms）
2026-08-07 16:16:27,333 WARNING robot.realtime.clock [robot-continuous-jog] clock.py:107 | jog-cartesian 循环滞后 28.6 ms（超过一个控制周期 5.0 ms）
2026-08-07 16:16:27,342 WARNING robot.realtime.clock [robot-continuous-jog] clock.py:107 | jog-cartesian 循环滞后 32.4 ms（超过一个控制周期 5.0 ms）
2026-08-07 16:16:27,346 WARNING robot.realtime.clock [robot-continuous-jog] clock.py:107 | jog-cartesian 循环滞后 31.4 ms（超过一个控制周期 5.0 ms）
2026-08-07 16:16:27,350 WARNING robot.realtime.clock [robot-continuous-jog] clock.py:107 | jog-cartesian 循环滞后 30.2 ms（超过一个控制周期 5.0 ms）
2026-08-07 16:16:27,352 WARNING robot.realtime.clock [robot-continuous-jog] clock.py:107 | jog-cartesian 循环滞后 27.6 ms（超过一个控制周期 5.0 ms）
2026-08-07 16:16:27,355 WARNING robot.realtime.clock [robot-continuous-jog] clock.py:107 | jog-cartesian 循环滞后 25.1 ms（超过一个控制周期 5.0 ms）
2026-08-07 16:16:27,357 WARNING robot.realtime.clock [robot-continuous-jog] clock.py:107 | jog-cartesian 循环滞后 22.0 ms（超过一个控制周期 5.0 ms）
2026-08-07 16:16:27,359 WARNING robot.realtime.clock [robot-continuous-jog] clock.py:107 | jog-cartesian 循环滞后 19.0 ms（超过一个控制周期 5.0 ms）
2026-08-07 16:16:27,361 WARNING robot.realtime.clock [robot-continuous-jog] clock.py:107 | jog-cartesian 循环滞后 16.0 ms（超过一个控制周期 5.0 ms）
2026-08-07 16:16:27,363 WARNING robot.realtime.clock [robot-continuous-jog] clock.py:107 | jog-cartesian 循环滞后 13.5 ms（超过一个控制周期 5.0 ms）
2026-08-07 16:16:27,366 WARNING robot.realtime.clock [robot-continuous-jog] clock.py:107 | jog-cartesian 循环滞后 11.3 ms（超过一个控制周期 5.0 ms）
2026-08-07 16:16:27,372 WARNING robot.realtime.clock [robot-continuous-jog] clock.py:107 | jog-cartesian 循环滞后 12.0 ms（超过一个控制周期 5.0 ms）
2026-08-07 16:16:27,376 WARNING robot.realtime.clock [robot-continuous-jog] clock.py:107 | jog-cartesian 循环滞后 11.7 ms（超过一个控制周期 5.0 ms）
2026-08-07 16:16:27,383 WARNING robot.realtime.clock [robot-continuous-jog] clock.py:107 | jog-cartesian 循环滞后 12.8 ms（超过一个控制周期 5.0 ms）
2026-08-07 16:16:27,387 WARNING robot.realtime.clock [robot-continuous-jog] clock.py:107 | jog-cartesian 循环滞后 12.7 ms（超过一个控制周期 5.0 ms）
2026-08-07 16:16:27,396 WARNING robot.realtime.clock [robot-continuous-jog] clock.py:107 | jog-cartesian 循环滞后 16.3 ms（超过一个控制周期 5.0 ms）
2026-08-07 16:16:27,413 WARNING robot.realtime.clock [robot-continuous-jog] clock.py:107 | jog-cartesian 循环滞后 28.6 ms（超过一个控制周期 5.0 ms）
2026-08-07 16:16:27,423 WARNING robot.realtime.clock [robot-continuous-jog] clock.py:107 | jog-cartesian 循环滞后 33.0 ms（超过一个控制周期 5.0 ms）
2026-08-07 16:16:27,429 WARNING robot.realtime.clock [robot-continuous-jog] clock.py:107 | jog-cartesian 循环滞后 34.5 ms（超过一个控制周期 5.0 ms）
2026-08-07 16:16:27,439 WARNING robot.realtime.clock [robot-continuous-jog] clock.py:107 | jog-cartesian 循环滞后 39.4 ms（超过一个控制周期 5.0 ms）
2026-08-07 16:16:27,445 WARNING robot.realtime.clock [robot-continuous-jog] clock.py:107 | jog-cartesian 循环滞后 39.9 ms（超过一个控制周期 5.0 ms）
2026-08-07 16:16:27,451 WARNING robot.realtime.clock [robot-continuous-jog] clock.py:107 | jog-cartesian 循环滞后 41.7 ms（超过一个控制周期 5.0 ms）
2026-08-07 16:16:27,455 WARNING robot.realtime.clock [robot-continuous-jog] clock.py:107 | jog-cartesian 循环滞后 39.9 ms（超过一个控制周期 5.0 ms）
2026-08-07 16:16:27,458 WARNING robot.realtime.clock [robot-continuous-jog] clock.py:107 | jog-cartesian 循环滞后 37.9 ms（超过一个控制周期 5.0 ms）
2026-08-07 16:16:27,461 WARNING robot.realtime.clock [robot-continuous-jog] clock.py:107 | jog-cartesian 循环滞后 36.6 ms（超过一个控制周期 5.0 ms）
2026-08-07 16:16:27,466 WARNING robot.realtime.clock [robot-continuous-jog] clock.py:107 | jog-cartesian 循环滞后 35.8 ms（超过一个控制周期 5.0 ms）
2026-08-07 16:16:27,473 WARNING robot.realtime.clock [robot-continuous-jog] clock.py:107 | jog-cartesian 循环滞后 38.5 ms（超过一个控制周期 5.0 ms）
2026-08-07 16:16:27,479 WARNING robot.realtime.clock [robot-continuous-jog] clock.py:107 | jog-cartesian 循环滞后 39.0 ms（超过一个控制周期 5.0 ms）
2026-08-07 16:16:27,486 WARNING robot.realtime.clock [robot-continuous-jog] clock.py:107 | jog-cartesian 循环滞后 41.0 ms（超过一个控制周期 5.0 ms）
2026-08-07 16:16:27,488 WARNING robot.realtime.clock [robot-continuous-jog] clock.py:107 | jog-cartesian 循环滞后 38.3 ms（超过一个控制周期 5.0 ms）
2026-08-07 16:16:27,490 WARNING robot.realtime.clock [robot-continuous-jog] clock.py:107 | jog-cartesian 循环滞后 35.0 ms（超过一个控制周期 5.0 ms）
2026-08-07 16:16:27,492 WARNING robot.realtime.clock [robot-continuous-jog] clock.py:107 | jog-cartesian 循环滞后 32.2 ms（超过一个控制周期 5.0 ms）
2026-08-07 16:16:27,494 WARNING robot.realtime.clock [robot-continuous-jog] clock.py:107 | jog-cartesian 循环滞后 29.3 ms（超过一个控制周期 5.0 ms）
2026-08-07 16:16:27,496 WARNING robot.realtime.clock [robot-continuous-jog] clock.py:107 | jog-cartesian 循环滞后 26.4 ms（超过一个控制周期 5.0 ms）
2026-08-07 16:16:27,499 WARNING robot.realtime.clock [robot-continuous-jog] clock.py:107 | jog-cartesian 循环滞后 24.3 ms（超过一个控制周期 5.0 ms）
2026-08-07 16:16:27,503 WARNING robot.realtime.clock [robot-continuous-jog] clock.py:107 | jog-cartesian 循环滞后 23.0 ms（超过一个控制周期 5.0 ms）
2026-08-07 16:16:27,511 WARNING robot.realtime.clock [robot-continuous-jog] clock.py:107 | jog-cartesian 循环滞后 26.4 ms（超过一个控制周期 5.0 ms）
2026-08-07 16:16:27,517 WARNING robot.realtime.clock [robot-continuous-jog] clock.py:107 | jog-cartesian 循环滞后 27.6 ms（超过一个控制周期 5.0 ms）
2026-08-07 16:16:27,520 WARNING robot.realtime.clock [robot-continuous-jog] clock.py:107 | jog-cartesian 循环滞后 25.6 ms（超过一个控制周期 5.0 ms）
2026-08-07 16:16:27,523 WARNING robot.realtime.clock [robot-continuous-jog] clock.py:107 | jog-cartesian 循环滞后 23.6 ms（超过一个控制周期 5.0 ms）
2026-08-07 16:16:27,526 WARNING robot.realtime.clock [robot-continuous-jog] clock.py:107 | jog-cartesian 循环滞后 21.1 ms（超过一个控制周期 5.0 ms）
2026-08-07 16:16:27,528 WARNING robot.realtime.clock [robot-continuous-jog] clock.py:107 | jog-cartesian 循环滞后 18.1 ms（超过一个控制周期 5.0 ms）
2026-08-07 16:16:27,530 WARNING robot.realtime.clock [robot-continuous-jog] clock.py:107 | jog-cartesian 循环滞后 15.5 ms（超过一个控制周期 5.0 ms）
2026-08-07 16:16:27,532 WARNING robot.realtime.clock [robot-continuous-jog] clock.py:107 | jog-cartesian 循环滞后 12.4 ms（超过一个控制周期 5.0 ms）
2026-08-07 16:16:27,534 WARNING robot.realtime.clock [robot-continuous-jog] clock.py:107 | jog-cartesian 循环滞后 9.6 ms（超过一个控制周期 5.0 ms）
2026-08-07 16:16:27,540 WARNING robot.realtime.clock [robot-continuous-jog] clock.py:107 | jog-cartesian 循环滞后 10.0 ms（超过一个控制周期 5.0 ms）
2026-08-07 16:16:27,543 WARNING robot.realtime.clock [robot-continuous-jog] clock.py:107 | jog-cartesian 循环滞后 8.2 ms（超过一个控制周期 5.0 ms）
2026-08-07 16:16:27,547 WARNING robot.realtime.clock [robot-continuous-jog] clock.py:107 | jog-cartesian 循环滞后 7.6 ms（超过一个控制周期 5.0 ms）
2026-08-07 16:16:27,552 WARNING robot.realtime.clock [robot-continuous-jog] clock.py:107 | jog-cartesian 循环滞后 7.7 ms（超过一个控制周期 5.0 ms）
2026-08-07 16:16:27,556 WARNING robot.realtime.clock [robot-continuous-jog] clock.py:107 | jog-cartesian 循环滞后 5.9 ms（超过一个控制周期 5.0 ms）
2026-08-07 16:16:27,681 WARNING robot.realtime.clock [robot-continuous-jog] clock.py:107 | jog-cartesian 循环滞后 15.8 ms（超过一个控制周期 5.0 ms）
2026-08-07 16:16:27,693 WARNING robot.realtime.clock [robot-continuous-jog] clock.py:107 | jog-cartesian 循环滞后 22.7 ms（超过一个控制周期 5.0 ms）
2026-08-07 16:16:27,700 WARNING robot.realtime.clock [robot-continuous-jog] clock.py:107 | jog-cartesian 循环滞后 25.5 ms（超过一个控制周期 5.0 ms）
2026-08-07 16:16:27,713 WARNING robot.realtime.clock [robot-continuous-jog] clock.py:107 | jog-cartesian 循环滞后 33.1 ms（超过一个控制周期 5.0 ms）
2026-08-07 16:16:27,720 WARNING robot.realtime.clock [robot-continuous-jog] clock.py:107 | jog-cartesian 循环滞后 35.4 ms（超过一个控制周期 5.0 ms）
2026-08-07 16:16:27,733 WARNING robot.realtime.clock [robot-continuous-jog] clock.py:107 | jog-cartesian 循环滞后 43.5 ms（超过一个控制周期 5.0 ms）
2026-08-07 16:16:27,745 WARNING robot.realtime.clock [robot-continuous-jog] clock.py:107 | jog-cartesian 循环滞后 50.2 ms（超过一个控制周期 5.0 ms）
2026-08-07 16:16:27,749 WARNING robot.realtime.clock [robot-continuous-jog] clock.py:107 | jog-cartesian 循环滞后 49.2 ms（超过一个控制周期 5.0 ms）
2026-08-07 16:16:27,752 WARNING robot.realtime.clock [robot-continuous-jog] clock.py:107 | jog-cartesian 循环滞后 47.0 ms（超过一个控制周期 5.0 ms）
2026-08-07 16:16:27,756 WARNING robot.realtime.clock [robot-continuous-jog] clock.py:107 | jog-cartesian 循环滞后 46.2 ms（超过一个控制周期 5.0 ms）
2026-08-07 16:16:27,761 WARNING robot.realtime.clock [robot-continuous-jog] clock.py:107 | jog-cartesian 循环滞后 46.0 ms（超过一个控制周期 5.0 ms）
2026-08-07 16:16:27,766 WARNING robot.realtime.clock [robot-continuous-jog] clock.py:107 | jog-cartesian 循环滞后 46.0 ms（超过一个控制周期 5.0 ms）
2026-08-07 16:16:27,769 WARNING robot.realtime.clock [robot-continuous-jog] clock.py:107 | jog-cartesian 循环滞后 44.7 ms（超过一个控制周期 5.0 ms）
2026-08-07 16:16:27,775 WARNING robot.realtime.clock [robot-continuous-jog] clock.py:107 | jog-cartesian 循环滞后 45.3 ms（超过一个控制周期 5.0 ms）
2026-08-07 16:16:27,777 WARNING robot.realtime.clock [robot-continuous-jog] clock.py:107 | jog-cartesian 循环滞后 42.6 ms（超过一个控制周期 5.0 ms）
2026-08-07 16:16:27,779 WARNING robot.realtime.clock [robot-continuous-jog] clock.py:107 | jog-cartesian 循环滞后 39.2 ms（超过一个控制周期 5.0 ms）
2026-08-07 16:16:27,781 WARNING robot.realtime.clock [robot-continuous-jog] clock.py:107 | jog-cartesian 循环滞后 35.9 ms（超过一个控制周期 5.0 ms）
2026-08-07 16:16:27,782 WARNING robot.realtime.clock [robot-continuous-jog] clock.py:107 | jog-cartesian 循环滞后 32.3 ms（超过一个控制周期 5.0 ms）
2026-08-07 16:16:27,784 WARNING robot.realtime.clock [robot-continuous-jog] clock.py:107 | jog-cartesian 循环滞后 29.0 ms（超过一个控制周期 5.0 ms）
2026-08-07 16:16:27,786 WARNING robot.realtime.clock [robot-continuous-jog] clock.py:107 | jog-cartesian 循环滞后 26.1 ms（超过一个控制周期 5.0 ms）
2026-08-07 16:16:27,788 WARNING robot.realtime.clock [robot-continuous-jog] clock.py:107 | jog-cartesian 循环滞后 23.5 ms（超过一个控制周期 5.0 ms）
2026-08-07 16:16:27,791 WARNING robot.realtime.clock [robot-continuous-jog] clock.py:107 | jog-cartesian 循环滞后 21.6 ms（超过一个控制周期 5.0 ms）
2026-08-07 16:16:27,795 WARNING robot.realtime.clock [robot-continuous-jog] clock.py:107 | jog-cartesian 循环滞后 19.7 ms（超过一个控制周期 5.0 ms）
2026-08-07 16:16:27,797 WARNING robot.realtime.clock [robot-continuous-jog] clock.py:107 | jog-cartesian 循环滞后 17.6 ms（超过一个控制周期 5.0 ms）
2026-08-07 16:16:27,801 WARNING robot.realtime.clock [robot-continuous-jog] clock.py:107 | jog-cartesian 循环滞后 16.6 ms（超过一个控制周期 5.0 ms）
2026-08-07 16:16:27,805 WARNING robot.realtime.clock [robot-continuous-jog] clock.py:107 | jog-cartesian 循环滞后 14.7 ms（超过一个控制周期 5.0 ms）
2026-08-07 16:16:27,817 WARNING robot.realtime.clock [robot-continuous-jog] clock.py:107 | jog-cartesian 循环滞后 21.9 ms（超过一个控制周期 5.0 ms）
2026-08-07 16:16:27,823 WARNING robot.realtime.clock [robot-continuous-jog] clock.py:107 | jog-cartesian 循环滞后 23.3 ms（超过一个控制周期 5.0 ms）
2026-08-07 16:16:27,830 WARNING robot.realtime.clock [robot-continuous-jog] clock.py:107 | jog-cartesian 循环滞后 25.4 ms（超过一个控制周期 5.0 ms）
2026-08-07 16:16:27,852 WARNING robot.realtime.clock [robot-continuous-jog] clock.py:107 | jog-cartesian 循环滞后 42.2 ms（超过一个控制周期 5.0 ms）
2026-08-07 16:16:27,860 WARNING robot.realtime.clock [robot-continuous-jog] clock.py:107 | jog-cartesian 循环滞后 45.3 ms（超过一个控制周期 5.0 ms）
2026-08-07 16:16:27,867 WARNING robot.realtime.clock [robot-continuous-jog] clock.py:107 | jog-cartesian 循环滞后 47.5 ms（超过一个控制周期 5.0 ms）
2026-08-07 16:16:27,871 WARNING robot.realtime.clock [robot-continuous-jog] clock.py:107 | jog-cartesian 循环滞后 45.9 ms（超过一个控制周期 5.0 ms）
2026-08-07 16:16:27,876 WARNING robot.realtime.clock [robot-continuous-jog] clock.py:107 | jog-cartesian 循环滞后 46.3 ms（超过一个控制周期 5.0 ms）
2026-08-07 16:16:27,880 WARNING robot.realtime.clock [robot-continuous-jog] clock.py:107 | jog-cartesian 循环滞后 45.7 ms（超过一个控制周期 5.0 ms）
2026-08-07 16:16:27,885 WARNING robot.realtime.clock [robot-continuous-jog] clock.py:107 | jog-cartesian 循环滞后 45.3 ms（超过一个控制周期 5.0 ms）
2026-08-07 16:16:27,891 WARNING robot.realtime.clock [robot-continuous-jog] clock.py:107 | jog-cartesian 循环滞后 45.8 ms（超过一个控制周期 5.0 ms）
2026-08-07 16:16:27,898 WARNING robot.realtime.clock [robot-continuous-jog] clock.py:107 | jog-cartesian 循环滞后 48.2 ms（超过一个控制周期 5.0 ms）
2026-08-07 16:16:27,905 WARNING robot.realtime.clock [robot-continuous-jog] clock.py:107 | jog-cartesian 循环滞后 50.0 ms（超过一个控制周期 5.0 ms）
2026-08-07 16:16:27,915 WARNING robot.realtime.clock [robot-continuous-jog] clock.py:107 | jog-cartesian 循环滞后 55.4 ms（超过一个控制周期 5.0 ms）
2026-08-07 16:16:27,918 WARNING robot.realtime.clock [robot-continuous-jog] clock.py:107 | jog-cartesian 循环滞后 53.6 ms（超过一个控制周期 5.0 ms）
2026-08-07 16:16:27,921 WARNING robot.realtime.clock [robot-continuous-jog] clock.py:107 | jog-cartesian 循环滞后 51.1 ms（超过一个控制周期 5.0 ms）
2026-08-07 16:16:27,923 WARNING robot.realtime.clock [robot-continuous-jog] clock.py:107 | jog-cartesian 循环滞后 48.3 ms（超过一个控制周期 5.0 ms）
2026-08-07 16:16:27,925 WARNING robot.realtime.clock [robot-continuous-jog] clock.py:107 | jog-cartesian 循环滞后 45.1 ms（超过一个控制周期 5.0 ms）
2026-08-07 16:16:27,927 WARNING robot.realtime.clock [robot-continuous-jog] clock.py:107 | jog-cartesian 循环滞后 41.8 ms（超过一个控制周期 5.0 ms）
2026-08-07 16:16:27,928 WARNING robot.realtime.clock [robot-continuous-jog] clock.py:107 | jog-cartesian 循环滞后 38.5 ms（超过一个控制周期 5.0 ms）
2026-08-07 16:16:27,930 WARNING robot.realtime.clock [robot-continuous-jog] clock.py:107 | jog-cartesian 循环滞后 35.0 ms（超过一个控制周期 5.0 ms）
2026-08-07 16:16:27,931 WARNING robot.realtime.clock [robot-continuous-jog] clock.py:107 | jog-cartesian 循环滞后 31.5 ms（超过一个控制周期 5.0 ms）
2026-08-07 16:16:27,933 WARNING robot.realtime.clock [robot-continuous-jog] clock.py:107 | jog-cartesian 循环滞后 28.1 ms（超过一个控制周期 5.0 ms）
2026-08-07 16:16:27,935 WARNING robot.realtime.clock [robot-continuous-jog] clock.py:107 | jog-cartesian 循环滞后 25.1 ms（超过一个控制周期 5.0 ms）
2026-08-07 16:16:27,937 WARNING robot.realtime.clock [robot-continuous-jog] clock.py:107 | jog-cartesian 循环滞后 22.6 ms（超过一个控制周期 5.0 ms）
2026-08-07 16:16:27,941 WARNING robot.realtime.clock [robot-continuous-jog] clock.py:107 | jog-cartesian 循环滞后 20.9 ms（超过一个控制周期 5.0 ms）
2026-08-07 16:16:27,948 WARNING robot.realtime.clock [robot-continuous-jog] clock.py:107 | jog-cartesian 循环滞后 23.0 ms（超过一个控制周期 5.0 ms）
2026-08-07 16:16:27,952 WARNING robot.realtime.clock [robot-continuous-jog] clock.py:107 | jog-cartesian 循环滞后 21.9 ms（超过一个控制周期 5.0 ms）
2026-08-07 16:16:27,955 WARNING robot.realtime.clock [robot-continuous-jog] clock.py:107 | jog-cartesian 循环滞后 20.5 ms（超过一个控制周期 5.0 ms）
2026-08-07 16:16:27,958 WARNING robot.realtime.clock [robot-continuous-jog] clock.py:107 | jog-cartesian 循环滞后 18.5 ms（超过一个控制周期 5.0 ms）
2026-08-07 16:16:27,961 WARNING robot.realtime.clock [robot-continuous-jog] clock.py:107 | jog-cartesian 循环滞后 16.2 ms（超过一个控制周期 5.0 ms）
2026-08-07 16:16:27,964 WARNING robot.realtime.clock [robot-continuous-jog] clock.py:107 | jog-cartesian 循环滞后 14.2 ms（超过一个控制周期 5.0 ms）
2026-08-07 16:16:27,968 WARNING robot.realtime.clock [robot-continuous-jog] clock.py:107 | jog-cartesian 循环滞后 13.6 ms（超过一个控制周期 5.0 ms）
2026-08-07 16:16:27,981 WARNING robot.realtime.clock [robot-continuous-jog] clock.py:107 | jog-cartesian 循环滞后 21.2 ms（超过一个控制周期 5.0 ms）
2026-08-07 16:16:27,987 WARNING robot.realtime.clock [robot-continuous-jog] clock.py:107 | jog-cartesian 循环滞后 22.1 ms（超过一个控制周期 5.0 ms）
2026-08-07 16:16:27,993 WARNING robot.realtime.clock [robot-continuous-jog] clock.py:107 | jog-cartesian 循环滞后 22.8 ms（超过一个控制周期 5.0 ms）
2026-08-07 16:16:27,997 WARNING robot.realtime.clock [robot-continuous-jog] clock.py:107 | jog-cartesian 循环滞后 22.3 ms（超过一个控制周期 5.0 ms）
2026-08-07 16:16:28,001 WARNING robot.realtime.clock [robot-continuous-jog] clock.py:107 | jog-cartesian 循环滞后 21.0 ms（超过一个控制周期 5.0 ms）
2026-08-07 16:16:28,003 WARNING robot.realtime.clock [robot-continuous-jog] clock.py:107 | jog-cartesian 循环滞后 18.2 ms（超过一个控制周期 5.0 ms）
2026-08-07 16:16:28,006 WARNING robot.realtime.clock [robot-continuous-jog] clock.py:107 | jog-cartesian 循环滞后 15.9 ms（超过一个控制周期 5.0 ms）
2026-08-07 16:16:28,008 WARNING robot.realtime.clock [robot-continuous-jog] clock.py:107 | jog-cartesian 循环滞后 13.3 ms（超过一个控制周期 5.0 ms）
2026-08-07 16:16:28,013 WARNING robot.realtime.clock [robot-continuous-jog] clock.py:107 | jog-cartesian 循环滞后 13.0 ms（超过一个控制周期 5.0 ms）
2026-08-07 16:16:28,015 WARNING robot.realtime.clock [robot-continuous-jog] clock.py:107 | jog-cartesian 循环滞后 10.0 ms（超过一个控制周期 5.0 ms）
2026-08-07 16:16:28,017 WARNING robot.realtime.clock [robot-continuous-jog] clock.py:107 | jog-cartesian 循环滞后 6.8 ms（超过一个控制周期 5.0 ms）
2026-08-07 16:16:28,095 WARNING robot.realtime.clock [robot-continuous-jog] clock.py:107 | jog-cartesian 循环滞后 20.6 ms（超过一个控制周期 5.0 ms）
2026-08-07 16:16:28,103 WARNING robot.realtime.clock [robot-continuous-jog] clock.py:107 | jog-cartesian 循环滞后 23.6 ms（超过一个控制周期 5.0 ms）
2026-08-07 16:16:28,120 WARNING robot.realtime.clock [robot-continuous-jog] clock.py:107 | jog-cartesian 循环滞后 34.8 ms（超过一个控制周期 5.0 ms）
2026-08-07 16:16:28,124 WARNING robot.realtime.clock [robot-continuous-jog] clock.py:107 | jog-cartesian 循环滞后 34.0 ms（超过一个控制周期 5.0 ms）
2026-08-07 16:16:28,129 WARNING robot.realtime.clock [robot-continuous-jog] clock.py:107 | jog-cartesian 循环滞后 34.2 ms（超过一个控制周期 5.0 ms）
2026-08-07 16:16:28,135 WARNING robot.realtime.clock [robot-continuous-jog] clock.py:107 | jog-cartesian 循环滞后 35.7 ms（超过一个控制周期 5.0 ms）
2026-08-07 16:16:28,139 WARNING robot.realtime.clock [robot-continuous-jog] clock.py:107 | jog-cartesian 循环滞后 34.3 ms（超过一个控制周期 5.0 ms）
2026-08-07 16:16:28,142 WARNING robot.realtime.clock [robot-continuous-jog] clock.py:107 | jog-cartesian 循环滞后 31.9 ms（超过一个控制周期 5.0 ms）
2026-08-07 16:16:28,143 WARNING robot.realtime.clock [robot-continuous-jog] clock.py:107 | jog-cartesian 循环滞后 28.7 ms（超过一个控制周期 5.0 ms）
2026-08-07 16:16:28,145 WARNING robot.realtime.clock [robot-continuous-jog] clock.py:107 | jog-cartesian 循环滞后 25.1 ms（超过一个控制周期 5.0 ms）
2026-08-07 16:16:28,149 WARNING robot.realtime.clock [robot-continuous-jog] clock.py:107 | jog-cartesian 循环滞后 24.1 ms（超过一个控制周期 5.0 ms）
2026-08-07 16:16:28,154 WARNING robot.realtime.clock [robot-continuous-jog] clock.py:107 | jog-cartesian 循环滞后 24.2 ms（超过一个控制周期 5.0 ms）
2026-08-07 16:16:28,160 WARNING robot.realtime.clock [robot-continuous-jog] clock.py:107 | jog-cartesian 循环滞后 25.4 ms（超过一个控制周期 5.0 ms）
2026-08-07 16:16:28,168 WARNING robot.realtime.clock [robot-continuous-jog] clock.py:107 | jog-cartesian 循环滞后 28.1 ms（超过一个控制周期 5.0 ms）
2026-08-07 16:16:28,173 WARNING robot.realtime.clock [robot-continuous-jog] clock.py:107 | jog-cartesian 循环滞后 28.7 ms（超过一个控制周期 5.0 ms）
2026-08-07 16:16:28,177 WARNING robot.realtime.clock [robot-continuous-jog] clock.py:107 | jog-cartesian 循环滞后 27.2 ms（超过一个控制周期 5.0 ms）
2026-08-07 16:16:28,187 WARNING robot.realtime.clock [robot-continuous-jog] clock.py:107 | jog-cartesian 循环滞后 32.6 ms（超过一个控制周期 5.0 ms）
2026-08-07 16:16:28,190 WARNING robot.realtime.clock [robot-continuous-jog] clock.py:107 | jog-cartesian 循环滞后 30.1 ms（超过一个控制周期 5.0 ms）
2026-08-07 16:16:28,192 WARNING robot.realtime.clock [robot-continuous-jog] clock.py:107 | jog-cartesian 循环滞后 27.6 ms（超过一个控制周期 5.0 ms）
2026-08-07 16:16:28,196 WARNING robot.realtime.clock [robot-continuous-jog] clock.py:107 | jog-cartesian 循环滞后 26.3 ms（超过一个控制周期 5.0 ms）
2026-08-07 16:16:28,200 WARNING robot.realtime.clock [robot-continuous-jog] clock.py:107 | jog-cartesian 循环滞后 25.4 ms（超过一个控制周期 5.0 ms）
2026-08-07 16:16:28,203 WARNING robot.realtime.clock [robot-continuous-jog] clock.py:107 | jog-cartesian 循环滞后 23.7 ms（超过一个控制周期 5.0 ms）
2026-08-07 16:16:28,207 WARNING robot.realtime.clock [robot-continuous-jog] clock.py:107 | jog-cartesian 循环滞后 21.9 ms（超过一个控制周期 5.0 ms）
2026-08-07 16:16:28,209 WARNING robot.realtime.clock [robot-continuous-jog] clock.py:107 | jog-cartesian 循环滞后 19.7 ms（超过一个控制周期 5.0 ms）
2026-08-07 16:16:28,215 WARNING robot.realtime.clock [robot-continuous-jog] clock.py:107 | jog-cartesian 循环滞后 19.8 ms（超过一个控制周期 5.0 ms）
2026-08-07 16:16:28,221 WARNING robot.realtime.clock [robot-continuous-jog] clock.py:107 | jog-cartesian 循环滞后 20.8 ms（超过一个控制周期 5.0 ms）
2026-08-07 16:16:28,225 WARNING robot.realtime.clock [robot-continuous-jog] clock.py:107 | jog-cartesian 循环滞后 20.4 ms（超过一个控制周期 5.0 ms）
2026-08-07 16:16:28,230 WARNING robot.realtime.clock [robot-continuous-jog] clock.py:107 | jog-cartesian 循环滞后 20.6 ms（超过一个控制周期 5.0 ms）
2026-08-07 16:16:28,236 WARNING robot.realtime.clock [robot-continuous-jog] clock.py:107 | jog-cartesian 循环滞后 20.9 ms（超过一个控制周期 5.0 ms）
2026-08-07 16:16:28,240 WARNING robot.realtime.clock [robot-continuous-jog] clock.py:107 | jog-cartesian 循环滞后 20.1 ms（超过一个控制周期 5.0 ms）
2026-08-07 16:16:28,243 WARNING robot.realtime.clock [robot-continuous-jog] clock.py:107 | jog-cartesian 循环滞后 18.6 ms（超过一个控制周期 5.0 ms）
2026-08-07 16:16:28,249 WARNING robot.realtime.clock [robot-continuous-jog] clock.py:107 | jog-cartesian 循环滞后 19.3 ms（超过一个控制周期 5.0 ms）
2026-08-07 16:16:28,256 WARNING robot.realtime.clock [robot-continuous-jog] clock.py:107 | jog-cartesian 循环滞后 21.0 ms（超过一个控制周期 5.0 ms）
2026-08-07 16:16:28,258 WARNING robot.realtime.clock [robot-continuous-jog] clock.py:107 | jog-cartesian 循环滞后 18.7 ms（超过一个控制周期 5.0 ms）
2026-08-07 16:16:28,260 WARNING robot.realtime.clock [robot-continuous-jog] clock.py:107 | jog-cartesian 循环滞后 15.6 ms（超过一个控制周期 5.0 ms）
2026-08-07 16:16:28,263 WARNING robot.realtime.clock [robot-continuous-jog] clock.py:107 | jog-cartesian 循环滞后 12.8 ms（超过一个控制周期 5.0 ms）
2026-08-07 16:16:28,266 WARNING robot.realtime.clock [robot-continuous-jog] clock.py:107 | jog-cartesian 循环滞后 11.5 ms（超过一个控制周期 5.0 ms）
2026-08-07 16:16:28,270 WARNING robot.realtime.clock [robot-continuous-jog] clock.py:107 | jog-cartesian 循环滞后 10.3 ms（超过一个控制周期 5.0 ms）
2026-08-07 16:16:28,273 WARNING robot.realtime.clock [robot-continuous-jog] clock.py:107 | jog-cartesian 循环滞后 8.3 ms（超过一个控制周期 5.0 ms）
2026-08-07 16:16:28,276 WARNING robot.realtime.clock [robot-continuous-jog] clock.py:107 | jog-cartesian 循环滞后 6.0 ms（超过一个控制周期 5.0 ms）
2026-08-07 16:16:28,322 WARNING robot.realtime.clock [robot-continuous-jog] clock.py:107 | jog-cartesian 循环滞后 7.4 ms（超过一个控制周期 5.0 ms）
2026-08-07 16:16:28,329 WARNING robot.realtime.clock [robot-continuous-jog] clock.py:107 | jog-cartesian 循环滞后 8.9 ms（超过一个控制周期 5.0 ms）
2026-08-07 16:16:28,336 WARNING robot.realtime.clock [robot-continuous-jog] clock.py:107 | jog-cartesian 循环滞后 11.3 ms（超过一个控制周期 5.0 ms）
2026-08-07 16:16:28,341 WARNING robot.realtime.clock [robot-continuous-jog] clock.py:107 | jog-cartesian 循环滞后 11.2 ms（超过一个控制周期 5.0 ms）
2026-08-07 16:16:28,358 WARNING robot.realtime.clock [robot-continuous-jog] clock.py:107 | jog-cartesian 循环滞后 22.8 ms（超过一个控制周期 5.0 ms）
2026-08-07 16:16:28,370 WARNING robot.realtime.clock [robot-continuous-jog] clock.py:107 | jog-cartesian 循环滞后 30.4 ms（超过一个控制周期 5.0 ms）
2026-08-07 16:16:28,378 WARNING robot.realtime.clock [robot-continuous-jog] clock.py:107 | jog-cartesian 循环滞后 32.7 ms（超过一个控制周期 5.0 ms）
2026-08-07 16:16:28,388 WARNING robot.realtime.clock [robot-continuous-jog] clock.py:107 | jog-cartesian 循环滞后 38.3 ms（超过一个控制周期 5.0 ms）
2026-08-07 16:16:28,395 WARNING robot.realtime.clock [robot-continuous-jog] clock.py:107 | jog-cartesian 循环滞后 40.3 ms（超过一个控制周期 5.0 ms）
2026-08-07 16:16:28,404 WARNING robot.realtime.clock [robot-continuous-jog] clock.py:107 | jog-cartesian 循环滞后 44.3 ms（超过一个控制周期 5.0 ms）
2026-08-07 16:16:28,409 WARNING robot.realtime.clock [robot-continuous-jog] clock.py:107 | jog-cartesian 循环滞后 44.4 ms（超过一个控制周期 5.0 ms）
2026-08-07 16:16:28,415 WARNING robot.realtime.clock [robot-continuous-jog] clock.py:107 | jog-cartesian 循环滞后 45.5 ms（超过一个控制周期 5.0 ms）
2026-08-07 16:16:28,439 WARNING robot.realtime.clock [robot-continuous-jog] clock.py:107 | jog-cartesian 循环滞后 64.0 ms（超过一个控制周期 5.0 ms）
2026-08-07 16:16:28,447 WARNING robot.realtime.clock [robot-continuous-jog] clock.py:107 | jog-cartesian 循环滞后 67.5 ms（超过一个控制周期 5.0 ms）
2026-08-07 16:16:28,455 WARNING robot.realtime.clock [robot-continuous-jog] clock.py:107 | jog-cartesian 循环滞后 70.1 ms（超过一个控制周期 5.0 ms）
2026-08-07 16:16:28,460 WARNING robot.realtime.clock [robot-continuous-jog] clock.py:107 | jog-cartesian 循环滞后 70.0 ms（超过一个控制周期 5.0 ms）
2026-08-07 16:16:28,467 WARNING robot.realtime.clock [robot-continuous-jog] clock.py:107 | jog-cartesian 循环滞后 72.2 ms（超过一个控制周期 5.0 ms）
2026-08-07 16:16:28,472 WARNING robot.realtime.clock [robot-continuous-jog] clock.py:107 | jog-cartesian 循环滞后 72.2 ms（超过一个控制周期 5.0 ms）
2026-08-07 16:16:28,475 WARNING robot.realtime.clock [robot-continuous-jog] clock.py:107 | jog-cartesian 循环滞后 70.7 ms（超过一个控制周期 5.0 ms）
2026-08-07 16:16:28,478 WARNING robot.realtime.clock [robot-continuous-jog] clock.py:107 | jog-cartesian 循环滞后 68.5 ms（超过一个控制周期 5.0 ms）
2026-08-07 16:16:28,482 WARNING robot.realtime.clock [robot-continuous-jog] clock.py:107 | jog-cartesian 循环滞后 67.0 ms（超过一个控制周期 5.0 ms）
2026-08-07 16:16:28,487 WARNING robot.realtime.clock [robot-continuous-jog] clock.py:107 | jog-cartesian 循环滞后 66.7 ms（超过一个控制周期 5.0 ms）
2026-08-07 16:16:28,489 WARNING robot.realtime.clock [robot-continuous-jog] clock.py:107 | jog-cartesian 循环滞后 63.8 ms（超过一个控制周期 5.0 ms）
2026-08-07 16:16:28,491 WARNING robot.realtime.clock [robot-continuous-jog] clock.py:107 | jog-cartesian 循环滞后 60.8 ms（超过一个控制周期 5.0 ms）
2026-08-07 16:16:28,493 WARNING robot.realtime.clock [robot-continuous-jog] clock.py:107 | jog-cartesian 循环滞后 57.7 ms（超过一个控制周期 5.0 ms）
2026-08-07 16:16:28,494 WARNING robot.realtime.clock [robot-continuous-jog] clock.py:107 | jog-cartesian 循环滞后 54.5 ms（超过一个控制周期 5.0 ms）
2026-08-07 16:16:28,496 WARNING robot.realtime.clock [robot-continuous-jog] clock.py:107 | jog-cartesian 循环滞后 51.4 ms（超过一个控制周期 5.0 ms）
2026-08-07 16:16:28,498 WARNING robot.realtime.clock [robot-continuous-jog] clock.py:107 | jog-cartesian 循环滞后 48.4 ms（超过一个控制周期 5.0 ms）
2026-08-07 16:16:28,500 WARNING robot.realtime.clock [robot-continuous-jog] clock.py:107 | jog-cartesian 循环滞后 45.1 ms（超过一个控制周期 5.0 ms）
2026-08-07 16:16:28,502 WARNING robot.realtime.clock [robot-continuous-jog] clock.py:107 | jog-cartesian 循环滞后 41.9 ms（超过一个控制周期 5.0 ms）
2026-08-07 16:16:28,503 WARNING robot.realtime.clock [robot-continuous-jog] clock.py:107 | jog-cartesian 循环滞后 38.4 ms（超过一个控制周期 5.0 ms）
2026-08-07 16:16:28,505 WARNING robot.realtime.clock [robot-continuous-jog] clock.py:107 | jog-cartesian 循环滞后 34.9 ms（超过一个控制周期 5.0 ms）
2026-08-07 16:16:28,506 WARNING robot.realtime.clock [robot-continuous-jog] clock.py:107 | jog-cartesian 循环滞后 31.5 ms（超过一个控制周期 5.0 ms）
2026-08-07 16:16:28,508 WARNING robot.realtime.clock [robot-continuous-jog] clock.py:107 | jog-cartesian 循环滞后 28.0 ms（超过一个控制周期 5.0 ms）
2026-08-07 16:16:28,509 WARNING robot.realtime.clock [robot-continuous-jog] clock.py:107 | jog-cartesian 循环滞后 24.5 ms（超过一个控制周期 5.0 ms）
2026-08-07 16:16:28,511 WARNING robot.realtime.clock [robot-continuous-jog] clock.py:107 | jog-cartesian 循环滞后 21.1 ms（超过一个控制周期 5.0 ms）
2026-08-07 16:16:28,513 WARNING robot.realtime.clock [robot-continuous-jog] clock.py:107 | jog-cartesian 循环滞后 17.8 ms（超过一个控制周期 5.0 ms）
2026-08-07 16:16:28,515 WARNING robot.realtime.clock [robot-continuous-jog] clock.py:107 | jog-cartesian 循环滞后 14.8 ms（超过一个控制周期 5.0 ms）
2026-08-07 16:16:28,516 WARNING robot.realtime.clock [robot-continuous-jog] clock.py:107 | jog-cartesian 循环滞后 11.5 ms（超过一个控制周期 5.0 ms）
2026-08-07 16:16:28,520 WARNING robot.realtime.clock [robot-continuous-jog] clock.py:107 | jog-cartesian 循环滞后 9.9 ms（超过一个控制周期 5.0 ms）
2026-08-07 16:16:28,521 WARNING robot.realtime.clock [robot-continuous-jog] clock.py:107 | jog-cartesian 循环滞后 6.5 ms（超过一个控制周期 5.0 ms）
2026-08-07 16:16:28,726 WARNING robot.realtime.clock [robot-continuous-jog] clock.py:107 | jog-cartesian 循环滞后 6.6 ms（超过一个控制周期 5.0 ms）
2026-08-07 16:16:28,734 WARNING robot.realtime.clock [robot-continuous-jog] clock.py:107 | jog-cartesian 循环滞后 9.1 ms（超过一个控制周期 5.0 ms）
2026-08-07 16:16:28,740 WARNING robot.realtime.clock [robot-continuous-jog] clock.py:107 | jog-cartesian 循环滞后 10.6 ms（超过一个控制周期 5.0 ms）
2026-08-07 16:16:28,744 WARNING robot.realtime.clock [robot-continuous-jog] clock.py:107 | jog-cartesian 循环滞后 9.5 ms（超过一个控制周期 5.0 ms）
2026-08-07 16:16:28,748 WARNING robot.realtime.clock [robot-continuous-jog] clock.py:107 | jog-cartesian 循环滞后 7.8 ms（超过一个控制周期 5.0 ms）
2026-08-07 16:16:28,750 WARNING robot.realtime.clock [robot-continuous-jog] clock.py:107 | jog-cartesian 循环滞后 5.3 ms（超过一个控制周期 5.0 ms）
2026-08-07 16:16:28,831 WARNING robot.realtime.clock [robot-continuous-jog] clock.py:107 | jog-cartesian 循环滞后 10.9 ms（超过一个控制周期 5.0 ms）
2026-08-07 16:16:28,840 WARNING robot.realtime.clock [robot-continuous-jog] clock.py:107 | jog-cartesian 循环滞后 14.7 ms（超过一个控制周期 5.0 ms）
2026-08-07 16:16:28,847 WARNING robot.realtime.clock [robot-continuous-jog] clock.py:107 | jog-cartesian 循环滞后 17.4 ms（超过一个控制周期 5.0 ms）
2026-08-07 16:16:28,862 WARNING robot.realtime.clock [robot-continuous-jog] clock.py:107 | jog-cartesian 循环滞后 27.1 ms（超过一个控制周期 5.0 ms）
2026-08-07 16:16:28,871 WARNING robot.realtime.clock [robot-continuous-jog] clock.py:107 | jog-cartesian 循环滞后 31.0 ms（超过一个控制周期 5.0 ms）
2026-08-07 16:16:28,879 WARNING robot.realtime.clock [robot-continuous-jog] clock.py:107 | jog-cartesian 循环滞后 33.8 ms（超过一个控制周期 5.0 ms）
2026-08-07 16:16:28,894 WARNING robot.realtime.clock [robot-continuous-jog] clock.py:107 | jog-cartesian 循环滞后 43.7 ms（超过一个控制周期 5.0 ms）
2026-08-07 16:16:28,902 WARNING robot.realtime.clock [robot-continuous-jog] clock.py:107 | jog-cartesian 循环滞后 46.9 ms（超过一个控制周期 5.0 ms）
2026-08-07 16:16:28,910 WARNING robot.realtime.clock [robot-continuous-jog] clock.py:107 | jog-cartesian 循环滞后 50.2 ms（超过一个控制周期 5.0 ms）
2026-08-07 16:16:28,917 WARNING robot.realtime.clock [robot-continuous-jog] clock.py:107 | jog-cartesian 循环滞后 52.1 ms（超过一个控制周期 5.0 ms）
2026-08-07 16:16:28,928 WARNING robot.realtime.clock [robot-continuous-jog] clock.py:107 | jog-cartesian 循环滞后 58.0 ms（超过一个控制周期 5.0 ms）
2026-08-07 16:16:28,936 WARNING robot.realtime.clock [robot-continuous-jog] clock.py:107 | jog-cartesian 循环滞后 60.7 ms（超过一个控制周期 5.0 ms）
2026-08-07 16:16:28,943 WARNING robot.realtime.clock [robot-continuous-jog] clock.py:107 | jog-cartesian 循环滞后 62.9 ms（超过一个控制周期 5.0 ms）
2026-08-07 16:16:28,947 WARNING robot.realtime.clock [robot-continuous-jog] clock.py:107 | jog-cartesian 循环滞后 62.4 ms（超过一个控制周期 5.0 ms）
2026-08-07 16:16:28,953 WARNING robot.realtime.clock [robot-continuous-jog] clock.py:107 | jog-cartesian 循环滞后 62.8 ms（超过一个控制周期 5.0 ms）
2026-08-07 16:16:28,972 WARNING robot.realtime.clock [robot-continuous-jog] clock.py:107 | jog-cartesian 循环滞后 77.2 ms（超过一个控制周期 5.0 ms）
2026-08-07 16:16:28,978 WARNING robot.realtime.clock [robot-continuous-jog] clock.py:107 | jog-cartesian 循环滞后 78.3 ms（超过一个控制周期 5.0 ms）
2026-08-07 16:16:28,982 WARNING robot.realtime.clock [robot-continuous-jog] clock.py:107 | jog-cartesian 循环滞后 76.9 ms（超过一个控制周期 5.0 ms）
2026-08-07 16:16:28,984 WARNING robot.realtime.clock [robot-continuous-jog] clock.py:107 | jog-cartesian 循环滞后 74.4 ms（超过一个控制周期 5.0 ms）
2026-08-07 16:16:28,988 WARNING robot.realtime.clock [robot-continuous-jog] clock.py:107 | jog-cartesian 循环滞后 73.1 ms（超过一个控制周期 5.0 ms）
2026-08-07 16:16:28,994 WARNING robot.realtime.clock [robot-continuous-jog] clock.py:107 | jog-cartesian 循环滞后 74.0 ms（超过一个控制周期 5.0 ms）
2026-08-07 16:16:29,000 WARNING robot.realtime.clock [robot-continuous-jog] clock.py:107 | jog-cartesian 循环滞后 75.2 ms（超过一个控制周期 5.0 ms）
2026-08-07 16:16:29,006 WARNING robot.realtime.clock [robot-continuous-jog] clock.py:107 | jog-cartesian 循环滞后 76.0 ms（超过一个控制周期 5.0 ms）
2026-08-07 16:16:29,010 WARNING robot.realtime.clock [robot-continuous-jog] clock.py:107 | jog-cartesian 循环滞后 74.8 ms（超过一个控制周期 5.0 ms）
2026-08-07 16:16:29,014 WARNING robot.realtime.clock [robot-continuous-jog] clock.py:107 | jog-cartesian 循环滞后 74.2 ms（超过一个控制周期 5.0 ms）
2026-08-07 16:16:29,018 WARNING robot.realtime.clock [robot-continuous-jog] clock.py:107 | jog-cartesian 循环滞后 73.2 ms（超过一个控制周期 5.0 ms）
2026-08-07 16:16:29,024 WARNING robot.realtime.clock [robot-continuous-jog] clock.py:107 | jog-cartesian 循环滞后 74.5 ms（超过一个控制周期 5.0 ms）
2026-08-07 16:16:29,028 WARNING robot.realtime.clock [robot-continuous-jog] clock.py:107 | jog-cartesian 循环滞后 73.2 ms（超过一个控制周期 5.0 ms）
2026-08-07 16:16:29,035 WARNING robot.realtime.clock [robot-continuous-jog] clock.py:107 | jog-cartesian 循环滞后 75.1 ms（超过一个控制周期 5.0 ms）
2026-08-07 16:16:29,041 WARNING robot.realtime.clock [robot-continuous-jog] clock.py:107 | jog-cartesian 循环滞后 76.0 ms（超过一个控制周期 5.0 ms）
2026-08-07 16:16:29,043 WARNING robot.realtime.clock [robot-continuous-jog] clock.py:107 | jog-cartesian 循环滞后 73.4 ms（超过一个控制周期 5.0 ms）
2026-08-07 16:16:29,046 WARNING robot.realtime.clock [robot-continuous-jog] clock.py:107 | jog-cartesian 循环滞后 71.3 ms（超过一个控制周期 5.0 ms）
2026-08-07 16:16:29,050 WARNING robot.realtime.clock [robot-continuous-jog] clock.py:107 | jog-cartesian 循环滞后 70.0 ms（超过一个控制周期 5.0 ms）
2026-08-07 16:16:29,052 WARNING robot.realtime.clock [robot-continuous-jog] clock.py:107 | jog-cartesian 循环滞后 67.6 ms（超过一个控制周期 5.0 ms）
2026-08-07 16:16:29,056 WARNING robot.realtime.clock [robot-continuous-jog] clock.py:107 | jog-cartesian 循环滞后 66.0 ms（超过一个控制周期 5.0 ms）
2026-08-07 16:16:29,061 WARNING robot.realtime.clock [robot-continuous-jog] clock.py:107 | jog-cartesian 循环滞后 66.4 ms（超过一个控制周期 5.0 ms）
2026-08-07 16:16:29,064 WARNING robot.realtime.clock [robot-continuous-jog] clock.py:107 | jog-cartesian 循环滞后 64.5 ms（超过一个控制周期 5.0 ms）
2026-08-07 16:16:29,067 WARNING robot.realtime.clock [robot-continuous-jog] clock.py:107 | jog-cartesian 循环滞后 62.1 ms（超过一个控制周期 5.0 ms）
2026-08-07 16:16:29,069 WARNING robot.realtime.clock [robot-continuous-jog] clock.py:107 | jog-cartesian 循环滞后 59.2 ms（超过一个控制周期 5.0 ms）
2026-08-07 16:16:29,071 WARNING robot.realtime.clock [robot-continuous-jog] clock.py:107 | jog-cartesian 循环滞后 56.2 ms（超过一个控制周期 5.0 ms）
2026-08-07 16:16:29,073 WARNING robot.realtime.clock [robot-continuous-jog] clock.py:107 | jog-cartesian 循环滞后 53.0 ms（超过一个控制周期 5.0 ms）
2026-08-07 16:16:29,074 WARNING robot.realtime.clock [robot-continuous-jog] clock.py:107 | jog-cartesian 循环滞后 49.6 ms（超过一个控制周期 5.0 ms）
2026-08-07 16:16:29,076 WARNING robot.realtime.clock [robot-continuous-jog] clock.py:107 | jog-cartesian 循环滞后 46.3 ms（超过一个控制周期 5.0 ms）
2026-08-07 16:16:29,077 WARNING robot.realtime.clock [robot-continuous-jog] clock.py:107 | jog-cartesian 循环滞后 42.7 ms（超过一个控制周期 5.0 ms）
2026-08-07 16:16:29,080 WARNING robot.realtime.clock [robot-continuous-jog] clock.py:107 | jog-cartesian 循环滞后 39.8 ms（超过一个控制周期 5.0 ms）
2026-08-07 16:16:29,082 WARNING robot.realtime.clock [robot-continuous-jog] clock.py:107 | jog-cartesian 循环滞后 37.4 ms（超过一个控制周期 5.0 ms）
2026-08-07 16:16:29,085 WARNING robot.realtime.clock [robot-continuous-jog] clock.py:107 | jog-cartesian 循环滞后 35.1 ms（超过一个控制周期 5.0 ms）
2026-08-07 16:16:29,088 WARNING robot.realtime.clock [robot-continuous-jog] clock.py:107 | jog-cartesian 循环滞后 32.9 ms（超过一个控制周期 5.0 ms）
2026-08-07 16:16:29,093 WARNING robot.realtime.clock [robot-continuous-jog] clock.py:107 | jog-cartesian 循环滞后 33.7 ms（超过一个控制周期 5.0 ms）
2026-08-07 16:16:29,097 WARNING robot.realtime.clock [robot-continuous-jog] clock.py:107 | jog-cartesian 循环滞后 32.3 ms（超过一个控制周期 5.0 ms）
2026-08-07 16:16:29,100 WARNING robot.realtime.clock [robot-continuous-jog] clock.py:107 | jog-cartesian 循环滞后 30.4 ms（超过一个控制周期 5.0 ms）
2026-08-07 16:16:29,103 WARNING robot.realtime.clock [robot-continuous-jog] clock.py:107 | jog-cartesian 循环滞后 28.3 ms（超过一个控制周期 5.0 ms）
2026-08-07 16:16:29,105 WARNING robot.realtime.clock [robot-continuous-jog] clock.py:107 | jog-cartesian 循环滞后 25.6 ms（超过一个控制周期 5.0 ms）
2026-08-07 16:16:29,108 WARNING robot.realtime.clock [robot-continuous-jog] clock.py:107 | jog-cartesian 循环滞后 23.0 ms（超过一个控制周期 5.0 ms）
2026-08-07 16:16:29,110 WARNING robot.realtime.clock [robot-continuous-jog] clock.py:107 | jog-cartesian 循环滞后 20.0 ms（超过一个控制周期 5.0 ms）
2026-08-07 16:16:29,112 WARNING robot.realtime.clock [robot-continuous-jog] clock.py:107 | jog-cartesian 循环滞后 16.9 ms（超过一个控制周期 5.0 ms）
2026-08-07 16:16:29,114 WARNING robot.realtime.clock [robot-continuous-jog] clock.py:107 | jog-cartesian 循环滞后 13.8 ms（超过一个控制周期 5.0 ms）
2026-08-07 16:16:29,116 WARNING robot.realtime.clock [robot-continuous-jog] clock.py:107 | jog-cartesian 循环滞后 10.9 ms（超过一个控制周期 5.0 ms）
2026-08-07 16:16:29,118 WARNING robot.realtime.clock [robot-continuous-jog] clock.py:107 | jog-cartesian 循环滞后 8.4 ms（超过一个控制周期 5.0 ms）
2026-08-07 16:16:29,121 WARNING robot.realtime.clock [robot-continuous-jog] clock.py:107 | jog-cartesian 循环滞后 6.1 ms（超过一个控制周期 5.0 ms）
2026-08-07 16:16:29,129 WARNING robot.realtime.clock [robot-continuous-jog] clock.py:107 | jog-cartesian 循环滞后 9.2 ms（超过一个控制周期 5.0 ms）
2026-08-07 16:16:29,134 WARNING robot.realtime.clock [robot-continuous-jog] clock.py:107 | jog-cartesian 循环滞后 8.7 ms（超过一个控制周期 5.0 ms）
2026-08-07 16:16:29,136 WARNING robot.realtime.clock [robot-continuous-jog] clock.py:107 | jog-cartesian 循环滞后 6.5 ms（超过一个控制周期 5.0 ms）
2026-08-07 16:16:29,204 WARNING robot.realtime.clock [robot-continuous-jog] clock.py:107 | jog-cartesian 循环滞后 9.5 ms（超过一个控制周期 5.0 ms）
2026-08-07 16:16:29,212 WARNING robot.realtime.clock [robot-continuous-jog] clock.py:107 | jog-cartesian 循环滞后 11.8 ms（超过一个控制周期 5.0 ms）
2026-08-07 16:16:29,216 WARNING robot.realtime.clock [robot-continuous-jog] clock.py:107 | jog-cartesian 循环滞后 11.3 ms（超过一个控制周期 5.0 ms）
2026-08-07 16:16:29,221 WARNING robot.realtime.clock [robot-continuous-jog] clock.py:107 | jog-cartesian 循环滞后 11.4 ms（超过一个控制周期 5.0 ms）
2026-08-07 16:16:29,234 WARNING robot.realtime.clock [robot-continuous-jog] clock.py:107 | jog-cartesian 循环滞后 18.8 ms（超过一个控制周期 5.0 ms）
2026-08-07 16:16:29,239 WARNING robot.realtime.clock [robot-continuous-jog] clock.py:107 | jog-cartesian 循环滞后 18.7 ms（超过一个控制周期 5.0 ms）
2026-08-07 16:16:29,244 WARNING robot.realtime.clock [robot-continuous-jog] clock.py:107 | jog-cartesian 循环滞后 18.8 ms（超过一个控制周期 5.0 ms）
2026-08-07 16:16:29,249 WARNING robot.realtime.clock [robot-continuous-jog] clock.py:107 | jog-cartesian 循环滞后 19.2 ms（超过一个控制周期 5.0 ms）
2026-08-07 16:16:29,254 WARNING robot.realtime.clock [robot-continuous-jog] clock.py:107 | jog-cartesian 循环滞后 18.7 ms（超过一个控制周期 5.0 ms）
2026-08-07 16:16:29,256 WARNING robot.realtime.clock [robot-continuous-jog] clock.py:107 | jog-cartesian 循环滞后 16.5 ms（超过一个控制周期 5.0 ms）
2026-08-07 16:16:29,266 WARNING robot.realtime.clock [robot-continuous-jog] clock.py:107 | jog-cartesian 循环滞后 20.9 ms（超过一个控制周期 5.0 ms）
2026-08-07 16:16:29,271 WARNING robot.realtime.clock [robot-continuous-jog] clock.py:107 | jog-cartesian 循环滞后 20.9 ms（超过一个控制周期 5.0 ms）
2026-08-07 16:16:29,274 WARNING robot.realtime.clock [robot-continuous-jog] clock.py:107 | jog-cartesian 循环滞后 19.5 ms（超过一个控制周期 5.0 ms）
2026-08-07 16:16:29,277 WARNING robot.realtime.clock [robot-continuous-jog] clock.py:107 | jog-cartesian 循环滞后 17.5 ms（超过一个控制周期 5.0 ms）
2026-08-07 16:16:29,280 WARNING robot.realtime.clock [robot-continuous-jog] clock.py:107 | jog-cartesian 循环滞后 15.1 ms（超过一个控制周期 5.0 ms）
2026-08-07 16:16:29,282 WARNING robot.realtime.clock [robot-continuous-jog] clock.py:107 | jog-cartesian 循环滞后 12.5 ms（超过一个控制周期 5.0 ms）
2026-08-07 16:16:29,284 WARNING robot.realtime.clock [robot-continuous-jog] clock.py:107 | jog-cartesian 循环滞后 9.4 ms（超过一个控制周期 5.0 ms）
2026-08-07 16:16:29,286 WARNING robot.realtime.clock [robot-continuous-jog] clock.py:107 | jog-cartesian 循环滞后 6.3 ms（超过一个控制周期 5.0 ms）
2026-08-07 16:16:29,331 WARNING robot.realtime.clock [robot-continuous-jog] clock.py:107 | jog-cartesian 循环滞后 5.8 ms（超过一个控制周期 5.0 ms）
2026-08-07 16:16:29,336 WARNING robot.realtime.clock [robot-continuous-jog] clock.py:107 | jog-cartesian 循环滞后 6.4 ms（超过一个控制周期 5.0 ms）
2026-08-07 16:16:29,340 WARNING robot.realtime.clock [robot-continuous-jog] clock.py:107 | jog-cartesian 循环滞后 5.5 ms（超过一个控制周期 5.0 ms）
2026-08-07 16:16:29,400 WARNING robot.realtime.clock [robot-continuous-jog] clock.py:107 | jog-cartesian 循环滞后 5.5 ms（超过一个控制周期 5.0 ms）
2026-08-07 16:16:29,431 WARNING robot.realtime.clock [robot-continuous-jog] clock.py:107 | jog-cartesian 循环滞后 5.8 ms（超过一个控制周期 5.0 ms）
2026-08-07 16:16:29,442 WARNING robot.realtime.clock [robot-continuous-jog] clock.py:107 | jog-cartesian 循环滞后 12.1 ms（超过一个控制周期 5.0 ms）
2026-08-07 16:16:29,451 WARNING robot.realtime.clock [robot-continuous-jog] clock.py:107 | jog-cartesian 循环滞后 16.7 ms（超过一个控制周期 5.0 ms）
2026-08-07 16:16:29,457 WARNING robot.realtime.clock [robot-continuous-jog] clock.py:107 | jog-cartesian 循环滞后 16.8 ms（超过一个控制周期 5.0 ms）
2026-08-07 16:16:29,462 WARNING robot.realtime.clock [robot-continuous-jog] clock.py:107 | jog-cartesian 循环滞后 17.5 ms（超过一个控制周期 5.0 ms）
2026-08-07 16:16:29,465 WARNING robot.realtime.clock [robot-continuous-jog] clock.py:107 | jog-cartesian 循环滞后 14.8 ms（超过一个控制周期 5.0 ms）
2026-08-07 16:16:29,468 WARNING robot.realtime.clock [robot-continuous-jog] clock.py:107 | jog-cartesian 循环滞后 12.9 ms（超过一个控制周期 5.0 ms）
2026-08-07 16:16:29,472 WARNING robot.realtime.clock [robot-continuous-jog] clock.py:107 | jog-cartesian 循环滞后 12.2 ms（超过一个控制周期 5.0 ms）
2026-08-07 16:16:29,481 WARNING robot.realtime.clock [robot-continuous-jog] clock.py:107 | jog-cartesian 循环滞后 16.2 ms（超过一个控制周期 5.0 ms）
2026-08-07 16:16:29,488 WARNING robot.realtime.clock [robot-continuous-jog] clock.py:107 | jog-cartesian 循环滞后 17.8 ms（超过一个控制周期 5.0 ms）
2026-08-07 16:16:29,491 WARNING robot.realtime.clock [robot-continuous-jog] clock.py:107 | jog-cartesian 循环滞后 16.6 ms（超过一个控制周期 5.0 ms）
2026-08-07 16:16:29,497 WARNING robot.realtime.clock [robot-continuous-jog] clock.py:107 | jog-cartesian 循环滞后 17.0 ms（超过一个控制周期 5.0 ms）
2026-08-07 16:16:29,500 WARNING robot.realtime.clock [robot-continuous-jog] clock.py:107 | jog-cartesian 循环滞后 15.5 ms（超过一个控制周期 5.0 ms）
2026-08-07 16:16:29,503 WARNING robot.realtime.clock [robot-continuous-jog] clock.py:107 | jog-cartesian 循环滞后 13.3 ms（超过一个控制周期 5.0 ms）
2026-08-07 16:16:29,506 WARNING robot.realtime.clock [robot-continuous-jog] clock.py:107 | jog-cartesian 循环滞后 11.5 ms（超过一个控制周期 5.0 ms）
2026-08-07 16:16:29,509 WARNING robot.realtime.clock [robot-continuous-jog] clock.py:107 | jog-cartesian 循环滞后 9.6 ms（超过一个控制周期 5.0 ms）
2026-08-07 16:16:29,512 WARNING robot.realtime.clock [robot-continuous-jog] clock.py:107 | jog-cartesian 循环滞后 7.4 ms（超过一个控制周期 5.0 ms）
2026-08-07 16:16:29,605 WARNING robot.realtime.clock [robot-continuous-jog] clock.py:107 | jog-cartesian 循环滞后 5.2 ms（超过一个控制周期 5.0 ms）
2026-08-07 16:16:29,610 WARNING robot.realtime.clock [robot-continuous-jog] clock.py:107 | jog-cartesian 循环滞后 5.3 ms（超过一个控制周期 5.0 ms）
2026-08-07 16:16:29,632 WARNING robot.realtime.clock [robot-continuous-jog] clock.py:107 | jog-cartesian 循环滞后 7.2 ms（超过一个控制周期 5.0 ms）
2026-08-07 16:16:29,635 WARNING robot.realtime.clock [robot-continuous-jog] clock.py:107 | jog-cartesian 循环滞后 5.1 ms（超过一个控制周期 5.0 ms）
2026-08-07 16:16:29,672 WARNING robot.realtime.clock [robot-continuous-jog] clock.py:107 | jog-cartesian 循环滞后 6.8 ms（超过一个控制周期 5.0 ms）
2026-08-07 16:16:29,675 WARNING robot.realtime.clock [robot-continuous-jog] clock.py:107 | jog-cartesian 循环滞后 5.3 ms（超过一个控制周期 5.0 ms）
2026-08-07 16:16:29,839 WARNING robot.realtime.clock [robot-continuous-jog] clock.py:107 | jog-cartesian 循环滞后 9.0 ms（超过一个控制周期 5.0 ms）
2026-08-07 16:16:29,849 WARNING robot.realtime.clock [robot-continuous-jog] clock.py:107 | jog-cartesian 循环滞后 14.1 ms（超过一个控制周期 5.0 ms）
2026-08-07 16:16:29,859 WARNING robot.realtime.clock [robot-continuous-jog] clock.py:107 | jog-cartesian 循环滞后 18.8 ms（超过一个控制周期 5.0 ms）
2026-08-07 16:16:29,865 WARNING robot.realtime.clock [robot-continuous-jog] clock.py:107 | jog-cartesian 循环滞后 20.4 ms（超过一个控制周期 5.0 ms）
2026-08-07 16:16:29,876 WARNING robot.realtime.clock [robot-continuous-jog] clock.py:107 | jog-cartesian 循环滞后 26.1 ms（超过一个控制周期 5.0 ms）
2026-08-07 16:16:29,880 WARNING robot.realtime.clock [robot-continuous-jog] clock.py:107 | jog-cartesian 循环滞后 25.2 ms（超过一个控制周期 5.0 ms）
2026-08-07 16:16:29,885 WARNING robot.realtime.clock [robot-continuous-jog] clock.py:107 | jog-cartesian 循环滞后 25.5 ms（超过一个控制周期 5.0 ms）
2026-08-07 16:16:29,889 WARNING robot.realtime.clock [robot-continuous-jog] clock.py:107 | jog-cartesian 循环滞后 23.7 ms（超过一个控制周期 5.0 ms）
2026-08-07 16:16:29,893 WARNING robot.realtime.clock [robot-continuous-jog] clock.py:107 | jog-cartesian 循环滞后 23.6 ms（超过一个控制周期 5.0 ms）
2026-08-07 16:16:29,907 WARNING robot.realtime.clock [robot-continuous-jog] clock.py:107 | jog-cartesian 循环滞后 32.6 ms（超过一个控制周期 5.0 ms）
2026-08-07 16:16:29,912 WARNING robot.realtime.clock [robot-continuous-jog] clock.py:107 | jog-cartesian 循环滞后 32.3 ms（超过一个控制周期 5.0 ms）
2026-08-07 16:16:29,920 WARNING robot.realtime.clock [robot-continuous-jog] clock.py:107 | jog-cartesian 循环滞后 35.5 ms（超过一个控制周期 5.0 ms）
2026-08-07 16:16:29,924 WARNING robot.realtime.clock [robot-continuous-jog] clock.py:107 | jog-cartesian 循环滞后 34.6 ms（超过一个控制周期 5.0 ms）
2026-08-07 16:16:29,929 WARNING robot.realtime.clock [robot-continuous-jog] clock.py:107 | jog-cartesian 循环滞后 34.0 ms（超过一个控制周期 5.0 ms）
2026-08-07 16:16:29,947 WARNING robot.realtime.clock [robot-continuous-jog] clock.py:107 | jog-cartesian 循环滞后 46.9 ms（超过一个控制周期 5.0 ms）
2026-08-07 16:16:29,953 WARNING robot.realtime.clock [robot-continuous-jog] clock.py:107 | jog-cartesian 循环滞后 48.1 ms（超过一个控制周期 5.0 ms）
2026-08-07 16:16:29,956 WARNING robot.realtime.clock [robot-continuous-jog] clock.py:107 | jog-cartesian 循环滞后 46.6 ms（超过一个控制周期 5.0 ms）
2026-08-07 16:16:29,961 WARNING robot.realtime.clock [robot-continuous-jog] clock.py:107 | jog-cartesian 循环滞后 46.6 ms（超过一个控制周期 5.0 ms）
2026-08-07 16:16:29,968 WARNING robot.realtime.clock [robot-continuous-jog] clock.py:107 | jog-cartesian 循环滞后 48.3 ms（超过一个控制周期 5.0 ms）
2026-08-07 16:16:29,981 WARNING robot.realtime.clock [robot-continuous-jog] clock.py:107 | jog-cartesian 循环滞后 56.5 ms（超过一个控制周期 5.0 ms）
2026-08-07 16:16:29,992 WARNING robot.realtime.clock [robot-continuous-jog] clock.py:107 | jog-cartesian 循环滞后 62.0 ms（超过一个控制周期 5.0 ms）
2026-08-07 16:16:30,000 WARNING robot.realtime.clock [robot-continuous-jog] clock.py:107 | jog-cartesian 循环滞后 65.0 ms（超过一个控制周期 5.0 ms）
2026-08-07 16:16:30,005 WARNING robot.realtime.clock [robot-continuous-jog] clock.py:107 | jog-cartesian 循环滞后 65.7 ms（超过一个控制周期 5.0 ms）
2026-08-07 16:16:30,010 WARNING robot.realtime.clock [robot-continuous-jog] clock.py:107 | jog-cartesian 循环滞后 65.3 ms（超过一个控制周期 5.0 ms）
2026-08-07 16:16:30,015 WARNING robot.realtime.clock [robot-continuous-jog] clock.py:107 | jog-cartesian 循环滞后 64.8 ms（超过一个控制周期 5.0 ms）
2026-08-07 16:16:30,020 WARNING robot.realtime.clock [robot-continuous-jog] clock.py:107 | jog-cartesian 循环滞后 65.3 ms（超过一个控制周期 5.0 ms）
2026-08-07 16:16:30,024 WARNING robot.realtime.clock [robot-continuous-jog] clock.py:107 | jog-cartesian 循环滞后 64.3 ms（超过一个控制周期 5.0 ms）
2026-08-07 16:16:30,028 WARNING robot.realtime.clock [robot-continuous-jog] clock.py:107 | jog-cartesian 循环滞后 63.0 ms（超过一个控制周期 5.0 ms）
2026-08-07 16:16:30,031 WARNING robot.realtime.clock [robot-continuous-jog] clock.py:107 | jog-cartesian 循环滞后 60.9 ms（超过一个控制周期 5.0 ms）
2026-08-07 16:16:30,033 WARNING robot.realtime.clock [robot-continuous-jog] clock.py:107 | jog-cartesian 循环滞后 57.8 ms（超过一个控制周期 5.0 ms）
2026-08-07 16:16:30,034 WARNING robot.realtime.clock [robot-continuous-jog] clock.py:107 | jog-cartesian 循环滞后 54.4 ms（超过一个控制周期 5.0 ms）
2026-08-07 16:16:30,036 WARNING robot.realtime.clock [robot-continuous-jog] clock.py:107 | jog-cartesian 循环滞后 50.9 ms（超过一个控制周期 5.0 ms）
2026-08-07 16:16:30,037 WARNING robot.realtime.clock [robot-continuous-jog] clock.py:107 | jog-cartesian 循环滞后 47.3 ms（超过一个控制周期 5.0 ms）
2026-08-07 16:16:30,040 WARNING robot.realtime.clock [robot-continuous-jog] clock.py:107 | jog-cartesian 循环滞后 45.6 ms（超过一个控制周期 5.0 ms）
2026-08-07 16:16:30,042 WARNING robot.realtime.clock [robot-continuous-jog] clock.py:107 | jog-cartesian 循环滞后 42.7 ms（超过一个控制周期 5.0 ms）
2026-08-07 16:16:30,045 WARNING robot.realtime.clock [robot-continuous-jog] clock.py:107 | jog-cartesian 循环滞后 40.0 ms（超过一个控制周期 5.0 ms）
2026-08-07 16:16:30,047 WARNING robot.realtime.clock [robot-continuous-jog] clock.py:107 | jog-cartesian 循环滞后 37.7 ms（超过一个控制周期 5.0 ms）
2026-08-07 16:16:30,050 WARNING robot.realtime.clock [robot-continuous-jog] clock.py:107 | jog-cartesian 循环滞后 35.1 ms（超过一个控制周期 5.0 ms）
2026-08-07 16:16:30,053 WARNING robot.realtime.clock [robot-continuous-jog] clock.py:107 | jog-cartesian 循环滞后 33.0 ms（超过一个控制周期 5.0 ms）
2026-08-07 16:16:30,056 WARNING robot.realtime.clock [robot-continuous-jog] clock.py:107 | jog-cartesian 循环滞后 30.8 ms（超过一个控制周期 5.0 ms）
2026-08-07 16:16:30,058 WARNING robot.realtime.clock [robot-continuous-jog] clock.py:107 | jog-cartesian 循环滞后 28.3 ms（超过一个控制周期 5.0 ms）
2026-08-07 16:16:30,060 WARNING robot.realtime.clock [robot-continuous-jog] clock.py:107 | jog-cartesian 循环滞后 25.5 ms（超过一个控制周期 5.0 ms）
2026-08-07 16:16:30,063 WARNING robot.realtime.clock [robot-continuous-jog] clock.py:107 | jog-cartesian 循环滞后 22.7 ms（超过一个控制周期 5.0 ms）
2026-08-07 16:16:30,064 WARNING robot.realtime.clock [robot-continuous-jog] clock.py:107 | jog-cartesian 循环滞后 19.7 ms（超过一个控制周期 5.0 ms）
2026-08-07 16:16:30,066 WARNING robot.realtime.clock [robot-continuous-jog] clock.py:107 | jog-cartesian 循环滞后 16.5 ms（超过一个控制周期 5.0 ms）
2026-08-07 16:16:30,068 WARNING robot.realtime.clock [robot-continuous-jog] clock.py:107 | jog-cartesian 循环滞后 13.1 ms（超过一个控制周期 5.0 ms）
2026-08-07 16:16:30,069 WARNING robot.realtime.clock [robot-continuous-jog] clock.py:107 | jog-cartesian 循环滞后 9.5 ms（超过一个控制周期 5.0 ms）
2026-08-07 16:16:30,071 WARNING robot.realtime.clock [robot-continuous-jog] clock.py:107 | jog-cartesian 循环滞后 5.8 ms（超过一个控制周期 5.0 ms）
2026-08-07 16:16:30,115 WARNING robot.realtime.clock [robot-continuous-jog] clock.py:107 | jog-cartesian 循环滞后 5.2 ms（超过一个控制周期 5.0 ms）
2026-08-07 16:16:30,121 WARNING robot.realtime.clock [robot-continuous-jog] clock.py:107 | jog-cartesian 循环滞后 6.2 ms（超过一个控制周期 5.0 ms）
2026-08-07 16:16:30,126 WARNING robot.realtime.clock [robot-continuous-jog] clock.py:107 | jog-cartesian 循环滞后 6.5 ms（超过一个控制周期 5.0 ms）
2026-08-07 16:16:30,133 WARNING robot.realtime.clock [robot-continuous-jog] clock.py:107 | jog-cartesian 循环滞后 7.8 ms（超过一个控制周期 5.0 ms）
2026-08-07 16:16:30,146 WARNING robot.realtime.clock [robot-continuous-jog] clock.py:107 | jog-cartesian 循环滞后 16.4 ms（超过一个控制周期 5.0 ms）
2026-08-07 16:16:30,152 WARNING robot.realtime.clock [robot-continuous-jog] clock.py:107 | jog-cartesian 循环滞后 17.1 ms（超过一个控制周期 5.0 ms）
2026-08-07 16:16:30,155 WARNING robot.realtime.clock [robot-continuous-jog] clock.py:107 | jog-cartesian 循环滞后 15.4 ms（超过一个控制周期 5.0 ms）
2026-08-07 16:16:30,157 WARNING robot.realtime.clock [robot-continuous-jog] clock.py:107 | jog-cartesian 循环滞后 12.6 ms（超过一个控制周期 5.0 ms）
2026-08-07 16:16:30,159 WARNING robot.realtime.clock [robot-continuous-jog] clock.py:107 | jog-cartesian 循环滞后 9.2 ms（超过一个控制周期 5.0 ms）
2026-08-07 16:16:30,161 WARNING robot.realtime.clock [robot-continuous-jog] clock.py:107 | jog-cartesian 循环滞后 6.0 ms（超过一个控制周期 5.0 ms）
2026-08-07 16:16:30,315 WARNING robot.realtime.clock [robot-continuous-jog] clock.py:107 | jog-cartesian 循环滞后 5.7 ms（超过一个控制周期 5.0 ms）
2026-08-07 16:16:30,321 WARNING robot.realtime.clock [robot-continuous-jog] clock.py:107 | jog-cartesian 循环滞后 6.5 ms（超过一个控制周期 5.0 ms）
2026-08-07 16:16:30,326 WARNING robot.realtime.clock [robot-continuous-jog] clock.py:107 | jog-cartesian 循环滞后 6.2 ms（超过一个控制周期 5.0 ms）
2026-08-07 16:16:30,330 WARNING robot.realtime.clock [robot-continuous-jog] clock.py:107 | jog-cartesian 循环滞后 5.1 ms（超过一个控制周期 5.0 ms）
2026-08-07 16:16:30,449 WARNING robot.realtime.clock [robot-continuous-jog] clock.py:107 | jog-cartesian 循环滞后 9.5 ms（超过一个控制周期 5.0 ms）
2026-08-07 16:16:30,459 WARNING robot.realtime.clock [robot-continuous-jog] clock.py:107 | jog-cartesian 循环滞后 14.5 ms（超过一个控制周期 5.0 ms）
2026-08-07 16:16:30,469 WARNING robot.realtime.clock [robot-continuous-jog] clock.py:107 | jog-cartesian 循环滞后 19.3 ms（超过一个控制周期 5.0 ms）
2026-08-07 16:16:30,486 WARNING robot.realtime.clock [robot-continuous-jog] clock.py:107 | jog-cartesian 循环滞后 30.8 ms（超过一个控制周期 5.0 ms）
2026-08-07 16:16:30,489 WARNING robot.realtime.clock [robot-continuous-jog] clock.py:107 | jog-cartesian 循环滞后 29.5 ms（超过一个控制周期 5.0 ms）
2026-08-07 16:16:30,491 WARNING robot.realtime.clock [robot-continuous-jog] clock.py:107 | jog-cartesian 循环滞后 26.4 ms（超过一个控制周期 5.0 ms）
2026-08-07 16:16:30,495 WARNING robot.realtime.clock [robot-continuous-jog] clock.py:107 | jog-cartesian 循环滞后 25.2 ms（超过一个控制周期 5.0 ms）
2026-08-07 16:16:30,514 WARNING robot.realtime.clock [robot-continuous-jog] clock.py:107 | jog-cartesian 循环滞后 39.2 ms（超过一个控制周期 5.0 ms）
2026-08-07 16:16:30,520 WARNING robot.realtime.clock [robot-continuous-jog] clock.py:107 | jog-cartesian 循环滞后 40.6 ms（超过一个控制周期 5.0 ms）
2026-08-07 16:16:30,525 WARNING robot.realtime.clock [robot-continuous-jog] clock.py:107 | jog-cartesian 循环滞后 40.5 ms（超过一个控制周期 5.0 ms）
2026-08-07 16:16:30,529 WARNING robot.realtime.clock [robot-continuous-jog] clock.py:107 | jog-cartesian 循环滞后 39.5 ms（超过一个控制周期 5.0 ms）
2026-08-07 16:16:30,535 WARNING robot.realtime.clock [robot-continuous-jog] clock.py:107 | jog-cartesian 循环滞后 40.2 ms（超过一个控制周期 5.0 ms）
2026-08-07 16:16:30,538 WARNING robot.realtime.clock [robot-continuous-jog] clock.py:107 | jog-cartesian 循环滞后 38.0 ms（超过一个控制周期 5.0 ms）
2026-08-07 16:16:30,539 WARNING robot.realtime.clock [robot-continuous-jog] clock.py:107 | jog-cartesian 循环滞后 34.6 ms（超过一个控制周期 5.0 ms）
2026-08-07 16:16:30,542 WARNING robot.realtime.clock [robot-continuous-jog] clock.py:107 | jog-cartesian 循环滞后 31.8 ms（超过一个控制周期 5.0 ms）
2026-08-07 16:16:30,545 WARNING robot.realtime.clock [robot-continuous-jog] clock.py:107 | jog-cartesian 循环滞后 30.2 ms（超过一个控制周期 5.0 ms）
2026-08-07 16:16:30,548 WARNING robot.realtime.clock [robot-continuous-jog] clock.py:107 | jog-cartesian 循环滞后 28.0 ms（超过一个控制周期 5.0 ms）
2026-08-07 16:16:30,550 WARNING robot.realtime.clock [robot-continuous-jog] clock.py:107 | jog-cartesian 循环滞后 25.2 ms（超过一个控制周期 5.0 ms）
2026-08-07 16:16:30,552 WARNING robot.realtime.clock [robot-continuous-jog] clock.py:107 | jog-cartesian 循环滞后 21.8 ms（超过一个控制周期 5.0 ms）
2026-08-07 16:16:30,553 WARNING robot.realtime.clock [robot-continuous-jog] clock.py:107 | jog-cartesian 循环滞后 18.4 ms（超过一个控制周期 5.0 ms）
2026-08-07 16:16:30,555 WARNING robot.realtime.clock [robot-continuous-jog] clock.py:107 | jog-cartesian 循环滞后 15.2 ms（超过一个控制周期 5.0 ms）
2026-08-07 16:16:30,557 WARNING robot.realtime.clock [robot-continuous-jog] clock.py:107 | jog-cartesian 循环滞后 11.8 ms（超过一个控制周期 5.0 ms）
2026-08-07 16:16:30,558 WARNING robot.realtime.clock [robot-continuous-jog] clock.py:107 | jog-cartesian 循环滞后 8.2 ms（超过一个控制周期 5.0 ms）
2026-08-07 16:16:30,651 WARNING robot.realtime.clock [robot-continuous-jog] clock.py:107 | jog-cartesian 循环滞后 11.0 ms（超过一个控制周期 5.0 ms）
2026-08-07 16:16:30,658 WARNING robot.realtime.clock [robot-continuous-jog] clock.py:107 | jog-cartesian 循环滞后 13.1 ms（超过一个控制周期 5.0 ms）
2026-08-07 16:16:30,661 WARNING robot.realtime.clock [robot-continuous-jog] clock.py:107 | jog-cartesian 循环滞后 11.5 ms（超过一个控制周期 5.0 ms）
2026-08-07 16:16:30,664 WARNING robot.realtime.clock [robot-continuous-jog] clock.py:107 | jog-cartesian 循环滞后 9.0 ms（超过一个控制周期 5.0 ms）
2026-08-07 16:16:30,667 WARNING robot.realtime.clock [robot-continuous-jog] clock.py:107 | jog-cartesian 循环滞后 7.1 ms（超过一个控制周期 5.0 ms）
2026-08-07 16:16:30,671 WARNING robot.realtime.clock [robot-continuous-jog] clock.py:107 | jog-cartesian 循环滞后 5.8 ms（超过一个控制周期 5.0 ms）
2026-08-07 16:16:30,683 WARNING robot.realtime.clock [robot-continuous-jog] clock.py:107 | jog-cartesian 循环滞后 8.2 ms（超过一个控制周期 5.0 ms）
2026-08-07 16:16:30,688 WARNING robot.realtime.clock [robot-continuous-jog] clock.py:107 | jog-cartesian 循环滞后 8.5 ms（超过一个控制周期 5.0 ms）
2026-08-07 16:16:30,693 WARNING robot.realtime.clock [robot-continuous-jog] clock.py:107 | jog-cartesian 循环滞后 7.8 ms（超过一个控制周期 5.0 ms）
2026-08-07 16:16:30,696 WARNING robot.realtime.clock [robot-continuous-jog] clock.py:107 | jog-cartesian 循环滞后 6.3 ms（超过一个控制周期 5.0 ms）
2026-08-07 16:16:30,700 WARNING robot.realtime.clock [robot-continuous-jog] clock.py:107 | jog-cartesian 循环滞后 5.1 ms（超过一个控制周期 5.0 ms）
2026-08-07 16:16:30,717 WARNING robot.realtime.clock [robot-continuous-jog] clock.py:107 | jog-cartesian 循环滞后 7.3 ms（超过一个控制周期 5.0 ms）
2026-08-07 16:16:30,727 WARNING robot.realtime.clock [robot-continuous-jog] clock.py:107 | jog-cartesian 循环滞后 12.0 ms（超过一个控制周期 5.0 ms）
2026-08-07 16:16:30,736 WARNING robot.realtime.clock [robot-continuous-jog] clock.py:107 | jog-cartesian 循环滞后 15.7 ms（超过一个控制周期 5.0 ms）
2026-08-07 16:16:30,751 WARNING robot.realtime.clock [robot-continuous-jog] clock.py:107 | jog-cartesian 循环滞后 26.3 ms（超过一个控制周期 5.0 ms）
2026-08-07 16:16:30,774 WARNING robot.realtime.clock [robot-continuous-jog] clock.py:107 | jog-cartesian 循环滞后 44.2 ms（超过一个控制周期 5.0 ms）
2026-08-07 16:16:30,791 WARNING robot.realtime.clock [robot-continuous-jog] clock.py:107 | jog-cartesian 循环滞后 56.0 ms（超过一个控制周期 5.0 ms）
2026-08-07 16:16:30,794 WARNING robot.realtime.clock [robot-continuous-jog] clock.py:107 | jog-cartesian 循环滞后 53.9 ms（超过一个控制周期 5.0 ms）
2026-08-07 16:16:30,796 WARNING robot.realtime.clock [robot-continuous-jog] clock.py:107 | jog-cartesian 循环滞后 50.9 ms（超过一个控制周期 5.0 ms）
2026-08-07 16:16:30,798 WARNING robot.realtime.clock [robot-continuous-jog] clock.py:107 | jog-cartesian 循环滞后 47.8 ms（超过一个控制周期 5.0 ms）
2026-08-07 16:16:30,799 WARNING robot.realtime.clock [robot-continuous-jog] clock.py:107 | jog-cartesian 循环滞后 44.3 ms（超过一个控制周期 5.0 ms）
2026-08-07 16:16:30,800 WARNING robot.realtime.clock [robot-continuous-jog] clock.py:107 | jog-cartesian 循环滞后 40.7 ms（超过一个控制周期 5.0 ms）
2026-08-07 16:16:30,802 WARNING robot.realtime.clock [robot-continuous-jog] clock.py:107 | jog-cartesian 循环滞后 37.0 ms（超过一个控制周期 5.0 ms）
2026-08-07 16:16:30,803 WARNING robot.realtime.clock [robot-continuous-jog] clock.py:107 | jog-cartesian 循环滞后 33.5 ms（超过一个控制周期 5.0 ms）
2026-08-07 16:16:30,805 WARNING robot.realtime.clock [robot-continuous-jog] clock.py:107 | jog-cartesian 循环滞后 29.9 ms（超过一个控制周期 5.0 ms）
2026-08-07 16:16:30,806 WARNING robot.realtime.clock [robot-continuous-jog] clock.py:107 | jog-cartesian 循环滞后 26.4 ms（超过一个控制周期 5.0 ms）
2026-08-07 16:16:30,808 WARNING robot.realtime.clock [robot-continuous-jog] clock.py:107 | jog-cartesian 循环滞后 22.8 ms（超过一个控制周期 5.0 ms）
2026-08-07 16:16:30,809 WARNING robot.realtime.clock [robot-continuous-jog] clock.py:107 | jog-cartesian 循环滞后 19.4 ms（超过一个控制周期 5.0 ms）
2026-08-07 16:16:30,813 WARNING robot.realtime.clock [robot-continuous-jog] clock.py:107 | jog-cartesian 循环滞后 17.9 ms（超过一个控制周期 5.0 ms）
2026-08-07 16:16:30,815 WARNING robot.realtime.clock [robot-continuous-jog] clock.py:107 | jog-cartesian 循环滞后 15.6 ms（超过一个控制周期 5.0 ms）
2026-08-07 16:16:30,818 WARNING robot.realtime.clock [robot-continuous-jog] clock.py:107 | jog-cartesian 循环滞后 13.5 ms（超过一个控制周期 5.0 ms）
2026-08-07 16:16:30,820 WARNING robot.realtime.clock [robot-continuous-jog] clock.py:107 | jog-cartesian 循环滞后 10.5 ms（超过一个控制周期 5.0 ms）
2026-08-07 16:16:30,822 WARNING robot.realtime.clock [robot-continuous-jog] clock.py:107 | jog-cartesian 循环滞后 7.6 ms（超过一个控制周期 5.0 ms）
2026-08-07 16:16:30,890 WARNING robot.realtime.clock [robot-continuous-jog] clock.py:107 | jog-cartesian 循环滞后 10.5 ms（超过一个控制周期 5.0 ms）
2026-08-07 16:16:30,900 WARNING robot.realtime.clock [robot-continuous-jog] clock.py:107 | jog-cartesian 循环滞后 15.2 ms（超过一个控制周期 5.0 ms）
2026-08-07 16:16:30,907 WARNING robot.realtime.clock [robot-continuous-jog] clock.py:107 | jog-cartesian 循环滞后 17.6 ms（超过一个控制周期 5.0 ms）
2026-08-07 16:16:30,916 WARNING robot.realtime.clock [robot-continuous-jog] clock.py:107 | jog-cartesian 循环滞后 21.3 ms（超过一个控制周期 5.0 ms）
2026-08-07 16:16:30,919 WARNING robot.realtime.clock [robot-continuous-jog] clock.py:107 | jog-cartesian 循环滞后 19.1 ms（超过一个控制周期 5.0 ms）
2026-08-07 16:16:30,921 WARNING robot.realtime.clock [robot-continuous-jog] clock.py:107 | jog-cartesian 循环滞后 15.7 ms（超过一个控制周期 5.0 ms）
2026-08-07 16:16:30,923 WARNING robot.realtime.clock [robot-continuous-jog] clock.py:107 | jog-cartesian 循环滞后 12.7 ms（超过一个控制周期 5.0 ms）
2026-08-07 16:16:30,925 WARNING robot.realtime.clock [robot-continuous-jog] clock.py:107 | jog-cartesian 循环滞后 10.0 ms（超过一个控制周期 5.0 ms）
2026-08-07 16:16:30,928 WARNING robot.realtime.clock [robot-continuous-jog] clock.py:107 | jog-cartesian 循环滞后 7.9 ms（超过一个控制周期 5.0 ms）
2026-08-07 16:16:30,931 WARNING robot.realtime.clock [robot-continuous-jog] clock.py:107 | jog-cartesian 循环滞后 6.1 ms（超过一个控制周期 5.0 ms）
